{
  "format_version": "1.12.0",
  "minecraft:geometry": [
    {
      "description": {
        "identifier": "geometry.armor_public",
        "texture_width": 32,
        "texture_height": 32,
        "visible_bounds_width": 3,
        "visible_bounds_height": 3.5,
        "visible_bounds_offset": [
          0,
          1.25,
          0
        ]
      },
      "bones": [
        {
          "name": "body",
          "pivot": [
            0,
            24,
            0
          ],
          "cubes": [
            {
              "origin": [
                -4.0,
                12.0,
                -2.0
              ],
              "size": [
                8.0,
                12.0,
                4.0
              ],
              "uv": [
                0,
                0
              ],
              "inflate": 0.6
            }
          ]
        },
        {
          "name": "leftArm",
          "pivot": [
            6,
            22,
            0
          ],
          "cubes": [
            {
              "origin": [
                5.0,
                17.0,
                -2.0
              ],
              "size": [
                4.0,
                7.0,
                4.0
              ],
              "uv": [
                16,
                16
              ],
              "inflate": 0.5
            }
          ]
        },
        {
          "name": "rightArm",
          "pivot": [
            -6,
            22,
            0
          ],
          "cubes": [
            {
              "origin": [
                -9.0,
                17.0,
                -2.0
              ],
              "size": [
                4.0,
                7.0,
                4.0
              ],
              "uv": [
                0,
                16
              ],
              "inflate": 0.5
            }
          ]
        }
      ]
    }
  ]
}