{
  "format_version": "1.12.0",
  "minecraft:geometry": [
    {
      "description": {
        "identifier": "geometry.block_astronaut_under",
        "texture_width": 64,
        "texture_height": 64,
        "visible_bounds_width": 2,
        "visible_bounds_height": 2.5,
        "visible_bounds_offset": [
          0,
          0.75,
          0
        ]
      },
      "bones": [
        {
          "name": "bb_main",
          "cubes": [
            {
              "origin": [
                -1.0,
                2.0,
                -1.0
              ],
              "size": [
                5.0,
                13.0,
                5.0
              ],
              "uv": [
                20,
                7
              ],
              "inflate": 0
            },
            {
              "origin": [
                -7.0,
                2.0,
                -1.0
              ],
              "size": [
                5.0,
                13.0,
                5.0
              ],
              "uv": [
                0,
                7
              ],
              "inflate": 0
            },
            {
              "origin": [
                -7.0,
                0.0,
                -1.0
              ],
              "size": [
                11.0,
                2.0,
                5.0
              ],
              "uv": [
                0,
                0
              ],
              "inflate": 0
            }
          ]
        }
      ]
    }
  ]
}