{
  "format_version": "1.12.0",
  "minecraft:geometry": [
    {
      "description": {
        "identifier": "geometry.block_astronaut_up",
        "texture_width": 128,
        "texture_height": 128,
        "visible_bounds_width": 3,
        "visible_bounds_height": 2.5,
        "visible_bounds_offset": [
          0,
          0.75,
          0
        ]
      },
      "bones": [
        {
          "name": "bb_main",
          "cubes": [
            {
              "origin": [
                -5.0,
                0.0,
                -2.0
              ],
              "size": [
                10.0,
                12.0,
                6.0
              ],
              "uv": [
                0,
                20
              ],
              "inflate": 0
            },
            {
              "origin": [
                -6.0,
                12.0,
                -4.0
              ],
              "size": [
                12.0,
                10.0,
                10.0
              ],
              "uv": [
                0,
                0
              ],
              "inflate": 0
            },
            {
              "origin": [
                -4.0,
                0.0,
                -6.0
              ],
              "size": [
                8.0,
                11.0,
                4.0
              ],
              "uv": [
                32,
                20
              ],
              "inflate": 0
            },
            {
              "origin": [
                5.0,
                7.0,
                2.0
              ],
              "size": [
                3.0,
                3.0,
                9.0
              ],
              "uv": [
                0,
                38
              ],
              "inflate": 0
            },
            {
              "origin": [
                -8.0,
                7.0,
                2.0
              ],
              "size": [
                3.0,
                3.0,
                9.0
              ],
              "uv": [
                23,
                35
              ],
              "inflate": 0
            },
            {
              "origin": [
                -10.0,
                9.0,
                8.0
              ],
              "size": [
                9.0,
                3.0,
                3.0
              ],
              "pivot": [
                0.0,
                0.0,
                0.0
              ],
              "rotation": [
                0.0,
                0.0,
                42.5
              ],
              "uv": [
                44,
                9
              ],
              "inflate": 0
            },
            {
              "origin": [
                -10.0,
                -12.0,
                8.0
              ],
              "size": [
                9.0,
                3.0,
                3.0
              ],
              "pivot": [
                0.0,
                0.0,
                0.0
              ],
              "rotation": [
                0.0,
                0.0,
                135.0
              ],
              "uv": [
                38,
                35
              ],
              "inflate": 0
            },
            {
              "origin": [
                -5.0,
                13.0,
                6.0
              ],
              "size": [
                10.0,
                8.0,
                1.0
              ],
              "uv": [
                34,
                0
              ],
              "inflate": 0
            }
          ]
        }
      ]
    }
  ]
}