{
  "format_version": "1.12.0",
  "minecraft:geometry": [
    {
      "description": {
        "identifier": "geometry.entity_chicken_devil",
        "texture_width": 16,
        "texture_height": 16,
        "visible_bounds_width": 2,
        "visible_bounds_height": 2,
        "visible_bounds_offset": [
          0,
          0,
          0
        ]
      },
      "bones": [
        {
          "name": "root"
        },
        {
          "name": "waist",
          "pivot": [
            0,
            -3,
            0
          ],
          "cubes": [
            {
              "origin": [
                -5.5,
                1.3,
                -1.2
              ],
              "size": [
                0.5,
                0.5,
                0.4
              ],
              "pivot": [
                0.0,
                -3.0,
                0.0
              ],
              "rotation": [
                0.0,
                0.0,
                45.0
              ],
              "uv": {
                "north": {
                  "uv": [
                    5,
                    8
                  ],
                  "uv_size": [
                    1,
                    1
                  ]
                },
                "east": {
                  "uv": [
                    8,
                    5
                  ],
                  "uv_size": [
                    1,
                    1
                  ]
                },
                "south": {
                  "uv": [
                    6,
                    8
                  ],
                  "uv_size": [
                    1,
                    1
                  ]
                },
                "west": {
                  "uv": [
                    8,
                    6
                  ],
                  "uv_size": [
                    1,
                    1
                  ]
                },
                "up": {
                  "uv": [
                    7,
                    8
                  ],
                  "uv_size": [
                    1,
                    1
                  ]
                },
                "down": {
                  "uv": [
                    8,
                    8
                  ],
                  "uv_size": [
                    1,
                    -1
                  ]
                }
              },
              "inflate": 0
            },
            {
              "origin": [
                -0.2,
                3.7,
                -1.2
              ],
              "size": [
                0.5,
                0.5,
                0.4
              ],
              "uv": {
                "north": {
                  "uv": [
                    2,
                    8
                  ],
                  "uv_size": [
                    1,
                    1
                  ]
                },
                "east": {
                  "uv": [
                    8,
                    2
                  ],
                  "uv_size": [
                    1,
                    1
                  ]
                },
                "south": {
                  "uv": [
                    3,
                    8
                  ],
                  "uv_size": [
                    1,
                    1
                  ]
                },
                "west": {
                  "uv": [
                    8,
                    3
                  ],
                  "uv_size": [
                    1,
                    1
                  ]
                },
                "up": {
                  "uv": [
                    4,
                    8
                  ],
                  "uv_size": [
                    1,
                    1
                  ]
                },
                "down": {
                  "uv": [
                    8,
                    5
                  ],
                  "uv_size": [
                    1,
                    -1
                  ]
                }
              },
              "inflate": 0
            },
            {
              "origin": [
                -4.8,
                2.1,
                -1.2
              ],
              "size": [
                0.5,
                0.5,
                0.4
              ],
              "pivot": [
                0.0,
                -3.0,
                0.0
              ],
              "rotation": [
                0.0,
                0.0,
                45.0
              ],
              "uv": {
                "north": {
                  "uv": [
                    7,
                    6
                  ],
                  "uv_size": [
                    1,
                    1
                  ]
                },
                "east": {
                  "uv": [
                    7,
                    7
                  ],
                  "uv_size": [
                    1,
                    1
                  ]
                },
                "south": {
                  "uv": [
                    0,
                    8
                  ],
                  "uv_size": [
                    1,
                    1
                  ]
                },
                "west": {
                  "uv": [
                    8,
                    0
                  ],
                  "uv_size": [
                    1,
                    1
                  ]
                },
                "up": {
                  "uv": [
                    1,
                    8
                  ],
                  "uv_size": [
                    1,
                    1
                  ]
                },
                "down": {
                  "uv": [
                    8,
                    2
                  ],
                  "uv_size": [
                    1,
                    -1
                  ]
                }
              },
              "inflate": 0
            }
          ],
          "parent": "root"
        },
        {
          "name": "body",
          "pivot": [
            0,
            -3,
            0
          ],
          "cubes": [
            {
              "origin": [
                -1.0,
                2.0,
                -1.0
              ],
              "size": [
                2.0,
                2.0,
                2.0
              ],
              "uv": {
                "north": {
                  "uv": [
                    0,
                    0
                  ],
                  "uv_size": [
                    2,
                    2
                  ]
                },
                "east": {
                  "uv": [
                    0,
                    2
                  ],
                  "uv_size": [
                    2,
                    2
                  ]
                },
                "south": {
                  "uv": [
                    2,
                    0
                  ],
                  "uv_size": [
                    2,
                    2
                  ]
                },
                "west": {
                  "uv": [
                    2,
                    2
                  ],
                  "uv_size": [
                    2,
                    2
                  ]
                },
                "up": {
                  "uv": [
                    0,
                    4
                  ],
                  "uv_size": [
                    2,
                    2
                  ]
                },
                "down": {
                  "uv": [
                    4,
                    2
                  ],
                  "uv_size": [
                    2,
                    -2
                  ]
                }
              },
              "inflate": 0
            }
          ],
          "parent": "waist"
        },
        {
          "name": "6",
          "pivot": [
            0,
            -3,
            0
          ],
          "cubes": [
            {
              "origin": [
                -1.8,
                1.0,
                -1.1
              ],
              "size": [
                0.6,
                2.4,
                2.2
              ],
              "pivot": [
                0.0,
                2.7,
                0.1
              ],
              "rotation": [
                0.0,
                0.0,
                25.0
              ],
              "uv": {
                "north": {
                  "uv": [
                    6,
                    0
                  ],
                  "uv_size": [
                    1,
                    2
                  ]
                },
                "east": {
                  "uv": [
                    2,
                    4
                  ],
                  "uv_size": [
                    2,
                    2
                  ]
                },
                "south": {
                  "uv": [
                    2,
                    6
                  ],
                  "uv_size": [
                    1,
                    2
                  ]
                },
                "west": {
                  "uv": [
                    4,
                    2
                  ],
                  "uv_size": [
                    2,
                    2
                  ]
                },
                "up": {
                  "uv": [
                    6,
                    2
                  ],
                  "uv_size": [
                    1,
                    2
                  ]
                },
                "down": {
                  "uv": [
                    3,
                    8
                  ],
                  "uv_size": [
                    1,
                    -2
                  ]
                }
              },
              "inflate": 0
            }
          ],
          "parent": "body"
        },
        {
          "name": "464",
          "pivot": [
            0,
            -3,
            0
          ],
          "cubes": [
            {
              "origin": [
                1.2,
                1.0,
                -1.1
              ],
              "size": [
                0.6,
                2.4,
                2.2
              ],
              "pivot": [
                0.0,
                2.8,
                0.1
              ],
              "rotation": [
                0.0,
                0.0,
                -25.0
              ],
              "uv": {
                "north": {
                  "uv": [
                    4,
                    6
                  ],
                  "uv_size": [
                    1,
                    2
                  ]
                },
                "east": {
                  "uv": [
                    4,
                    4
                  ],
                  "uv_size": [
                    2,
                    2
                  ]
                },
                "south": {
                  "uv": [
                    6,
                    4
                  ],
                  "uv_size": [
                    1,
                    2
                  ]
                },
                "west": {
                  "uv": [
                    0,
                    6
                  ],
                  "uv_size": [
                    2,
                    2
                  ]
                },
                "up": {
                  "uv": [
                    5,
                    6
                  ],
                  "uv_size": [
                    1,
                    2
                  ]
                },
                "down": {
                  "uv": [
                    6,
                    8
                  ],
                  "uv_size": [
                    1,
                    -2
                  ]
                }
              },
              "inflate": 0
            }
          ],
          "parent": "body"
        },
        {
          "name": "7",
          "pivot": [
            0,
            -3,
            0
          ],
          "cubes": [
            {
              "origin": [
                -0.3,
                4.0,
                -0.2
              ],
              "size": [
                0.6,
                0.7,
                0.6
              ],
              "uv": {
                "north": {
                  "uv": [
                    7,
                    0
                  ],
                  "uv_size": [
                    1,
                    1
                  ]
                },
                "east": {
                  "uv": [
                    7,
                    1
                  ],
                  "uv_size": [
                    1,
                    1
                  ]
                },
                "south": {
                  "uv": [
                    7,
                    2
                  ],
                  "uv_size": [
                    1,
                    1
                  ]
                },
                "west": {
                  "uv": [
                    7,
                    3
                  ],
                  "uv_size": [
                    1,
                    1
                  ]
                },
                "up": {
                  "uv": [
                    7,
                    4
                  ],
                  "uv_size": [
                    1,
                    1
                  ]
                },
                "down": {
                  "uv": [
                    7,
                    6
                  ],
                  "uv_size": [
                    1,
                    -1
                  ]
                }
              },
              "inflate": 0
            }
          ],
          "parent": "body"
        },
        {
          "name": "1",
          "pivot": [
            0,
            -3,
            0
          ],
          "cubes": [
            {
              "origin": [
                -1.2,
                0.9,
                0.0
              ],
              "size": [
                0.8,
                1.4,
                0.8
              ],
              "pivot": [
                0.0,
                1.3,
                0.0
              ],
              "rotation": [
                35.0,
                0.0,
                0.0
              ],
              "uv": {
                "north": {
                  "uv": [
                    8,
                    8
                  ],
                  "uv_size": [
                    1,
                    1
                  ]
                },
                "east": {
                  "uv": [
                    0,
                    9
                  ],
                  "uv_size": [
                    1,
                    1
                  ]
                },
                "south": {
                  "uv": [
                    9,
                    0
                  ],
                  "uv_size": [
                    1,
                    1
                  ]
                },
                "west": {
                  "uv": [
                    1,
                    9
                  ],
                  "uv_size": [
                    1,
                    1
                  ]
                },
                "up": {
                  "uv": [
                    9,
                    1
                  ],
                  "uv_size": [
                    1,
                    1
                  ]
                },
                "down": {
                  "uv": [
                    2,
                    10
                  ],
                  "uv_size": [
                    1,
                    -1
                  ]
                }
              },
              "inflate": 0
            },
            {
              "origin": [
                -1.2,
                0.5,
                0.0
              ],
              "size": [
                0.8,
                0.5,
                0.5
              ],
              "pivot": [
                0.0,
                1.3,
                0.0
              ],
              "rotation": [
                35.0,
                0.0,
                0.0
              ],
              "uv": {
                "north": {
                  "uv": [
                    10,
                    3
                  ],
                  "uv_size": [
                    -1,
                    1
                  ]
                },
                "east": {
                  "uv": [
                    5,
                    9
                  ],
                  "uv_size": [
                    -1,
                    1
                  ]
                },
                "south": {
                  "uv": [
                    10,
                    3
                  ],
                  "uv_size": [
                    -1,
                    1
                  ]
                },
                "west": {
                  "uv": [
                    4,
                    9
                  ],
                  "uv_size": [
                    -1,
                    1
                  ]
                },
                "up": {
                  "uv": [
                    10,
                    4
                  ],
                  "uv_size": [
                    -1,
                    1
                  ]
                },
                "down": {
                  "uv": [
                    6,
                    10
                  ],
                  "uv_size": [
                    -1,
                    -1
                  ]
                }
              },
              "inflate": 0
            },
            {
              "origin": [
                -1.1,
                0.3,
                -0.4
              ],
              "size": [
                0.6,
                0.8,
                1.0
              ],
              "pivot": [
                0.0,
                0.6,
                0.0
              ],
              "rotation": [
                32.0,
                0.0,
                0.0
              ],
              "uv": {
                "north": {
                  "uv": [
                    9,
                    8
                  ],
                  "uv_size": [
                    1,
                    1
                  ]
                },
                "east": {
                  "uv": [
                    9,
                    9
                  ],
                  "uv_size": [
                    1,
                    1
                  ]
                },
                "south": {
                  "uv": [
                    0,
                    10
                  ],
                  "uv_size": [
                    1,
                    1
                  ]
                },
                "west": {
                  "uv": [
                    10,
                    0
                  ],
                  "uv_size": [
                    1,
                    1
                  ]
                },
                "up": {
                  "uv": [
                    1,
                    10
                  ],
                  "uv_size": [
                    1,
                    1
                  ]
                },
                "down": {
                  "uv": [
                    10,
                    2
                  ],
                  "uv_size": [
                    1,
                    -1
                  ]
                }
              },
              "inflate": 0
            },
            {
              "origin": [
                -0.9,
                0.0,
                -0.7
              ],
              "size": [
                0.1,
                0.2,
                0.6
              ],
              "uv": {
                "north": {
                  "uv": [
                    11,
                    3
                  ],
                  "uv_size": [
                    1,
                    1
                  ]
                },
                "east": {
                  "uv": [
                    4,
                    11
                  ],
                  "uv_size": [
                    1,
                    1
                  ]
                },
                "south": {
                  "uv": [
                    11,
                    4
                  ],
                  "uv_size": [
                    1,
                    1
                  ]
                },
                "west": {
                  "uv": [
                    5,
                    11
                  ],
                  "uv_size": [
                    1,
                    1
                  ]
                },
                "up": {
                  "uv": [
                    11,
                    5
                  ],
                  "uv_size": [
                    1,
                    1
                  ]
                },
                "down": {
                  "uv": [
                    6,
                    12
                  ],
                  "uv_size": [
                    1,
                    -1
                  ]
                }
              },
              "inflate": 0
            },
            {
              "origin": [
                -0.7,
                0.0,
                -0.7
              ],
              "size": [
                0.1,
                0.2,
                0.6
              ],
              "uv": {
                "north": {
                  "uv": [
                    2,
                    10
                  ],
                  "uv_size": [
                    1,
                    1
                  ]
                },
                "east": {
                  "uv": [
                    10,
                    2
                  ],
                  "uv_size": [
                    1,
                    1
                  ]
                },
                "south": {
                  "uv": [
                    3,
                    10
                  ],
                  "uv_size": [
                    1,
                    1
                  ]
                },
                "west": {
                  "uv": [
                    10,
                    3
                  ],
                  "uv_size": [
                    1,
                    1
                  ]
                },
                "up": {
                  "uv": [
                    4,
                    10
                  ],
                  "uv_size": [
                    1,
                    1
                  ]
                },
                "down": {
                  "uv": [
                    10,
                    5
                  ],
                  "uv_size": [
                    1,
                    -1
                  ]
                }
              },
              "inflate": 0
            },
            {
              "origin": [
                -1.1,
                0.0,
                -0.7
              ],
              "size": [
                0.1,
                0.2,
                0.6
              ],
              "uv": {
                "north": {
                  "uv": [
                    5,
                    10
                  ],
                  "uv_size": [
                    1,
                    1
                  ]
                },
                "east": {
                  "uv": [
                    10,
                    5
                  ],
                  "uv_size": [
                    1,
                    1
                  ]
                },
                "south": {
                  "uv": [
                    6,
                    10
                  ],
                  "uv_size": [
                    1,
                    1
                  ]
                },
                "west": {
                  "uv": [
                    10,
                    6
                  ],
                  "uv_size": [
                    1,
                    1
                  ]
                },
                "up": {
                  "uv": [
                    7,
                    10
                  ],
                  "uv_size": [
                    1,
                    1
                  ]
                },
                "down": {
                  "uv": [
                    10,
                    8
                  ],
                  "uv_size": [
                    1,
                    -1
                  ]
                }
              },
              "inflate": 0
            }
          ],
          "parent": "waist"
        },
        {
          "name": "bone",
          "pivot": [
            0,
            -3,
            0
          ],
          "parent": "1"
        },
        {
          "name": "2",
          "pivot": [
            0,
            -3,
            0
          ],
          "cubes": [
            {
              "origin": [
                0.4,
                0.9,
                0.0
              ],
              "size": [
                0.8,
                1.4,
                0.8
              ],
              "pivot": [
                0.0,
                1.3,
                0.0
              ],
              "rotation": [
                35.0,
                0.0,
                0.0
              ],
              "uv": {
                "north": {
                  "uv": [
                    9,
                    2
                  ],
                  "uv_size": [
                    1,
                    1
                  ]
                },
                "east": {
                  "uv": [
                    3,
                    9
                  ],
                  "uv_size": [
                    1,
                    1
                  ]
                },
                "south": {
                  "uv": [
                    9,
                    3
                  ],
                  "uv_size": [
                    1,
                    1
                  ]
                },
                "west": {
                  "uv": [
                    4,
                    9
                  ],
                  "uv_size": [
                    1,
                    1
                  ]
                },
                "up": {
                  "uv": [
                    9,
                    4
                  ],
                  "uv_size": [
                    1,
                    1
                  ]
                },
                "down": {
                  "uv": [
                    5,
                    10
                  ],
                  "uv_size": [
                    1,
                    -1
                  ]
                }
              },
              "inflate": 0
            },
            {
              "origin": [
                0.4,
                0.5,
                0.0
              ],
              "size": [
                0.8,
                0.5,
                0.5
              ],
              "pivot": [
                0.0,
                1.3,
                0.0
              ],
              "rotation": [
                35.0,
                0.0,
                0.0
              ],
              "uv": {
                "north": {
                  "uv": [
                    9,
                    2
                  ],
                  "uv_size": [
                    1,
                    1
                  ]
                },
                "east": {
                  "uv": [
                    3,
                    9
                  ],
                  "uv_size": [
                    1,
                    1
                  ]
                },
                "south": {
                  "uv": [
                    9,
                    3
                  ],
                  "uv_size": [
                    1,
                    1
                  ]
                },
                "west": {
                  "uv": [
                    4,
                    9
                  ],
                  "uv_size": [
                    1,
                    1
                  ]
                },
                "up": {
                  "uv": [
                    9,
                    4
                  ],
                  "uv_size": [
                    1,
                    1
                  ]
                },
                "down": {
                  "uv": [
                    5,
                    10
                  ],
                  "uv_size": [
                    1,
                    -1
                  ]
                }
              },
              "inflate": 0
            },
            {
              "origin": [
                0.5,
                0.3,
                -0.4
              ],
              "size": [
                0.6,
                0.8,
                1.0
              ],
              "pivot": [
                0.0,
                0.6,
                0.0
              ],
              "rotation": [
                32.0,
                0.0,
                0.0
              ],
              "uv": {
                "north": {
                  "uv": [
                    10,
                    8
                  ],
                  "uv_size": [
                    -1,
                    1
                  ]
                },
                "east": {
                  "uv": [
                    11,
                    0
                  ],
                  "uv_size": [
                    -1,
                    1
                  ]
                },
                "south": {
                  "uv": [
                    1,
                    10
                  ],
                  "uv_size": [
                    -1,
                    1
                  ]
                },
                "west": {
                  "uv": [
                    10,
                    9
                  ],
                  "uv_size": [
                    -1,
                    1
                  ]
                },
                "up": {
                  "uv": [
                    2,
                    10
                  ],
                  "uv_size": [
                    -1,
                    1
                  ]
                },
                "down": {
                  "uv": [
                    11,
                    2
                  ],
                  "uv_size": [
                    -1,
                    -1
                  ]
                }
              },
              "inflate": 0
            },
            {
              "origin": [
                1.0,
                0.0,
                -0.7
              ],
              "size": [
                0.1,
                0.2,
                0.6
              ],
              "uv": {
                "north": {
                  "uv": [
                    11,
                    6
                  ],
                  "uv_size": [
                    1,
                    1
                  ]
                },
                "east": {
                  "uv": [
                    7,
                    11
                  ],
                  "uv_size": [
                    1,
                    1
                  ]
                },
                "south": {
                  "uv": [
                    11,
                    7
                  ],
                  "uv_size": [
                    1,
                    1
                  ]
                },
                "west": {
                  "uv": [
                    8,
                    11
                  ],
                  "uv_size": [
                    1,
                    1
                  ]
                },
                "up": {
                  "uv": [
                    11,
                    8
                  ],
                  "uv_size": [
                    1,
                    1
                  ]
                },
                "down": {
                  "uv": [
                    9,
                    12
                  ],
                  "uv_size": [
                    1,
                    -1
                  ]
                }
              },
              "inflate": 0
            },
            {
              "origin": [
                0.8,
                0.0,
                -0.7
              ],
              "size": [
                0.1,
                0.2,
                0.6
              ],
              "uv": {
                "north": {
                  "uv": [
                    8,
                    10
                  ],
                  "uv_size": [
                    1,
                    1
                  ]
                },
                "east": {
                  "uv": [
                    10,
                    8
                  ],
                  "uv_size": [
                    1,
                    1
                  ]
                },
                "south": {
                  "uv": [
                    9,
                    10
                  ],
                  "uv_size": [
                    1,
                    1
                  ]
                },
                "west": {
                  "uv": [
                    10,
                    9
                  ],
                  "uv_size": [
                    1,
                    1
                  ]
                },
                "up": {
                  "uv": [
                    10,
                    10
                  ],
                  "uv_size": [
                    1,
                    1
                  ]
                },
                "down": {
                  "uv": [
                    0,
                    12
                  ],
                  "uv_size": [
                    1,
                    -1
                  ]
                }
              },
              "inflate": 0
            },
            {
              "origin": [
                0.6,
                0.0,
                -0.7
              ],
              "size": [
                0.1,
                0.2,
                0.6
              ],
              "uv": {
                "north": {
                  "uv": [
                    11,
                    0
                  ],
                  "uv_size": [
                    1,
                    1
                  ]
                },
                "east": {
                  "uv": [
                    1,
                    11
                  ],
                  "uv_size": [
                    1,
                    1
                  ]
                },
                "south": {
                  "uv": [
                    11,
                    1
                  ],
                  "uv_size": [
                    1,
                    1
                  ]
                },
                "west": {
                  "uv": [
                    2,
                    11
                  ],
                  "uv_size": [
                    1,
                    1
                  ]
                },
                "up": {
                  "uv": [
                    11,
                    2
                  ],
                  "uv_size": [
                    1,
                    1
                  ]
                },
                "down": {
                  "uv": [
                    3,
                    12
                  ],
                  "uv_size": [
                    1,
                    -1
                  ]
                }
              },
              "inflate": 0
            }
          ],
          "parent": "waist"
        }
      ]
    }
  ]
}