{
  "format_version": "1.10.0",
  "geometry.entity_typhoon_devil": {
    "texturewidth": 512,
    "textureheight": 512,
    "visible_bounds_width": 8,
    "visible_bounds_height": 5,
    "visible_bounds_offset": [
      0,
      2.5,
      0
    ],
    "bones": [
      {
        "name": "bb_main",
        "cubes": [
          {
            "origin": [
              2.0,
              1.0,
              -2.0
            ],
            "size": [
              12.0,
              26.0,
              9.0
            ],
            "uv": [
              338,
              413
            ],
            "inflate": 0
          },
          {
            "origin": [
              -14.0,
              1.0,
              -2.0
            ],
            "size": [
              12.0,
              26.0,
              9.0
            ],
            "uv": [
              345,
              397
            ],
            "inflate": 0
          }
        ]
      },
      {
        "name": "bone",
        "cubes": [
          {
            "origin": [
              -7.0,
              50.0,
              -6.0
            ],
            "size": [
              14.0,
              10.0,
              14.0
            ],
            "uv": [
              0,
              0
            ],
            "inflate": 0
          },
          {
            "origin": [
              7.0,
              55.0,
              -1.0
            ],
            "size": [
              1.0,
              3.0,
              1.0
            ],
            "uv": [
              0,
              25
            ],
            "inflate": 0
          },
          {
            "origin": [
              -7.0,
              60.0,
              -8.0
            ],
            "size": [
              3.0,
              2.0,
              13.0
            ],
            "uv": [
              24,
              114
            ],
            "inflate": 0
          },
          {
            "origin": [
              -4.0,
              60.0,
              -4.0
            ],
            "size": [
              6.0,
              3.0,
              4.0
            ],
            "uv": [
              49,
              25
            ],
            "inflate": 0
          },
          {
            "origin": [
              2.0,
              60.0,
              -4.0
            ],
            "size": [
              3.0,
              2.0,
              9.0
            ],
            "uv": [
              43,
              0
            ],
            "inflate": 0
          },
          {
            "origin": [
              -4.0,
              60.0,
              -6.0
            ],
            "size": [
              10.0,
              1.0,
              2.0
            ],
            "uv": [
              28,
              25
            ],
            "inflate": 0
          },
          {
            "origin": [
              -5.0,
              60.0,
              0.0
            ],
            "size": [
              8.0,
              1.0,
              2.0
            ],
            "uv": [
              28,
              29
            ],
            "inflate": 0
          },
          {
            "origin": [
              -4.0,
              60.0,
              2.0
            ],
            "size": [
              3.0,
              3.0,
              3.0
            ],
            "uv": [
              0,
              0
            ],
            "inflate": 0
          },
          {
            "origin": [
              -2.0,
              55.0,
              -8.0
            ],
            "size": [
              4.0,
              4.0,
              2.0
            ],
            "uv": [
              0,
              7
            ],
            "inflate": 0
          },
          {
            "origin": [
              7.0,
              58.0,
              -3.0
            ],
            "size": [
              1.0,
              1.0,
              4.0
            ],
            "uv": [
              56,
              33
            ],
            "inflate": 0
          }
        ]
      },
      {
        "name": "bone2",
        "pivot": [
          0,
          4,
          15
        ],
        "cubes": [
          {
            "origin": [
              -14.0,
              52.0,
              6.0
            ],
            "size": [
              27.0,
              2.0,
              20.0
            ],
            "uv": [
              199,
              76
            ],
            "inflate": 0
          },
          {
            "origin": [
              -17.0,
              48.0,
              3.0
            ],
            "size": [
              34.0,
              4.0,
              26.0
            ],
            "uv": [
              0,
              193
            ],
            "inflate": 0
          },
          {
            "origin": [
              -18.0,
              48.0,
              51.0
            ],
            "size": [
              9.0,
              7.0,
              9.0
            ],
            "uv": [
              0,
              141
            ],
            "inflate": 0
          },
          {
            "origin": [
              -26.0,
              48.0,
              -25.0
            ],
            "size": [
              9.0,
              7.0,
              9.0
            ],
            "uv": [
              0,
              42
            ],
            "inflate": 0
          },
          {
            "origin": [
              -32.0,
              35.0,
              51.0
            ],
            "size": [
              9.0,
              7.0,
              9.0
            ],
            "uv": [
              28,
              33
            ],
            "inflate": 0
          },
          {
            "origin": [
              16.0,
              48.0,
              43.0
            ],
            "size": [
              9.0,
              7.0,
              9.0
            ],
            "uv": [
              0,
              25
            ],
            "inflate": 0
          },
          {
            "origin": [
              42.0,
              48.0,
              5.0
            ],
            "size": [
              9.0,
              7.0,
              9.0
            ],
            "uv": [
              28,
              50
            ],
            "inflate": 0
          },
          {
            "origin": [
              19.0,
              48.0,
              -26.0
            ],
            "size": [
              9.0,
              7.0,
              9.0
            ],
            "uv": [
              0,
              76
            ],
            "inflate": 0
          },
          {
            "origin": [
              -31.0,
              48.0,
              5.0
            ],
            "size": [
              9.0,
              7.0,
              9.0
            ],
            "uv": [
              0,
              93
            ],
            "inflate": 0
          },
          {
            "origin": [
              -4.0,
              48.0,
              -15.0
            ],
            "size": [
              9.0,
              7.0,
              9.0
            ],
            "uv": [
              0,
              110
            ],
            "inflate": 0
          },
          {
            "origin": [
              -19.0,
              44.0,
              1.0
            ],
            "size": [
              39.0,
              4.0,
              30.0
            ],
            "uv": [
              181,
              183
            ],
            "inflate": 0
          },
          {
            "origin": [
              -24.0,
              41.0,
              -3.0
            ],
            "size": [
              49.0,
              3.0,
              38.0
            ],
            "uv": [
              164,
              141
            ],
            "inflate": 0
          },
          {
            "origin": [
              -29.0,
              37.0,
              -8.0
            ],
            "size": [
              58.0,
              4.0,
              47.0
            ],
            "uv": [
              0,
              141
            ],
            "inflate": 0
          },
          {
            "origin": [
              -34.0,
              33.0,
              -13.0
            ],
            "size": [
              69.0,
              4.0,
              60.0
            ],
            "uv": [
              0,
              76
            ],
            "inflate": 0
          },
          {
            "origin": [
              -37.0,
              29.0,
              -19.0
            ],
            "size": [
              78.0,
              4.0,
              71.0
            ],
            "uv": [
              0,
              0
            ],
            "inflate": 0
          }
        ],
        "parent": "bone",
        "rotation": [
          17.5,
          0,
          0
        ]
      }
    ]
  }
}