{
  "format_version": "1.10.0",
  "geometry.entity_makima3": {
    "texturewidth": 64,
    "textureheight": 64,
    "visible_bounds_width": 3,
    "visible_bounds_height": 3,
    "visible_bounds_offset": [
      0,
      1.5,
      0
    ],
    "bones": [
      {
        "name": "qwq",
        "pivot": [
          0,
          26,
          9
        ],
        "cubes": [
          {
            "origin": [
              -4.0,
              2.0,
              3.0
            ],
            "size": [
              8.0,
              12.0,
              4.0
            ],
            "uv": [
              16,
              16
            ],
            "inflate": 0
          }
        ],
        "rotation": [
          -12.5,
          0,
          0
        ]
      },
      {
        "name": "bodyArmor",
        "pivot": [
          0,
          26,
          9
        ],
        "parent": "qwq"
      },
      {
        "name": "belt",
        "pivot": [
          0,
          26,
          9
        ],
        "parent": "qwq"
      },
      {
        "name": "xiong",
        "pivot": [
          0,
          26,
          5
        ],
        "cubes": [
          {
            "origin": [
              -3.0,
              13.0,
              -7.0
            ],
            "size": [
              6.0,
              5.0,
              3.0
            ],
            "uv": [
              18,
              20
            ],
            "inflate": 0
          }
        ],
        "parent": "qwq",
        "rotation": [
          40,
          0,
          0
        ]
      },
      {
        "name": "bodyArmor2",
        "pivot": [
          0,
          26,
          5
        ],
        "parent": "xiong"
      },
      {
        "name": "belt2",
        "pivot": [
          0,
          26,
          5
        ],
        "parent": "xiong"
      },
      {
        "name": "waist",
        "pivot": [
          0,
          12,
          0
        ]
      },
      {
        "name": "no",
        "pivot": [
          0,
          15,
          2
        ],
        "cubes": [
          {
            "origin": [
              -4.0,
              15.0,
              -2.0
            ],
            "size": [
              8.0,
              8.0,
              8.0
            ],
            "uv": [
              0,
              0
            ],
            "inflate": 0
          }
        ],
        "rotation": [
          -2.5,
          0,
          0
        ]
      },
      {
        "name": "no1",
        "pivot": [
          0,
          15,
          2
        ],
        "cubes": [
          {
            "origin": [
              -4.0,
              15.0,
              -2.0
            ],
            "size": [
              8.0,
              8.0,
              8.0
            ],
            "uv": [
              32,
              0
            ],
            "inflate": 0.5
          }
        ],
        "parent": "no"
      },
      {
        "name": "s",
        "pivot": [
          -5,
          24,
          11
        ],
        "cubes": [
          {
            "origin": [
              -7.0,
              -1.0,
              10.0
            ],
            "size": [
              3.0,
              12.0,
              4.0
            ],
            "uv": [
              40,
              16
            ],
            "inflate": 0
          }
        ],
        "rotation": [
          -42.5,
          0,
          0
        ]
      },
      {
        "name": "rightItem",
        "pivot": [
          -6,
          17,
          12
        ],
        "parent": "s"
      },
      {
        "name": "rightArmArmor",
        "pivot": [
          -5,
          24,
          11
        ],
        "parent": "s"
      },
      {
        "name": "2",
        "pivot": [
          5,
          7,
          1
        ],
        "cubes": [
          {
            "origin": [
              4.0,
              1.0,
              -4.0
            ],
            "size": [
              3.0,
              12.0,
              4.0
            ],
            "uv": [
              40,
              16
            ],
            "inflate": 0
          }
        ],
        "mirror": true,
        "rotation": [
          -47.5,
          0,
          0
        ]
      },
      {
        "name": "leftArmArmor",
        "pivot": [
          5,
          7,
          1
        ],
        "parent": "2",
        "mirror": true
      },
      {
        "name": "3",
        "pivot": [
          -1.9,
          2,
          -2
        ],
        "cubes": [
          {
            "origin": [
              -3.9,
              -10.0,
              -4.0
            ],
            "size": [
              4.0,
              12.0,
              4.0
            ],
            "uv": [
              0,
              16
            ],
            "inflate": 0
          }
        ],
        "rotation": [
          90,
          -7.5,
          0
        ]
      },
      {
        "name": "rightLegging",
        "pivot": [
          -1.9,
          2,
          -2
        ],
        "parent": "3"
      },
      {
        "name": "rightBoot",
        "pivot": [
          -1.9,
          2,
          -2
        ],
        "parent": "3"
      },
      {
        "name": "rightSock",
        "pivot": [
          -1.9,
          2,
          -2
        ],
        "parent": "3"
      },
      {
        "name": "4",
        "pivot": [
          1.9,
          2,
          -2
        ],
        "cubes": [
          {
            "origin": [
              -0.1,
              -10.0,
              -4.0
            ],
            "size": [
              4.0,
              12.0,
              4.0
            ],
            "uv": [
              0,
              16
            ],
            "inflate": 0
          }
        ],
        "mirror": true,
        "rotation": [
          90,
          15,
          0
        ]
      },
      {
        "name": "leftLegging",
        "pivot": [
          1.9,
          2,
          -2
        ],
        "parent": "4",
        "mirror": true
      },
      {
        "name": "leftBoot",
        "pivot": [
          1.9,
          2,
          -2
        ],
        "parent": "4",
        "mirror": true
      },
      {
        "name": "leftSock",
        "pivot": [
          1.9,
          2,
          -2
        ],
        "parent": "4",
        "mirror": true
      },
      {
        "name": "helmet",
        "pivot": [
          0,
          24,
          0
        ]
      }
    ]
  }
}