{
  "format_version": "1.12.0",
  "minecraft:geometry": [
    {
      "description": {
        "identifier": "geometry.entity_pocta",
        "texture_width": 64,
        "texture_height": 64,
        "visible_bounds_width": 3,
        "visible_bounds_height": 3,
        "visible_bounds_offset": [
          0,
          0.5,
          0
        ]
      },
      "bones": [
        {
          "name": "bb_main2",
          "cubes": [
            {
              "origin": [
                -6.0,
                2.0,
                -8.0
              ],
              "size": [
                1.0,
                9.0,
                1.0
              ],
              "pivot": [
                0.0,
                0.0,
                0.0
              ],
              "rotation": [
                -30.0,
                0.0,
                0.0
              ],
              "uv": [
                14,
                26
              ],
              "inflate": 0
            },
            {
              "origin": [
                5.0,
                2.0,
                -8.0
              ],
              "size": [
                1.0,
                9.0,
                1.0
              ],
              "pivot": [
                0.0,
                0.0,
                0.0
              ],
              "rotation": [
                -30.0,
                0.0,
                0.0
              ],
              "uv": [
                10,
                26
              ],
              "inflate": 0
            },
            {
              "origin": [
                -6.0,
                13.0,
                -1.0
              ],
              "size": [
                12.0,
                1.0,
                1.0
              ],
              "uv": [
                0,
                24
              ],
              "inflate": 0
            }
          ]
        },
        {
          "name": "bb_main",
          "cubes": [
            {
              "origin": [
                -7.0,
                0.0,
                4.0
              ],
              "size": [
                2.0,
                3.0,
                2.0
              ],
              "uv": [
                7,
                0
              ],
              "inflate": 0
            },
            {
              "origin": [
                5.0,
                0.0,
                -6.0
              ],
              "size": [
                2.0,
                3.0,
                2.0
              ],
              "uv": [
                30,
                24
              ],
              "inflate": 0
            },
            {
              "origin": [
                5.0,
                0.0,
                4.0
              ],
              "size": [
                2.0,
                3.0,
                2.0
              ],
              "uv": [
                18,
                26
              ],
              "inflate": 0
            },
            {
              "origin": [
                -7.0,
                0.0,
                -7.0
              ],
              "size": [
                2.0,
                1.0,
                1.0
              ],
              "uv": [
                35,
                35
              ],
              "inflate": 0
            },
            {
              "origin": [
                -7.0,
                0.0,
                3.0
              ],
              "size": [
                2.0,
                1.0,
                1.0
              ],
              "uv": [
                35,
                12
              ],
              "inflate": 0
            },
            {
              "origin": [
                -7.0,
                0.0,
                -6.0
              ],
              "size": [
                2.0,
                3.0,
                2.0
              ],
              "uv": [
                7,
                6
              ],
              "inflate": 0
            },
            {
              "origin": [
                5.0,
                0.0,
                -7.0
              ],
              "size": [
                2.0,
                1.0,
                1.0
              ],
              "uv": [
                35,
                10
              ],
              "inflate": 0
            },
            {
              "origin": [
                5.0,
                0.0,
                3.0
              ],
              "size": [
                2.0,
                1.0,
                1.0
              ],
              "uv": [
                35,
                8
              ],
              "inflate": 0
            },
            {
              "origin": [
                -5.0,
                1.0,
                -9.0
              ],
              "size": [
                10.0,
                9.0,
                15.0
              ],
              "uv": [
                0,
                0
              ],
              "inflate": 0
            },
            {
              "origin": [
                0.0,
                3.0,
                6.0
              ],
              "size": [
                1.0,
                1.0,
                4.0
              ],
              "uv": [
                0,
                26
              ],
              "inflate": 0
            },
            {
              "origin": [
                -4.0,
                3.0,
                8.0
              ],
              "size": [
                1.0,
                1.0,
                5.0
              ],
              "pivot": [
                0.0,
                0.0,
                0.0
              ],
              "rotation": [
                0.0,
                27.5,
                0.0
              ],
              "uv": [
                0,
                6
              ],
              "inflate": 0
            },
            {
              "origin": [
                4.0,
                3.0,
                8.0
              ],
              "size": [
                1.0,
                1.0,
                5.0
              ],
              "pivot": [
                0.0,
                0.0,
                0.0
              ],
              "rotation": [
                0.0,
                -25.0,
                0.0
              ],
              "uv": [
                0,
                0
              ],
              "inflate": 0
            },
            {
              "origin": [
                -2.0,
                3.0,
                13.0
              ],
              "size": [
                6.0,
                1.0,
                1.0
              ],
              "uv": [
                0,
                12
              ],
              "inflate": 0
            },
            {
              "origin": [
                -1.0,
                5.0,
                -15.0
              ],
              "size": [
                2.0,
                3.0,
                7.0
              ],
              "uv": [
                19,
                24
              ],
              "inflate": 0
            },
            {
              "origin": [
                0.0,
                4.0,
                -10.0
              ],
              "size": [
                2.0,
                2.0,
                1.0
              ],
              "uv": [
                0,
                34
              ],
              "inflate": 0
            },
            {
              "origin": [
                -2.0,
                4.0,
                -10.0
              ],
              "size": [
                2.0,
                2.0,
                1.0
              ],
              "uv": [
                0,
                31
              ],
              "inflate": 0
            },
            {
              "origin": [
                -1.0,
                8.0,
                -13.0
              ],
              "size": [
                2.0,
                1.0,
                1.0
              ],
              "uv": [
                35,
                6
              ],
              "inflate": 0
            },
            {
              "origin": [
                -1.0,
                8.0,
                -15.0
              ],
              "size": [
                2.0,
                1.0,
                1.0
              ],
              "uv": [
                35,
                4
              ],
              "inflate": 0
            },
            {
              "origin": [
                -1.0,
                7.0,
                -16.0
              ],
              "size": [
                2.0,
                1.0,
                1.0
              ],
              "uv": [
                35,
                2
              ],
              "inflate": 0
            },
            {
              "origin": [
                -1.0,
                5.0,
                -16.0
              ],
              "size": [
                2.0,
                1.0,
                1.0
              ],
              "uv": [
                35,
                0
              ],
              "inflate": 0
            },
            {
              "origin": [
                -1.0,
                4.0,
                -15.0
              ],
              "size": [
                2.0,
                1.0,
                1.0
              ],
              "uv": [
                30,
                34
              ],
              "inflate": 0
            },
            {
              "origin": [
                -1.0,
                4.0,
                -13.0
              ],
              "size": [
                2.0,
                1.0,
                1.0
              ],
              "uv": [
                24,
                34
              ],
              "inflate": 0
            },
            {
              "origin": [
                -1.0,
                4.0,
                -11.0
              ],
              "size": [
                2.0,
                1.0,
                1.0
              ],
              "uv": [
                18,
                34
              ],
              "inflate": 0
            },
            {
              "origin": [
                -1.0,
                8.0,
                -11.0
              ],
              "size": [
                2.0,
                1.0,
                1.0
              ],
              "uv": [
                30,
                29
              ],
              "inflate": 0
            }
          ]
        }
      ]
    }
  ]
}