{
	"format_version": "1.12.0",
	"minecraft:geometry": [
		{
			"description": {
				"identifier": "geometry.entity_tomato_devil",
				"texture_width": 128,
				"texture_height": 128,
				"visible_bounds_width": 3,
				"visible_bounds_height": 3.5,
				"visible_bounds_offset": [0, 1.25, 0]
			},
			"bones": [
				{
					"name": "bb_main",
					"pivot": [0, 0, 0],
					"cubes": [
						{"origin": [-1, 0, -5], "size": [2, 9, 2], "uv": [58, 53]},
						{"origin": [5, 0, -5], "size": [2, 9, 2], "pivot": [0, 0, 0], "rotation": [0, -7.5, 0], "uv": [32, 56]},
						{"origin": [5, 0, 0], "size": [2, 9, 2], "pivot": [0, 0, 0], "rotation": [0, -7.5, 0], "uv": [52, 33]},
						{"origin": [2, 0, -5], "size": [2, 9, 2], "uv": [50, 55]},
						{"origin": [2, 0, 0], "size": [2, 9, 2], "uv": [24, 52]},
						{"origin": [2, 0, 5], "size": [2, 9, 2], "uv": [8, 49]},
						{"origin": [5, 0, 6], "size": [2, 9, 2], "uv": [44, 45]},
						{"origin": [-7, 0, 6], "size": [2, 9, 2], "uv": [28, 41]},
						{"origin": [-1, 0, 5], "size": [2, 9, 2], "uv": [0, 49]},
						{"origin": [-4, 0, 5], "size": [2, 9, 2], "uv": [36, 45]},
						{"origin": [-1, 0, 0], "size": [2, 9, 2], "uv": [50, 0]},
						{"origin": [-4, 0, 0], "size": [2, 9, 2], "uv": [16, 49]},
						{"origin": [-4, 0, -5], "size": [2, 9, 2], "uv": [58, 0]},
						{"origin": [-7, 0, -5], "size": [2, 9, 2], "pivot": [0, 0, 0], "rotation": [0, 7.5, 0], "uv": [40, 56]},
						{"origin": [-7, 0, 0], "size": [2, 9, 2], "pivot": [0, 0, 0], "rotation": [0, 7.5, 0], "uv": [52, 44]},
						{"origin": [-1, 6, -8], "size": [2, 6, 2], "pivot": [0, 0, 0], "rotation": [-22.5, 0, 0], "uv": [32, 67]},
						{"origin": [2, 6, -8], "size": [2, 6, 2], "pivot": [0, 0, 0], "rotation": [-22.5, 0, 0], "uv": [66, 24]},
						{"origin": [2, 8, -3], "size": [2, 6, 2], "pivot": [0, 0, 0], "rotation": [-22.5, 0, 0], "uv": [66, 0]},
						{"origin": [2, 10, 1], "size": [2, 6, 2], "pivot": [0, 0, 0], "rotation": [-22.5, 0, 0], "uv": [60, 41]},
						{"origin": [5, 10, 2], "size": [2, 6, 2], "pivot": [0, 0, 0], "rotation": [-22.5, 0, 0], "uv": [16, 60]},
						{"origin": [-7, 10, 2], "size": [2, 6, 2], "pivot": [0, 0, 0], "rotation": [-22.5, 0, 0], "uv": [0, 60]},
						{"origin": [-1, 10, 1], "size": [2, 6, 2], "pivot": [0, 0, 0], "rotation": [-22.5, 0, 0], "uv": [60, 33]},
						{"origin": [-4, 10, 1], "size": [2, 6, 2], "pivot": [0, 0, 0], "rotation": [-22.5, 0, 0], "uv": [8, 60]},
						{"origin": [-1, 8, -3], "size": [2, 6, 2], "pivot": [0, 0, 0], "rotation": [-22.5, 0, 0], "uv": [64, 62]},
						{"origin": [-4, 8, -3], "size": [2, 6, 2], "pivot": [0, 0, 0], "rotation": [-22.5, 0, 0], "uv": [56, 64]},
						{"origin": [5, 6, -8], "size": [2, 6, 2], "pivot": [0, 0, 0], "rotation": [-22.57734, -4.61854, 1.91757], "uv": [66, 16]},
						{"origin": [5, 8, -3], "size": [2, 6, 2], "pivot": [0, 0, 0], "rotation": [-22.57734, -4.61854, 1.91757], "uv": [24, 63]},
						{"origin": [-4, 6, -8], "size": [2, 6, 2], "pivot": [0, 0, 0], "rotation": [-22.5, 0, 0], "uv": [66, 47]},
						{"origin": [-7, 6, -8], "size": [2, 6, 2], "pivot": [0, 0, 0], "rotation": [-22.48384, 7.8853, -0.55864], "uv": [46, 66]},
						{"origin": [-7, 8, -4], "size": [2, 6, 2], "pivot": [0, 0, 0], "rotation": [-22.48384, 7.8853, -0.55864], "uv": [66, 8]},
						{"origin": [2, 0, -7], "size": [2, 1, 2], "uv": [8, 73]},
						{"origin": [5, 0, 4], "size": [2, 1, 2], "uv": [72, 14]},
						{"origin": [-7, 0, 4], "size": [2, 1, 2], "uv": [10, 33]},
						{"origin": [2, 0, 3], "size": [2, 1, 2], "uv": [38, 33]},
						{"origin": [-1, 0, 3], "size": [2, 1, 2], "uv": [10, 41]},
						{"origin": [-4, 0, 3], "size": [2, 1, 2], "uv": [24, 33]},
						{"origin": [2, 0, -2], "size": [2, 1, 2], "uv": [44, 34]},
						{"origin": [-1, 0, -2], "size": [2, 1, 2], "uv": [72, 6]},
						{"origin": [-4, 0, -2], "size": [2, 1, 2], "uv": [70, 60]},
						{"origin": [5, 0, -7], "size": [2, 1, 2], "pivot": [0, 0, 0], "rotation": [0, -7.5, 0], "uv": [52, 72]},
						{"origin": [5, 0, -2], "size": [2, 1, 2], "pivot": [0, 0, 0], "rotation": [0, -7.5, 0], "uv": [72, 22]},
						{"origin": [-1, 0, -7], "size": [2, 1, 2], "uv": [72, 63]},
						{"origin": [-4, 0, -7], "size": [2, 1, 2], "uv": [0, 73]},
						{"origin": [-7, 0, -7], "size": [2, 1, 2], "pivot": [0, 0, 0], "rotation": [0, 7.5, 0], "uv": [72, 66]},
						{"origin": [-7, 0, -2], "size": [2, 1, 2], "pivot": [0, 0, 0], "rotation": [0, 7.5, 0], "uv": [40, 72]},
						{"origin": [-8, 13, -5], "size": [17, 17, 16], "uv": [0, 0]},
						{"origin": [-10, 22, -6], "size": [4, 4, 1], "pivot": [0, 0, 0], "rotation": [0, 0, 12.5], "uv": [20, 71]},
						{"origin": [7, 14, -6], "size": [4, 4, 1], "pivot": [0, 0, 0], "rotation": [0, 0, -10], "uv": [64, 70]},
						{"origin": [1, 26, -6], "size": [4, 4, 1], "pivot": [0, 0, 0], "rotation": [0, 0, 7.5], "uv": [68, 42]},
						{"origin": [4, 19, -6], "size": [4, 4, 1], "pivot": [0, 0, 0], "rotation": [0, 0, -10], "uv": [68, 37]},
						{"origin": [4, 19, 11], "size": [4, 4, 1], "pivot": [0, 0, 0], "rotation": [0, 0, -10], "uv": [10, 68]},
						{"origin": [-9, 15, 11], "size": [4, 4, 1], "pivot": [0, 0, 0], "rotation": [0, 0, 10], "uv": [50, 11]},
						{"origin": [-13, 23, 11], "size": [4, 4, 1], "pivot": [0, 0, 0], "rotation": [0, 0, 17.5], "uv": [0, 68]},
						{"origin": [8, 24, 11], "size": [4, 4, 1], "pivot": [0, 0, 0], "rotation": [0, 0, -10], "uv": [66, 55]},
						{"origin": [-4, 17, -6], "size": [4, 4, 1], "pivot": [0, 0, 0], "rotation": [0, 0, -5], "uv": [68, 32]},
						{"origin": [-9, 17, -1], "size": [3, 4, 4], "pivot": [0, 0, 0], "rotation": [10, 0, 0], "uv": [14, 41]},
						{"origin": [-9, 23, -7], "size": [3, 4, 4], "pivot": [0, 0, 0], "rotation": [-12.5, 0, 0], "uv": [0, 41]},
						{"origin": [7, 18, 9], "size": [3, 4, 4], "pivot": [0, 0, 0], "rotation": [15, 0, 0], "uv": [14, 33]},
						{"origin": [7, 15, 4], "size": [3, 4, 4], "pivot": [0, 0, 0], "rotation": [-2.5, 0, 0], "uv": [0, 0]},
						{"origin": [7, 18, -2], "size": [3, 4, 4], "pivot": [0, 0, 0], "rotation": [2.5, 0, 0], "uv": [0, 8]},
						{"origin": [7, 24, -9], "size": [3, 4, 4], "pivot": [0, 0, 0], "rotation": [-12.5, 0, 0], "uv": [0, 33]},
						{"origin": [-9, 20, 5], "size": [3, 4, 4], "pivot": [0, 0, 0], "rotation": [2.5, 0, 0], "uv": [38, 37]},
						{"origin": [-9, 14, 5], "size": [3, 4, 4], "pivot": [0, 0, 0], "rotation": [7.5, 0, 0], "uv": [28, 33]}
					]
				}
			]
		}
	]
}