{
  "format_version": "1.12.0",
  "minecraft:geometry": [
    {
      "description": {
        "identifier": "geometry.entity_angel",
        "texture_width": 128,
        "texture_height": 128,
        "visible_bounds_width": 3,
        "visible_bounds_height": 4,
        "visible_bounds_offset": [
          0,
          1,
          0
        ]
      },
      "bones": [
        {
          "name": "root"
        },
        {
          "name": "waist",
          "pivot": [
            0,
            12,
            0
          ],
          "parent": "root"
        },
        {
          "name": "body",
          "pivot": [
            0,
            12,
            0
          ],
          "cubes": [
            {
              "origin": [
                -4.0,
                12.0,
                -2.0
              ],
              "size": [
                8.0,
                12.0,
                4.0
              ],
              "uv": [
                32,
                0
              ],
              "inflate": 0.25
            },
            {
              "origin": [
                -1.0,
                26.0,
                -1.0
              ],
              "size": [
                2.0,
                2.0,
                2.0
              ],
              "uv": [
                32,
                19
              ],
              "inflate": 0
            },
            {
              "origin": [
                -14.0,
                23.0,
                2.0
              ],
              "size": [
                2.0,
                9.0,
                1.0
              ],
              "uv": [
                54,
                69
              ],
              "inflate": 0
            },
            {
              "origin": [
                -12.0,
                22.0,
                2.0
              ],
              "size": [
                2.0,
                9.0,
                1.0
              ],
              "uv": [
                48,
                69
              ],
              "inflate": 0
            },
            {
              "origin": [
                -10.0,
                20.0,
                2.0
              ],
              "size": [
                2.0,
                9.0,
                1.0
              ],
              "uv": [
                68,
                26
              ],
              "inflate": 0
            },
            {
              "origin": [
                -8.0,
                18.0,
                2.0
              ],
              "size": [
                2.0,
                8.0,
                1.0
              ],
              "uv": [
                35,
                33
              ],
              "inflate": 0
            },
            {
              "origin": [
                -6.0,
                15.0,
                2.0
              ],
              "size": [
                2.0,
                9.0,
                1.0
              ],
              "uv": [
                68,
                16
              ],
              "inflate": 0
            },
            {
              "origin": [
                -4.0,
                13.0,
                2.0
              ],
              "size": [
                2.0,
                10.0,
                1.0
              ],
              "uv": [
                56,
                0
              ],
              "inflate": 0
            },
            {
              "origin": [
                4.0,
                15.0,
                2.0
              ],
              "size": [
                2.0,
                9.0,
                1.0
              ],
              "uv": [
                67,
                66
              ],
              "inflate": 0
            },
            {
              "origin": [
                6.0,
                18.0,
                2.0
              ],
              "size": [
                2.0,
                8.0,
                1.0
              ],
              "uv": [
                24,
                33
              ],
              "inflate": 0
            },
            {
              "origin": [
                8.0,
                20.0,
                2.0
              ],
              "size": [
                2.0,
                9.0,
                1.0
              ],
              "uv": [
                67,
                56
              ],
              "inflate": 0
            },
            {
              "origin": [
                10.0,
                22.0,
                2.0
              ],
              "size": [
                2.0,
                9.0,
                1.0
              ],
              "uv": {
                "north": {
                  "uv": [
                    23,
                    67
                  ],
                  "uv_size": [
                    2,
                    9
                  ]
                },
                "east": {
                  "uv": [
                    22,
                    67
                  ],
                  "uv_size": [
                    1,
                    9
                  ]
                },
                "south": {
                  "uv": [
                    26,
                    67
                  ],
                  "uv_size": [
                    2,
                    9
                  ]
                },
                "west": {
                  "uv": [
                    25,
                    67
                  ],
                  "uv_size": [
                    1,
                    9
                  ]
                },
                "up": {
                  "uv": [
                    23,
                    66
                  ],
                  "uv_size": [
                    2,
                    1
                  ]
                },
                "down": {
                  "uv": [
                    25,
                    67
                  ],
                  "uv_size": [
                    2,
                    -1
                  ]
                }
              },
              "inflate": 0
            },
            {
              "origin": [
                12.0,
                23.0,
                2.0
              ],
              "size": [
                2.0,
                9.0,
                1.0
              ],
              "uv": [
                16,
                66
              ],
              "inflate": 0
            }
          ],
          "parent": "waist"
        },
        {
          "name": "rightArm",
          "pivot": [
            -5,
            22,
            0
          ],
          "cubes": [
            {
              "origin": [
                -8.0,
                12.0,
                -2.0
              ],
              "size": [
                4.0,
                12.0,
                4.0
              ],
              "uv": [
                64,
                0
              ],
              "inflate": 0.25
            }
          ],
          "parent": "body"
        },
        {
          "name": "rightItem",
          "pivot": [
            -6,
            15,
            1
          ],
          "parent": "rightArm"
        },
        {
          "name": "leftArm",
          "pivot": [
            5,
            22,
            0
          ],
          "cubes": [
            {
              "origin": [
                4.0,
                12.0,
                -2.0
              ],
              "size": [
                4.0,
                12.0,
                4.0
              ],
              "uv": [
                32,
                57
              ],
              "inflate": 0.25
            }
          ],
          "parent": "body"
        },
        {
          "name": "leftItem",
          "pivot": [
            6,
            15,
            1
          ],
          "parent": "leftArm"
        },
        {
          "name": "head",
          "pivot": [
            0,
            24,
            0
          ],
          "cubes": [
            {
              "origin": [
                -4.0,
                23.6,
                -4.0
              ],
              "size": [
                8.0,
                8.0,
                8.0
              ],
              "uv": [
                0,
                16
              ],
              "inflate": 0
            },
            {
              "origin": [
                -4.0,
                23.6,
                -4.0
              ],
              "size": [
                8.0,
                8.0,
                8.0
              ],
              "uv": [
                0,
                0
              ],
              "inflate": 0.5
            },
            {
              "origin": [
                -0.2,
                24.4,
                -4.51
              ],
              "size": [
                1.0,
                0.1,
                0.0
              ],
              "uv": [
                5,
                122
              ],
              "inflate": 0
            }
          ],
          "parent": "body"
        },
        {
          "name": "bone",
          "pivot": [
            0,
            27,
            0
          ],
          "cubes": [
            {
              "origin": [
                -0.56,
                34.28,
                3.92
              ],
              "size": [
                1.12,
                0.56,
                0.56
              ],
              "uv": [
                0,
                0
              ],
              "inflate": 0
            },
            {
              "origin": [
                -0.56,
                34.28,
                3.92
              ],
              "size": [
                1.12,
                0.56,
                0.56
              ],
              "pivot": [
                0.0,
                27.0,
                0.0
              ],
              "rotation": [
                0.0,
                -12.5,
                0.0
              ],
              "uv": [
                0,
                0
              ],
              "inflate": 0
            },
            {
              "origin": [
                -0.56,
                34.28,
                3.92
              ],
              "size": [
                1.12,
                0.56,
                0.56
              ],
              "pivot": [
                0.0,
                27.0,
                0.0
              ],
              "rotation": [
                0.0,
                -25.0,
                0.0
              ],
              "uv": [
                0,
                0
              ],
              "inflate": 0
            },
            {
              "origin": [
                -0.56,
                34.28,
                3.92
              ],
              "size": [
                1.12,
                0.56,
                0.56
              ],
              "pivot": [
                0.0,
                27.0,
                0.0
              ],
              "rotation": [
                0.0,
                -37.5,
                0.0
              ],
              "uv": [
                0,
                0
              ],
              "inflate": 0
            },
            {
              "origin": [
                -0.56,
                34.28,
                3.92
              ],
              "size": [
                1.12,
                0.56,
                0.56
              ],
              "pivot": [
                0.0,
                27.0,
                0.0
              ],
              "rotation": [
                0.0,
                -50.0,
                0.0
              ],
              "uv": [
                0,
                0
              ],
              "inflate": 0
            },
            {
              "origin": [
                -0.56,
                34.28,
                3.92
              ],
              "size": [
                1.12,
                0.56,
                0.56
              ],
              "pivot": [
                0.0,
                27.0,
                0.0
              ],
              "rotation": [
                0.0,
                -62.5,
                0.0
              ],
              "uv": [
                0,
                0
              ],
              "inflate": 0
            },
            {
              "origin": [
                -0.56,
                34.28,
                3.92
              ],
              "size": [
                1.12,
                0.56,
                0.56
              ],
              "pivot": [
                0.0,
                27.0,
                0.0
              ],
              "rotation": [
                0.0,
                -75.0,
                0.0
              ],
              "uv": [
                0,
                0
              ],
              "inflate": 0
            },
            {
              "origin": [
                -0.56,
                34.28,
                3.92
              ],
              "size": [
                1.12,
                0.56,
                0.56
              ],
              "pivot": [
                0.0,
                27.0,
                0.0
              ],
              "rotation": [
                0.0,
                -87.5,
                0.0
              ],
              "uv": [
                0,
                0
              ],
              "inflate": 0
            },
            {
              "origin": [
                -0.56,
                34.28,
                3.92
              ],
              "size": [
                1.12,
                0.56,
                0.56
              ],
              "pivot": [
                0.0,
                27.0,
                0.0
              ],
              "rotation": [
                0.0,
                -100.0,
                0.0
              ],
              "uv": [
                0,
                0
              ],
              "inflate": 0
            },
            {
              "origin": [
                -0.56,
                34.28,
                3.92
              ],
              "size": [
                1.12,
                0.56,
                0.56
              ],
              "pivot": [
                0.0,
                27.0,
                0.0
              ],
              "rotation": [
                0.0,
                -112.5,
                0.0
              ],
              "uv": [
                0,
                0
              ],
              "inflate": 0
            },
            {
              "origin": [
                -0.56,
                34.28,
                3.92
              ],
              "size": [
                1.12,
                0.56,
                0.56
              ],
              "pivot": [
                0.0,
                27.0,
                0.0
              ],
              "rotation": [
                0.0,
                -125.0,
                0.0
              ],
              "uv": [
                0,
                0
              ],
              "inflate": 0
            },
            {
              "origin": [
                -0.56,
                34.28,
                3.92
              ],
              "size": [
                1.12,
                0.56,
                0.56
              ],
              "pivot": [
                0.0,
                27.0,
                0.0
              ],
              "rotation": [
                0.0,
                -137.5,
                0.0
              ],
              "uv": [
                0,
                0
              ],
              "inflate": 0
            },
            {
              "origin": [
                -0.56,
                34.28,
                3.92
              ],
              "size": [
                1.12,
                0.56,
                0.56
              ],
              "pivot": [
                0.0,
                27.0,
                0.0
              ],
              "rotation": [
                0.0,
                -150.0,
                0.0
              ],
              "uv": [
                0,
                0
              ],
              "inflate": 0
            },
            {
              "origin": [
                -0.56,
                34.28,
                3.92
              ],
              "size": [
                1.12,
                0.56,
                0.56
              ],
              "pivot": [
                0.0,
                27.0,
                0.0
              ],
              "rotation": [
                0.0,
                -162.5,
                0.0
              ],
              "uv": [
                0,
                0
              ],
              "inflate": 0
            },
            {
              "origin": [
                -0.56,
                34.28,
                3.92
              ],
              "size": [
                1.12,
                0.56,
                0.56
              ],
              "pivot": [
                0.0,
                27.0,
                0.0
              ],
              "rotation": [
                0.0,
                -175.0,
                0.0
              ],
              "uv": [
                0,
                0
              ],
              "inflate": 0
            },
            {
              "origin": [
                -0.56,
                34.28,
                3.92
              ],
              "size": [
                1.12,
                0.56,
                0.56
              ],
              "pivot": [
                0.0,
                27.0,
                0.0
              ],
              "rotation": [
                0.0,
                172.5,
                0.0
              ],
              "uv": [
                0,
                0
              ],
              "inflate": 0
            },
            {
              "origin": [
                -0.56,
                34.28,
                3.92
              ],
              "size": [
                1.12,
                0.56,
                0.56
              ],
              "pivot": [
                0.0,
                27.0,
                0.0
              ],
              "rotation": [
                0.0,
                160.0,
                0.0
              ],
              "uv": [
                0,
                0
              ],
              "inflate": 0
            },
            {
              "origin": [
                -0.56,
                34.28,
                3.92
              ],
              "size": [
                1.12,
                0.56,
                0.56
              ],
              "pivot": [
                0.0,
                27.0,
                0.0
              ],
              "rotation": [
                0.0,
                147.5,
                0.0
              ],
              "uv": [
                0,
                0
              ],
              "inflate": 0
            },
            {
              "origin": [
                -0.56,
                34.28,
                3.92
              ],
              "size": [
                1.12,
                0.56,
                0.56
              ],
              "pivot": [
                0.0,
                27.0,
                0.0
              ],
              "rotation": [
                0.0,
                135.0,
                0.0
              ],
              "uv": [
                0,
                0
              ],
              "inflate": 0
            },
            {
              "origin": [
                -0.56,
                34.28,
                3.92
              ],
              "size": [
                1.12,
                0.56,
                0.56
              ],
              "pivot": [
                0.0,
                27.0,
                0.0
              ],
              "rotation": [
                0.0,
                122.5,
                0.0
              ],
              "uv": [
                0,
                0
              ],
              "inflate": 0
            },
            {
              "origin": [
                -0.56,
                34.28,
                3.92
              ],
              "size": [
                1.12,
                0.56,
                0.56
              ],
              "pivot": [
                0.0,
                27.0,
                0.0
              ],
              "rotation": [
                0.0,
                110.0,
                0.0
              ],
              "uv": [
                0,
                0
              ],
              "inflate": 0
            },
            {
              "origin": [
                -0.56,
                34.28,
                3.92
              ],
              "size": [
                1.12,
                0.56,
                0.56
              ],
              "pivot": [
                0.0,
                27.0,
                0.0
              ],
              "rotation": [
                0.0,
                97.5,
                0.0
              ],
              "uv": [
                0,
                0
              ],
              "inflate": 0
            },
            {
              "origin": [
                -0.56,
                34.28,
                3.92
              ],
              "size": [
                1.12,
                0.56,
                0.56
              ],
              "pivot": [
                0.0,
                27.0,
                0.0
              ],
              "rotation": [
                0.0,
                85.0,
                0.0
              ],
              "uv": [
                0,
                0
              ],
              "inflate": 0
            },
            {
              "origin": [
                -0.56,
                34.28,
                3.92
              ],
              "size": [
                1.12,
                0.56,
                0.56
              ],
              "pivot": [
                0.0,
                27.0,
                0.0
              ],
              "rotation": [
                0.0,
                72.5,
                0.0
              ],
              "uv": [
                0,
                0
              ],
              "inflate": 0
            },
            {
              "origin": [
                -0.56,
                34.28,
                3.92
              ],
              "size": [
                1.12,
                0.56,
                0.56
              ],
              "pivot": [
                0.0,
                27.0,
                0.0
              ],
              "rotation": [
                0.0,
                60.0,
                0.0
              ],
              "uv": [
                0,
                0
              ],
              "inflate": 0
            },
            {
              "origin": [
                -0.56,
                34.28,
                3.92
              ],
              "size": [
                1.12,
                0.56,
                0.56
              ],
              "pivot": [
                0.0,
                27.0,
                0.0
              ],
              "rotation": [
                0.0,
                47.5,
                0.0
              ],
              "uv": [
                0,
                0
              ],
              "inflate": 0
            },
            {
              "origin": [
                -0.56,
                34.28,
                3.92
              ],
              "size": [
                1.12,
                0.56,
                0.56
              ],
              "pivot": [
                0.0,
                27.0,
                0.0
              ],
              "rotation": [
                0.0,
                35.0,
                0.0
              ],
              "uv": [
                0,
                0
              ],
              "inflate": 0
            },
            {
              "origin": [
                -0.56,
                34.28,
                3.92
              ],
              "size": [
                1.12,
                0.56,
                0.56
              ],
              "pivot": [
                0.0,
                27.0,
                0.0
              ],
              "rotation": [
                0.0,
                22.5,
                0.0
              ],
              "uv": [
                0,
                0
              ],
              "inflate": 0
            },
            {
              "origin": [
                -0.56,
                34.28,
                3.92
              ],
              "size": [
                1.12,
                0.56,
                0.56
              ],
              "pivot": [
                0.0,
                27.0,
                0.0
              ],
              "rotation": [
                0.0,
                10.0,
                0.0
              ],
              "uv": [
                0,
                0
              ],
              "inflate": 0
            }
          ],
          "parent": "head"
        },
        {
          "name": "bone2",
          "cubes": [
            {
              "origin": [
                8.0,
                29.0,
                -5.0
              ],
              "size": [
                1.0,
                2.0,
                2.0
              ],
              "pivot": [
                0.0,
                0.0,
                0.0
              ],
              "rotation": [
                0.0,
                0.0,
                -17.5
              ],
              "uv": [
                52,
                28
              ],
              "inflate": 0
            }
          ],
          "parent": "head"
        },
        {
          "name": "bone3",
          "cubes": [
            {
              "origin": [
                11.7,
                26.0,
                -5.0
              ],
              "size": [
                1.0,
                2.0,
                2.0
              ],
              "pivot": [
                0.0,
                0.0,
                0.0
              ],
              "rotation": [
                0.0,
                0.0,
                -25.0
              ],
              "uv": [
                28,
                50
              ],
              "inflate": 0
            },
            {
              "origin": [
                19.4,
                -5.3,
                -5.0
              ],
              "size": [
                1.0,
                2.0,
                1.0
              ],
              "pivot": [
                0.0,
                0.0,
                0.0
              ],
              "rotation": [
                0.0,
                0.0,
                -100.0
              ],
              "uv": [
                44,
                78
              ],
              "inflate": 0
            },
            {
              "origin": [
                -1.9,
                26.7,
                -5.0
              ],
              "size": [
                1.0,
                2.0,
                1.0
              ],
              "pivot": [
                0.0,
                0.0,
                0.0
              ],
              "rotation": [
                0.0,
                0.0,
                -5.0
              ],
              "uv": [
                40,
                78
              ],
              "inflate": 0
            },
            {
              "origin": [
                5.4,
                20.7,
                -5.0
              ],
              "size": [
                1.0,
                2.0,
                1.0
              ],
              "pivot": [
                0.0,
                0.0,
                0.0
              ],
              "rotation": [
                0.0,
                0.0,
                -22.5
              ],
              "uv": [
                36,
                78
              ],
              "inflate": 0
            },
            {
              "origin": [
                22.5,
                5.0,
                -5.0
              ],
              "size": [
                1.0,
                2.0,
                1.0
              ],
              "pivot": [
                0.0,
                0.0,
                0.0
              ],
              "rotation": [
                0.0,
                0.0,
                -57.5
              ],
              "uv": [
                32,
                78
              ],
              "inflate": 0
            },
            {
              "origin": [
                0.4,
                24.7,
                -5.0
              ],
              "size": [
                1.0,
                2.0,
                1.0
              ],
              "pivot": [
                0.0,
                0.0,
                0.0
              ],
              "rotation": [
                0.0,
                0.0,
                -10.0
              ],
              "uv": [
                78,
                31
              ],
              "inflate": 0
            },
            {
              "origin": [
                19.4,
                3.7,
                -5.0
              ],
              "size": [
                1.0,
                2.0,
                1.0
              ],
              "pivot": [
                0.0,
                0.0,
                0.0
              ],
              "rotation": [
                0.0,
                0.0,
                -77.5
              ],
              "uv": [
                28,
                78
              ],
              "inflate": 0
            },
            {
              "origin": [
                18.2,
                15.1,
                -5.0
              ],
              "size": [
                1.0,
                2.0,
                1.0
              ],
              "pivot": [
                0.0,
                0.0,
                0.0
              ],
              "rotation": [
                0.0,
                0.0,
                -35.0
              ],
              "uv": [
                74,
                76
              ],
              "inflate": 0
            },
            {
              "origin": [
                15.1,
                20.0,
                -5.0
              ],
              "size": [
                1.0,
                2.0,
                1.0
              ],
              "pivot": [
                0.0,
                0.0,
                0.0
              ],
              "rotation": [
                0.0,
                0.0,
                -25.0
              ],
              "uv": [
                70,
                76
              ],
              "inflate": 0
            },
            {
              "origin": [
                16.4,
                11.7,
                -5.0
              ],
              "size": [
                1.0,
                2.0,
                1.0
              ],
              "pivot": [
                0.0,
                0.0,
                0.0
              ],
              "rotation": [
                0.0,
                0.0,
                -57.5
              ],
              "uv": [
                66,
                76
              ],
              "inflate": 0
            },
            {
              "origin": [
                18.2,
                22.1,
                -3.0
              ],
              "size": [
                1.0,
                2.0,
                1.0
              ],
              "pivot": [
                0.0,
                0.0,
                0.0
              ],
              "rotation": [
                0.0,
                0.0,
                -27.5
              ],
              "uv": [
                76,
                40
              ],
              "inflate": 0
            },
            {
              "origin": [
                8.7,
                27.0,
                -5.0
              ],
              "size": [
                1.0,
                2.0,
                1.0
              ],
              "pivot": [
                0.0,
                0.0,
                0.0
              ],
              "rotation": [
                0.0,
                0.0,
                -10.0
              ],
              "uv": [
                76,
                0
              ],
              "inflate": 0
            },
            {
              "origin": [
                24.2,
                20.1,
                -1.0
              ],
              "size": [
                1.0,
                2.0,
                1.0
              ],
              "pivot": [
                0.0,
                0.0,
                0.0
              ],
              "rotation": [
                0.0,
                0.0,
                -37.5
              ],
              "uv": [
                74,
                31
              ],
              "inflate": 0
            },
            {
              "origin": [
                14.8,
                24.4,
                -1.0
              ],
              "size": [
                1.0,
                2.0,
                1.0
              ],
              "pivot": [
                0.0,
                0.0,
                0.0
              ],
              "rotation": [
                0.0,
                0.0,
                -15.0
              ],
              "uv": [
                68,
                36
              ],
              "inflate": 0
            },
            {
              "origin": [
                10.8,
                24.1,
                -3.0
              ],
              "size": [
                1.0,
                2.0,
                1.0
              ],
              "pivot": [
                0.0,
                0.0,
                0.0
              ],
              "rotation": [
                0.0,
                0.0,
                -10.0
              ],
              "uv": [
                12,
                64
              ],
              "inflate": 0
            },
            {
              "origin": [
                -1.5,
                22.1,
                -3.0
              ],
              "size": [
                1.0,
                3.0,
                1.0
              ],
              "pivot": [
                0.0,
                0.0,
                0.0
              ],
              "rotation": [
                0.0,
                0.0,
                17.5
              ],
              "uv": [
                20,
                32
              ],
              "inflate": 0
            },
            {
              "origin": [
                5.1,
                24.1,
                -3.0
              ],
              "size": [
                1.0,
                2.0,
                1.0
              ],
              "pivot": [
                0.0,
                0.0,
                0.0
              ],
              "rotation": [
                0.0,
                0.0,
                2.5
              ],
              "uv": [
                0,
                64
              ],
              "inflate": 0
            },
            {
              "origin": [
                15.0,
                23.1,
                -3.0
              ],
              "size": [
                1.0,
                2.0,
                1.0
              ],
              "pivot": [
                0.0,
                0.0,
                0.0
              ],
              "rotation": [
                0.0,
                0.0,
                -20.0
              ],
              "uv": [
                62,
                0
              ],
              "inflate": 0
            },
            {
              "origin": [
                22.2,
                -16.9,
                1.0
              ],
              "size": [
                1.0,
                2.0,
                1.0
              ],
              "pivot": [
                0.0,
                0.0,
                0.0
              ],
              "rotation": [
                0.0,
                0.0,
                -112.5
              ],
              "uv": [
                60,
                50
              ],
              "inflate": 0
            },
            {
              "origin": [
                -15.3,
                25.0,
                -5.0
              ],
              "size": [
                2.0,
                5.0,
                1.0
              ],
              "pivot": [
                0.0,
                0.0,
                0.0
              ],
              "rotation": [
                0.0,
                0.0,
                20.0
              ],
              "uv": [
                46,
                44
              ],
              "inflate": 0
            },
            {
              "origin": [
                -5.3,
                10.0,
                27.0
              ],
              "size": [
                1.0,
                5.0,
                2.0
              ],
              "pivot": [
                0.0,
                0.0,
                0.0
              ],
              "rotation": [
                70.0,
                0.0,
                0.0
              ],
              "uv": [
                28,
                71
              ],
              "inflate": 0
            },
            {
              "origin": [
                4.7,
                10.0,
                27.0
              ],
              "size": [
                1.0,
                5.0,
                2.0
              ],
              "pivot": [
                0.0,
                0.0,
                0.0
              ],
              "rotation": [
                70.0,
                0.0,
                0.0
              ],
              "uv": [
                60,
                69
              ],
              "inflate": 0
            },
            {
              "origin": [
                4.7,
                7.0,
                25.0
              ],
              "size": [
                1.0,
                5.0,
                2.0
              ],
              "pivot": [
                0.0,
                0.0,
                0.0
              ],
              "rotation": [
                70.0,
                0.0,
                0.0
              ],
              "uv": [
                55,
                44
              ],
              "inflate": 0
            },
            {
              "origin": [
                4.7,
                6.0,
                28.0
              ],
              "size": [
                1.0,
                5.0,
                2.0
              ],
              "pivot": [
                0.0,
                0.0,
                0.0
              ],
              "rotation": [
                70.0,
                0.0,
                0.0
              ],
              "uv": [
                42,
                16
              ],
              "inflate": 0
            },
            {
              "origin": [
                -5.3,
                6.0,
                28.0
              ],
              "size": [
                1.0,
                5.0,
                2.0
              ],
              "pivot": [
                0.0,
                0.0,
                0.0
              ],
              "rotation": [
                70.0,
                0.0,
                0.0
              ],
              "uv": [
                24,
                0
              ],
              "inflate": 0
            },
            {
              "origin": [
                -5.3,
                6.0,
                25.0
              ],
              "size": [
                1.0,
                5.0,
                2.0
              ],
              "pivot": [
                0.0,
                0.0,
                0.0
              ],
              "rotation": [
                70.0,
                0.0,
                0.0
              ],
              "uv": [
                0,
                16
              ],
              "inflate": 0
            },
            {
              "origin": [
                19.2,
                23.1,
                -1.0
              ],
              "size": [
                1.0,
                2.0,
                1.0
              ],
              "pivot": [
                0.0,
                0.0,
                0.0
              ],
              "rotation": [
                0.0,
                0.0,
                -25.0
              ],
              "uv": [
                44,
                57
              ],
              "inflate": 0
            },
            {
              "origin": [
                -20.3,
                17.0,
                -1.0
              ],
              "size": [
                1.0,
                3.0,
                1.0
              ],
              "pivot": [
                0.0,
                0.0,
                0.0
              ],
              "rotation": [
                0.0,
                0.0,
                30.0
              ],
              "uv": [
                0,
                32
              ],
              "inflate": 0
            },
            {
              "origin": [
                -18.3,
                23.0,
                -5.0
              ],
              "size": [
                1.0,
                4.0,
                1.0
              ],
              "pivot": [
                0.0,
                0.0,
                0.0
              ],
              "rotation": [
                0.0,
                0.0,
                30.0
              ],
              "uv": [
                32,
                56
              ],
              "inflate": 0
            },
            {
              "origin": [
                0.4,
                22.7,
                -5.0
              ],
              "size": [
                1.0,
                2.0,
                1.0
              ],
              "pivot": [
                0.0,
                0.0,
                0.0
              ],
              "rotation": [
                0.0,
                0.0,
                -10.0
              ],
              "uv": [
                52,
                0
              ],
              "inflate": 0
            },
            {
              "origin": [
                12.1,
                23.7,
                -5.0
              ],
              "size": [
                1.0,
                2.0,
                1.0
              ],
              "pivot": [
                0.0,
                0.0,
                0.0
              ],
              "rotation": [
                0.0,
                0.0,
                -17.5
              ],
              "uv": [
                0,
                48
              ],
              "inflate": 0
            },
            {
              "origin": [
                14.0,
                23.0,
                -5.0
              ],
              "size": [
                1.0,
                2.0,
                2.0
              ],
              "pivot": [
                0.0,
                0.0,
                0.0
              ],
              "rotation": [
                0.0,
                0.0,
                -30.0
              ],
              "uv": [
                12,
                48
              ],
              "inflate": 0
            },
            {
              "origin": [
                18.0,
                18.0,
                -5.0
              ],
              "size": [
                1.0,
                2.0,
                2.0
              ],
              "pivot": [
                0.0,
                0.0,
                0.0
              ],
              "rotation": [
                0.0,
                0.0,
                -41.0
              ],
              "uv": [
                30,
                0
              ],
              "inflate": 0
            },
            {
              "origin": [
                5.7,
                25.0,
                -4.0
              ],
              "size": [
                1.0,
                7.0,
                9.0
              ],
              "pivot": [
                0.0,
                0.0,
                0.0
              ],
              "rotation": [
                0.0,
                0.0,
                -2.5
              ],
              "uv": [
                35,
                41
              ],
              "inflate": 0
            },
            {
              "origin": [
                6.7,
                29.0,
                -2.0
              ],
              "size": [
                1.0,
                3.0,
                3.0
              ],
              "pivot": [
                0.0,
                0.0,
                0.0
              ],
              "rotation": [
                0.0,
                0.0,
                -2.5
              ],
              "uv": [
                0,
                0
              ],
              "inflate": 0
            },
            {
              "origin": [
                -6.3,
                24.0,
                -4.0
              ],
              "size": [
                1.0,
                8.0,
                9.0
              ],
              "pivot": [
                0.0,
                0.0,
                0.0
              ],
              "rotation": [
                0.0,
                0.0,
                2.5
              ],
              "uv": [
                24,
                33
              ],
              "inflate": 0
            },
            {
              "origin": [
                14.7,
                25.0,
                -5.0
              ],
              "size": [
                3.0,
                3.0,
                1.0
              ],
              "pivot": [
                0.0,
                0.0,
                0.0
              ],
              "rotation": [
                0.0,
                0.0,
                -25.0
              ],
              "uv": [
                24,
                19
              ],
              "inflate": 0
            },
            {
              "origin": [
                -24.3,
                15.0,
                -1.0
              ],
              "size": [
                1.0,
                5.0,
                1.0
              ],
              "pivot": [
                0.0,
                0.0,
                0.0
              ],
              "rotation": [
                0.0,
                0.0,
                42.5
              ],
              "uv": [
                41,
                33
              ],
              "inflate": 0
            }
          ],
          "parent": "head"
        },
        {
          "name": "bb_main",
          "cubes": [
            {
              "origin": [
                -5.0,
                22.0,
                4.0
              ],
              "size": [
                10.0,
                10.0,
                1.0
              ],
              "uv": [
                46,
                33
              ],
              "inflate": 0
            },
            {
              "origin": [
                -5.0,
                32.0,
                -4.0
              ],
              "size": [
                10.0,
                1.0,
                9.0
              ],
              "uv": [
                23,
                23
              ],
              "inflate": 0
            },
            {
              "origin": [
                -3.0,
                31.0,
                -5.0
              ],
              "size": [
                8.0,
                2.0,
                1.0
              ],
              "uv": [
                24,
                16
              ],
              "inflate": 0
            },
            {
              "origin": [
                0.0,
                28.0,
                5.0
              ],
              "size": [
                2.0,
                4.0,
                1.0
              ],
              "uv": [
                60,
                76
              ],
              "inflate": 0
            },
            {
              "origin": [
                2.0,
                22.0,
                5.0
              ],
              "size": [
                2.0,
                4.0,
                1.0
              ],
              "uv": [
                22,
                76
              ],
              "inflate": 0
            },
            {
              "origin": [
                -1.0,
                20.0,
                5.0
              ],
              "size": [
                2.0,
                4.0,
                1.0
              ],
              "uv": [
                16,
                76
              ],
              "inflate": 0
            },
            {
              "origin": [
                -4.0,
                20.0,
                5.0
              ],
              "size": [
                2.0,
                4.0,
                1.0
              ],
              "uv": [
                74,
                26
              ],
              "inflate": 0
            },
            {
              "origin": [
                2.0,
                19.0,
                5.0
              ],
              "size": [
                2.0,
                4.0,
                1.0
              ],
              "uv": {
                "north": {
                  "uv": [
                    75,
                    22
                  ],
                  "uv_size": [
                    2,
                    4
                  ]
                },
                "east": {
                  "uv": [
                    74,
                    22
                  ],
                  "uv_size": [
                    1,
                    4
                  ]
                },
                "south": {
                  "uv": [
                    78,
                    22
                  ],
                  "uv_size": [
                    2,
                    4
                  ]
                },
                "west": {
                  "uv": [
                    77,
                    22
                  ],
                  "uv_size": [
                    1,
                    4
                  ]
                },
                "up": {
                  "uv": [
                    75,
                    21
                  ],
                  "uv_size": [
                    2,
                    1
                  ]
                },
                "down": {
                  "uv": [
                    77,
                    22
                  ],
                  "uv_size": [
                    2,
                    -1
                  ]
                }
              },
              "inflate": 0
            },
            {
              "origin": [
                1.0,
                20.0,
                5.0
              ],
              "size": [
                2.0,
                4.0,
                1.0
              ],
              "uv": [
                73,
                71
              ],
              "inflate": 0
            },
            {
              "origin": [
                -3.0,
                27.0,
                5.0
              ],
              "size": [
                2.0,
                4.0,
                1.0
              ],
              "uv": [
                73,
                66
              ],
              "inflate": 0
            },
            {
              "origin": [
                2.0,
                27.0,
                5.0
              ],
              "size": [
                2.0,
                4.0,
                1.0
              ],
              "uv": [
                73,
                61
              ],
              "inflate": 0
            },
            {
              "origin": [
                -3.0,
                24.0,
                13.0
              ],
              "size": [
                2.0,
                4.0,
                1.0
              ],
              "pivot": [
                0.0,
                0.0,
                0.0
              ],
              "rotation": [
                15.0,
                0.0,
                0.0
              ],
              "uv": [
                73,
                56
              ],
              "inflate": 0
            },
            {
              "origin": [
                -3.0,
                21.0,
                13.0
              ],
              "size": [
                2.0,
                4.0,
                1.0
              ],
              "pivot": [
                0.0,
                0.0,
                0.0
              ],
              "rotation": [
                15.0,
                0.0,
                0.0
              ],
              "uv": [
                40,
                73
              ],
              "inflate": 0
            },
            {
              "origin": [
                0.0,
                22.0,
                12.0
              ],
              "size": [
                2.0,
                4.0,
                1.0
              ],
              "pivot": [
                0.0,
                0.0,
                0.0
              ],
              "rotation": [
                15.0,
                0.0,
                0.0
              ],
              "uv": [
                73,
                35
              ],
              "inflate": 0
            },
            {
              "origin": [
                0.0,
                19.0,
                12.0
              ],
              "size": [
                2.0,
                4.0,
                1.0
              ],
              "pivot": [
                0.0,
                0.0,
                0.0
              ],
              "rotation": [
                15.0,
                0.0,
                0.0
              ],
              "uv": [
                34,
                73
              ],
              "inflate": 0
            },
            {
              "origin": [
                -2.0,
                25.0,
                5.0
              ],
              "size": [
                2.0,
                4.0,
                1.0
              ],
              "uv": [
                61,
                28
              ],
              "inflate": 0
            }
          ],
          "parent": "head"
        },
        {
          "name": "rightLeg",
          "pivot": [
            -1.9,
            12,
            0
          ],
          "cubes": [
            {
              "origin": [
                -3.9,
                0.0,
                -2.0
              ],
              "size": [
                4.0,
                12.0,
                4.0
              ],
              "uv": [
                52,
                12
              ],
              "inflate": 0.25
            }
          ],
          "parent": "waist"
        },
        {
          "name": "leftLeg",
          "pivot": [
            1.9,
            12,
            0
          ],
          "cubes": [
            {
              "origin": [
                -0.1,
                0.0,
                -2.0
              ],
              "size": [
                4.0,
                12.0,
                4.0
              ],
              "uv": [
                0,
                48
              ],
              "inflate": 0.25
            }
          ],
          "parent": "waist"
        }
      ]
    }
  ]
}