{
  "format_version": "1.12.0",
  "minecraft:geometry": [
    {
      "description": {
        "identifier": "geometry.entity_future_devil",
        "texture_width": 128,
        "texture_height": 128,
        "visible_bounds_width": 5,
        "visible_bounds_height": 6,
        "visible_bounds_offset": [
          0,
          2,
          0
        ]
      },
      "bones": [
        {
          "name": "bb_main",
          "cubes": [
            {
              "origin": [
                -4.0,
                19.0,
                2.4
              ],
              "size": [
                7.0,
                12.6,
                5.0
              ],
              "uv": [
                34,
                0
              ],
              "inflate": 0
            },
            {
              "origin": [
                -2.6,
                0.7,
                2.8
              ],
              "size": [
                3.6,
                21.0,
                5.0
              ],
              "pivot": [
                1.3,
                -5.1,
                0.0
              ],
              "rotation": [
                0.0,
                0.0,
                -4.0
              ],
              "uv": [
                17,
                0
              ],
              "inflate": 0
            },
            {
              "origin": [
                -3.2,
                0.3,
                2.8
              ],
              "size": [
                3.6,
                21.0,
                5.0
              ],
              "pivot": [
                1.0,
                -5.1,
                0.0
              ],
              "rotation": [
                0.0,
                0.0,
                7.0
              ],
              "uv": [
                0,
                0
              ],
              "inflate": 0
            },
            {
              "origin": [
                -40.5,
                -11.7,
                2.2
              ],
              "size": [
                5.1,
                11.3,
                5.0
              ],
              "pivot": [
                0.0,
                -5.1,
                0.0
              ],
              "rotation": [
                0.0,
                0.0,
                90.0
              ],
              "uv": [
                58,
                13
              ],
              "inflate": 0
            },
            {
              "origin": [
                -45.3,
                -13.3,
                2.9
              ],
              "size": [
                6.5,
                15.4,
                5.0
              ],
              "pivot": [
                0.0,
                -5.1,
                0.0
              ],
              "rotation": [
                0.0,
                0.0,
                90.0
              ],
              "uv": [
                29,
                35
              ],
              "inflate": 0
            },
            {
              "origin": [
                -47.2,
                -26.6,
                3.0
              ],
              "size": [
                4.4,
                13.2,
                5.0
              ],
              "pivot": [
                0.0,
                -5.1,
                0.0
              ],
              "rotation": [
                0.0,
                0.0,
                94.0
              ],
              "uv": [
                57,
                30
              ],
              "inflate": 0
            },
            {
              "origin": [
                -45.3,
                -41.0,
                3.0
              ],
              "size": [
                4.4,
                10.6,
                5.0
              ],
              "pivot": [
                0.0,
                -5.1,
                0.0
              ],
              "rotation": [
                0.0,
                0.0,
                99.0
              ],
              "uv": [
                74,
                0
              ],
              "inflate": 0
            },
            {
              "origin": [
                -53.5,
                -27.2,
                4.2
              ],
              "size": [
                4.0,
                10.6,
                2.6
              ],
              "pivot": [
                0.0,
                -5.1,
                0.0
              ],
              "rotation": [
                0.0,
                0.0,
                99.0
              ],
              "uv": [
                74,
                0
              ],
              "inflate": 0
            },
            {
              "origin": [
                -15.4,
                -15.4,
                4.2
              ],
              "size": [
                4.0,
                13.2,
                2.6
              ],
              "pivot": [
                0.0,
                -5.1,
                0.0
              ],
              "rotation": [
                0.0,
                0.0,
                99.0
              ],
              "uv": [
                74,
                0
              ],
              "inflate": 0
            },
            {
              "origin": [
                -1.82525,
                48.25767,
                3.33985
              ],
              "size": [
                4.0,
                10.6,
                2.6
              ],
              "pivot": [
                0.0,
                44.8,
                0.0
              ],
              "rotation": [
                0.46951,
                -0.88294,
                70.99638
              ],
              "uv": [
                74,
                0
              ],
              "inflate": 0
            },
            {
              "origin": [
                5.97475,
                44.25767,
                3.33985
              ],
              "size": [
                4.0,
                10.6,
                2.6
              ],
              "pivot": [
                0.0,
                44.8,
                0.0
              ],
              "rotation": [
                0.9272,
                0.37459,
                -12.99697
              ],
              "uv": [
                74,
                0
              ],
              "inflate": 0
            },
            {
              "origin": [
                6.97475,
                52.05767,
                3.33985
              ],
              "size": [
                4.0,
                10.6,
                2.6
              ],
              "pivot": [
                0.0,
                44.8,
                0.0
              ],
              "rotation": [
                0.96593,
                -0.25881,
                23.99782
              ],
              "uv": [
                74,
                0
              ],
              "inflate": 0
            },
            {
              "origin": [
                18.17475,
                8.85767,
                3.33985
              ],
              "size": [
                4.0,
                10.6,
                2.6
              ],
              "pivot": [
                0.0,
                44.8,
                0.0
              ],
              "rotation": [
                0.96593,
                -0.25881,
                23.99782
              ],
              "uv": [
                74,
                0
              ],
              "inflate": 0
            },
            {
              "origin": [
                -14.82525,
                23.35767,
                3.33985
              ],
              "size": [
                4.0,
                10.6,
                2.6
              ],
              "pivot": [
                0.0,
                44.8,
                0.0
              ],
              "rotation": [
                0.96593,
                -0.25881,
                23.99782
              ],
              "uv": [
                74,
                0
              ],
              "inflate": 0
            },
            {
              "origin": [
                -6.2,
                -70.3,
                4.2
              ],
              "size": [
                4.0,
                10.6,
                2.6
              ],
              "pivot": [
                0.0,
                -5.1,
                0.0
              ],
              "rotation": [
                0.0,
                0.0,
                168.0
              ],
              "uv": [
                74,
                0
              ],
              "inflate": 0
            },
            {
              "origin": [
                -34.1,
                -61.0,
                4.2
              ],
              "size": [
                4.0,
                10.6,
                2.6
              ],
              "pivot": [
                0.0,
                -5.1,
                0.0
              ],
              "rotation": [
                0.0,
                0.0,
                133.0
              ],
              "uv": [
                74,
                0
              ],
              "inflate": 0
            },
            {
              "origin": [
                -34.1,
                -45.9,
                4.2
              ],
              "size": [
                4.0,
                11.8,
                2.6
              ],
              "pivot": [
                0.0,
                -5.1,
                0.0
              ],
              "rotation": [
                0.0,
                0.0,
                165.0
              ],
              "uv": [
                74,
                0
              ],
              "inflate": 0
            },
            {
              "origin": [
                2.2,
                -32.3,
                4.2
              ],
              "size": [
                4.0,
                11.8,
                2.6
              ],
              "pivot": [
                0.0,
                -5.1,
                0.0
              ],
              "rotation": [
                0.0,
                0.0,
                165.0
              ],
              "uv": [
                74,
                0
              ],
              "inflate": 0
            },
            {
              "origin": [
                -46.0,
                17.1,
                3.0
              ],
              "size": [
                4.4,
                10.6,
                5.0
              ],
              "pivot": [
                0.0,
                -5.1,
                0.0
              ],
              "rotation": [
                0.0,
                0.0,
                83.0
              ],
              "uv": [
                73,
                69
              ],
              "inflate": 0
            },
            {
              "origin": [
                0.1,
                19.9,
                1.0
              ],
              "size": [
                2.0,
                10.0,
                8.0
              ],
              "pivot": [
                0.0,
                -5.1,
                0.0
              ],
              "rotation": [
                0.0,
                0.0,
                -10.0
              ],
              "uv": [
                44,
                48
              ],
              "inflate": 0
            },
            {
              "origin": [
                15.1,
                25.9,
                1.0
              ],
              "size": [
                2.0,
                6.0,
                8.0
              ],
              "pivot": [
                0.0,
                -5.1,
                0.0
              ],
              "rotation": [
                0.0,
                0.0,
                -35.0
              ],
              "uv": [
                68,
                41
              ],
              "inflate": 0
            },
            {
              "origin": [
                -8.52233,
                34.59137,
                1.0
              ],
              "size": [
                2.0,
                6.0,
                8.0
              ],
              "pivot": [
                -0.3,
                31.9,
                0.0
              ],
              "rotation": [
                0.0,
                0.0,
                -10.0
              ],
              "uv": [
                0,
                67
              ],
              "inflate": 0
            },
            {
              "origin": [
                5.77767,
                34.59137,
                1.0
              ],
              "size": [
                2.0,
                6.0,
                8.0
              ],
              "pivot": [
                0.0,
                31.9,
                0.0
              ],
              "rotation": [
                0.0,
                0.0,
                10.0
              ],
              "uv": [
                57,
                59
              ],
              "inflate": 0
            },
            {
              "origin": [
                -18.2,
                25.9,
                1.0
              ],
              "size": [
                2.0,
                6.0,
                8.0
              ],
              "pivot": [
                0.0,
                -5.1,
                0.0
              ],
              "rotation": [
                0.0,
                0.0,
                35.0
              ],
              "uv": [
                27,
                67
              ],
              "inflate": 0
            },
            {
              "origin": [
                -3.1,
                19.9,
                1.0
              ],
              "size": [
                2.0,
                10.0,
                8.0
              ],
              "pivot": [
                0.0,
                -5.1,
                0.0
              ],
              "rotation": [
                0.0,
                0.0,
                10.0
              ],
              "uv": [
                0,
                42
              ],
              "inflate": 0
            },
            {
              "origin": [
                -12.7,
                36.7,
                1.2
              ],
              "size": [
                7.8,
                7.8,
                7.8
              ],
              "uv": [
                29,
                20
              ],
              "inflate": 0
            },
            {
              "origin": [
                -3.6,
                40.0,
                3.8
              ],
              "size": [
                6.2,
                5.4,
                3.4
              ],
              "uv": [
                76,
                27
              ],
              "inflate": 0
            },
            {
              "origin": [
                -4.1,
                48.5,
                3.8
              ],
              "size": [
                7.8,
                7.0,
                3.4
              ],
              "uv": [
                48,
                74
              ],
              "inflate": 0
            },
            {
              "origin": [
                -5.4,
                45.3,
                3.8
              ],
              "size": [
                9.8,
                3.4,
                3.4
              ],
              "uv": [
                70,
                56
              ],
              "inflate": 0
            },
            {
              "origin": [
                3.7,
                36.7,
                1.2
              ],
              "size": [
                7.8,
                7.8,
                7.8
              ],
              "uv": [
                0,
                27
              ],
              "inflate": 0
            },
            {
              "origin": [
                -47.2,
                1.4,
                3.0
              ],
              "size": [
                4.4,
                13.2,
                5.0
              ],
              "pivot": [
                0.0,
                -5.1,
                0.0
              ],
              "rotation": [
                0.0,
                0.0,
                87.0
              ],
              "uv": [
                16,
                56
              ],
              "inflate": 0
            }
          ]
        }
      ]
    }
  ]
}