{
  "format_version": "1.10.0",
  "geometry.entity_typhoon_man": {
    "texturewidth": 64,
    "textureheight": 64,
    "visible_bounds_width": 2,
    "visible_bounds_height": 3,
    "visible_bounds_offset": [
      0,
      1.5,
      0
    ],
    "bones": [
      {
        "name": "waist",
        "pivot": [
          0,
          12,
          0
        ]
      },
      {
        "name": "body",
        "pivot": [
          0,
          11,
          0
        ],
        "cubes": [
          {
            "origin": [
              -4.0,
              12.0,
              -2.0
            ],
            "size": [
              8.0,
              12.0,
              4.0
            ],
            "uv": [
              28,
              28
            ],
            "inflate": 0
          }
        ],
        "parent": "waist"
      },
      {
        "name": "head",
        "pivot": [
          0,
          24,
          0
        ],
        "cubes": [
          {
            "origin": [
              -4.0,
              24.0,
              -4.0
            ],
            "size": [
              8.0,
              8.0,
              8.0
            ],
            "uv": [
              0,
              16
            ],
            "inflate": 0.5
          },
          {
            "origin": [
              -4.0,
              24.0,
              -4.0
            ],
            "size": [
              8.0,
              8.0,
              8.0
            ],
            "uv": [
              0,
              0
            ],
            "inflate": 0
          }
        ],
        "parent": "body"
      },
      {
        "name": "rightArm",
        "pivot": [
          -5,
          22,
          0
        ],
        "cubes": [
          {
            "origin": [
              -8.0,
              12.0,
              -2.0
            ],
            "size": [
              4.0,
              12.0,
              4.0
            ],
            "uv": [
              44,
              12
            ],
            "inflate": 0
          }
        ],
        "parent": "body"
      },
      {
        "name": "rightItem",
        "pivot": [
          -6,
          14,
          3
        ],
        "parent": "rightArm"
      },
      {
        "name": "leftArm",
        "pivot": [
          5,
          22,
          0
        ],
        "cubes": [
          {
            "origin": [
              4.0,
              12.0,
              -2.0
            ],
            "size": [
              4.0,
              12.0,
              4.0
            ],
            "uv": [
              16,
              40
            ],
            "inflate": 0,
            "mirror": false
          }
        ],
        "parent": "body",
        "mirror": true
      },
      {
        "name": "rightLeg",
        "pivot": [
          -2,
          12,
          0
        ],
        "cubes": [
          {
            "origin": [
              -4.0,
              0.0,
              -2.0
            ],
            "size": [
              4.0,
              12.0,
              4.0
            ],
            "uv": [
              32,
              0
            ],
            "inflate": 0
          }
        ],
        "parent": "waist"
      },
      {
        "name": "leftLeg",
        "pivot": [
          2,
          12,
          0
        ],
        "cubes": [
          {
            "origin": [
              0.0,
              0.0,
              -2.0
            ],
            "size": [
              4.0,
              12.0,
              4.0
            ],
            "uv": [
              0,
              32
            ],
            "inflate": 0,
            "mirror": false
          }
        ],
        "parent": "waist",
        "mirror": true
      }
    ]
  }
}