{
  "format_version": "1.12.0",
  "minecraft:geometry": [
    {
      "description": {
        "identifier": "geometry.entity_hell_devil",
        "texture_width": 128,
        "texture_height": 128,
        "visible_bounds_width": 6,
        "visible_bounds_height": 5,
        "visible_bounds_offset": [
          0,
          0.5,
          0
        ]
      },
      "bones": [
        {
          "name": "bb_main",
          "cubes": [
            {
              "origin": [
                -4.0,
                13.9,
                -1.0
              ],
              "size": [
                8.0,
                4.9,
                3.0
              ],
              "uv": [
                0,
                0
              ],
              "inflate": 0
            },
            {
              "origin": [
                -4.0,
                18.1,
                -1.0
              ],
              "size": [
                8.0,
                13.9,
                3.0
              ],
              "uv": [
                0,
                0
              ],
              "inflate": 0
            },
            {
              "origin": [
                -3.0,
                4.0,
                -17.0
              ],
              "size": [
                6.0,
                11.0,
                3.0
              ],
              "pivot": [
                0.0,
                2.0,
                0.0
              ],
              "rotation": [
                -90.0,
                0.0,
                0.0
              ],
              "uv": [
                0,
                41
              ],
              "inflate": 0
            },
            {
              "origin": [
                2.0,
                7.0,
                -2.0
              ],
              "size": [
                3.0,
                10.0,
                5.0
              ],
              "uv": [
                48,
                16
              ],
              "inflate": 0
            },
            {
              "origin": [
                -5.0,
                7.0,
                -2.0
              ],
              "size": [
                3.0,
                10.0,
                5.0
              ],
              "uv": [
                46,
                0
              ],
              "inflate": 0
            },
            {
              "origin": [
                -4.0,
                -0.3,
                2.0
              ],
              "size": [
                1.0,
                8.0,
                1.0
              ],
              "uv": [
                20,
                74
              ],
              "inflate": 0
            },
            {
              "origin": [
                -3.0,
                -0.3,
                0.0
              ],
              "size": [
                1.0,
                8.0,
                1.0
              ],
              "uv": [
                74,
                0
              ],
              "inflate": 0
            },
            {
              "origin": [
                3.0,
                -0.3,
                1.0
              ],
              "size": [
                1.0,
                8.0,
                1.0
              ],
              "uv": [
                5,
                71
              ],
              "inflate": 0
            },
            {
              "origin": [
                2.0,
                -0.3,
                0.0
              ],
              "size": [
                1.0,
                8.0,
                1.0
              ],
              "uv": [
                10,
                72
              ],
              "inflate": 0
            },
            {
              "origin": [
                4.0,
                -0.3,
                9.0
              ],
              "size": [
                1.0,
                8.0,
                1.0
              ],
              "uv": [
                70,
                54
              ],
              "inflate": 0
            },
            {
              "origin": [
                3.0,
                -0.3,
                11.0
              ],
              "size": [
                1.0,
                8.0,
                1.0
              ],
              "uv": [
                70,
                64
              ],
              "inflate": 0
            },
            {
              "origin": [
                -5.0,
                -0.3,
                9.0
              ],
              "size": [
                1.0,
                8.0,
                1.0
              ],
              "uv": [
                70,
                44
              ],
              "inflate": 0
            },
            {
              "origin": [
                -3.0,
                -0.3,
                9.0
              ],
              "size": [
                1.0,
                8.0,
                1.0
              ],
              "uv": [
                49,
                32
              ],
              "inflate": 0
            },
            {
              "origin": [
                -4.0,
                -0.3,
                11.0
              ],
              "size": [
                1.0,
                8.0,
                1.0
              ],
              "uv": [
                33,
                70
              ],
              "inflate": 0
            },
            {
              "origin": [
                2.0,
                -0.3,
                9.0
              ],
              "size": [
                1.0,
                8.0,
                1.0
              ],
              "uv": [
                38,
                70
              ],
              "inflate": 0
            },
            {
              "origin": [
                4.0,
                -0.3,
                -1.0
              ],
              "size": [
                1.0,
                8.0,
                1.0
              ],
              "uv": [
                72,
                14
              ],
              "inflate": 0
            },
            {
              "origin": [
                -5.0,
                -0.3,
                -1.0
              ],
              "size": [
                1.0,
                8.0,
                1.0
              ],
              "uv": [
                15,
                72
              ],
              "inflate": 0
            },
            {
              "origin": [
                -15.0,
                16.2,
                -1.0
              ],
              "size": [
                2.0,
                10.7,
                3.0
              ],
              "pivot": [
                0.0,
                6.9,
                0.0
              ],
              "rotation": [
                0.0,
                0.0,
                25.0
              ],
              "uv": [
                63,
                0
              ],
              "inflate": 0
            },
            {
              "origin": [
                13.0,
                16.2,
                -1.0
              ],
              "size": [
                2.0,
                10.7,
                3.0
              ],
              "pivot": [
                0.0,
                6.9,
                0.0
              ],
              "rotation": [
                0.0,
                0.0,
                -25.0
              ],
              "uv": [
                22,
                60
              ],
              "inflate": 0
            },
            {
              "origin": [
                7.4,
                7.9,
                -11.0
              ],
              "size": [
                2.6,
                12.4,
                4.1
              ],
              "pivot": [
                0.0,
                6.9,
                0.0
              ],
              "rotation": [
                -37.0,
                0.0,
                0.0
              ],
              "uv": [
                50,
                51
              ],
              "inflate": 0
            },
            {
              "origin": [
                -9.6,
                7.9,
                -11.0
              ],
              "size": [
                2.6,
                12.4,
                4.1
              ],
              "pivot": [
                0.0,
                6.9,
                0.0
              ],
              "rotation": [
                -37.0,
                0.0,
                0.0
              ],
              "uv": [
                54,
                32
              ],
              "inflate": 0
            },
            {
              "origin": [
                -8.6,
                16.8,
                -11.0
              ],
              "size": [
                1.6,
                12.4,
                2.1
              ],
              "pivot": [
                0.0,
                3.8,
                0.0
              ],
              "rotation": [
                -37.0,
                0.0,
                0.0
              ],
              "uv": [
                52,
                68
              ],
              "inflate": 0
            },
            {
              "origin": [
                -0.6,
                -3.0,
                -20.0
              ],
              "size": [
                1.6,
                12.4,
                2.1
              ],
              "pivot": [
                0.0,
                2.0,
                0.0
              ],
              "rotation": [
                -137.0,
                0.0,
                0.0
              ],
              "uv": [
                52,
                68
              ],
              "inflate": 0
            },
            {
              "origin": [
                -4.6,
                22.8,
                -14.0
              ],
              "size": [
                1.6,
                12.4,
                2.1
              ],
              "pivot": [
                0.0,
                3.8,
                0.0
              ],
              "rotation": [
                -37.0,
                0.0,
                0.0
              ],
              "uv": [
                67,
                29
              ],
              "inflate": 0
            },
            {
              "origin": [
                3.4,
                22.8,
                -14.0
              ],
              "size": [
                1.6,
                12.4,
                2.1
              ],
              "pivot": [
                0.0,
                3.8,
                0.0
              ],
              "rotation": [
                -37.0,
                0.0,
                0.0
              ],
              "uv": [
                65,
                14
              ],
              "inflate": 0
            },
            {
              "origin": [
                7.4,
                16.8,
                -11.0
              ],
              "size": [
                1.6,
                12.4,
                2.1
              ],
              "pivot": [
                0.0,
                3.8,
                0.0
              ],
              "rotation": [
                -37.0,
                0.0,
                0.0
              ],
              "uv": [
                45,
                68
              ],
              "inflate": 0
            },
            {
              "origin": [
                6.4,
                18.8,
                -12.0
              ],
              "size": [
                1.6,
                12.4,
                2.1
              ],
              "pivot": [
                0.0,
                3.8,
                0.0
              ],
              "rotation": [
                -37.0,
                0.0,
                0.0
              ],
              "uv": [
                63,
                64
              ],
              "inflate": 0
            },
            {
              "origin": [
                -7.6,
                18.8,
                -12.0
              ],
              "size": [
                1.6,
                12.4,
                2.1
              ],
              "pivot": [
                0.0,
                3.8,
                0.0
              ],
              "rotation": [
                -37.0,
                0.0,
                0.0
              ],
              "uv": [
                63,
                49
              ],
              "inflate": 0
            },
            {
              "origin": [
                -5.0,
                7.0,
                8.0
              ],
              "size": [
                3.0,
                10.0,
                5.0
              ],
              "uv": [
                19,
                44
              ],
              "inflate": 0
            },
            {
              "origin": [
                2.0,
                7.0,
                8.0
              ],
              "size": [
                3.0,
                10.0,
                5.0
              ],
              "uv": [
                37,
                39
              ],
              "inflate": 0
            },
            {
              "origin": [
                -3.0,
                31.8,
                -3.0
              ],
              "size": [
                6.0,
                7.0,
                6.0
              ],
              "uv": [
                17,
                30
              ],
              "inflate": 0
            },
            {
              "origin": [
                -3.0,
                17.0,
                1.0
              ],
              "size": [
                6.0,
                7.0,
                6.0
              ],
              "uv": [
                23,
                16
              ],
              "inflate": 0
            },
            {
              "origin": [
                -1.0,
                17.0,
                7.0
              ],
              "size": [
                5.0,
                9.0,
                6.0
              ],
              "uv": [
                23,
                0
              ],
              "inflate": 0
            },
            {
              "origin": [
                -4.0,
                17.0,
                7.0
              ],
              "size": [
                5.0,
                9.0,
                6.0
              ],
              "uv": [
                0,
                17
              ],
              "inflate": 0
            },
            {
              "origin": [
                -3.0,
                17.0,
                7.0
              ],
              "size": [
                2.0,
                11.0,
                3.0
              ],
              "uv": [
                11,
                57
              ],
              "inflate": 0
            },
            {
              "origin": [
                -3.0,
                21.0,
                10.0
              ],
              "size": [
                2.0,
                11.0,
                3.0
              ],
              "uv": [
                11,
                57
              ],
              "inflate": 0
            },
            {
              "origin": [
                -1.0,
                23.0,
                3.0
              ],
              "size": [
                2.0,
                11.0,
                3.0
              ],
              "uv": [
                36,
                55
              ],
              "inflate": 0
            },
            {
              "origin": [
                -3.0,
                19.0,
                3.0
              ],
              "size": [
                2.0,
                11.0,
                3.0
              ],
              "uv": [
                36,
                55
              ],
              "inflate": 0
            },
            {
              "origin": [
                2.0,
                19.0,
                5.0
              ],
              "size": [
                2.0,
                11.0,
                3.0
              ],
              "uv": [
                36,
                55
              ],
              "inflate": 0
            },
            {
              "origin": [
                1.0,
                17.0,
                9.0
              ],
              "size": [
                2.0,
                11.0,
                3.0
              ],
              "uv": [
                0,
                56
              ],
              "inflate": 0
            },
            {
              "origin": [
                -1.0,
                22.0,
                9.0
              ],
              "size": [
                2.0,
                11.0,
                3.0
              ],
              "uv": [
                0,
                56
              ],
              "inflate": 0
            },
            {
              "origin": [
                12.0,
                31.8,
                -4.0
              ],
              "size": [
                4.0,
                1.0,
                1.0
              ],
              "pivot": [
                0.0,
                5.8,
                0.0
              ],
              "rotation": [
                0.0,
                0.0,
                -25.0
              ],
              "uv": [
                17,
                17
              ],
              "inflate": 0
            },
            {
              "origin": [
                -16.0,
                31.8,
                -4.0
              ],
              "size": [
                4.0,
                1.0,
                1.0
              ],
              "pivot": [
                0.0,
                5.8,
                0.0
              ],
              "rotation": [
                0.0,
                0.0,
                25.0
              ],
              "uv": [
                0,
                33
              ],
              "inflate": 0
            }
          ]
        }
      ]
    }
  ]
}