{
  "format_version": "1.12.0",
  "minecraft:geometry": [
    {
      "description": {
        "identifier": "geometry.entity_ghost_devil",
        "texture_width": 128,
        "texture_height": 128,
        "visible_bounds_width": 3,
        "visible_bounds_height": 6,
        "visible_bounds_offset": [
          0,
          2,
          0
        ]
      },
      "bones": [
        {
          "name": "bb_main",
          "cubes": [
            {
              "origin": [
                -6.0,
                0.0,
                -7.0
              ],
              "size": [
                3.0,
                2.0,
                3.0
              ],
              "uv": [
                108,
                93
              ],
              "inflate": 0
            },
            {
              "origin": [
                -2.0,
                0.0,
                -7.0
              ],
              "size": [
                3.0,
                2.0,
                3.0
              ],
              "uv": [
                108,
                88
              ],
              "inflate": 0
            },
            {
              "origin": [
                -2.0,
                0.0,
                0.0
              ],
              "size": [
                3.0,
                2.0,
                3.0
              ],
              "uv": [
                107,
                68
              ],
              "inflate": 0
            },
            {
              "origin": [
                2.0,
                0.0,
                0.0
              ],
              "size": [
                3.0,
                2.0,
                3.0
              ],
              "uv": [
                57,
                107
              ],
              "inflate": 0
            },
            {
              "origin": [
                2.0,
                0.0,
                -7.0
              ],
              "size": [
                3.0,
                2.0,
                3.0
              ],
              "uv": [
                108,
                23
              ],
              "inflate": 0
            },
            {
              "origin": [
                -6.0,
                0.0,
                -4.0
              ],
              "size": [
                3.0,
                13.0,
                3.0
              ],
              "uv": [
                96,
                16
              ],
              "inflate": 0
            },
            {
              "origin": [
                -8.0,
                0.0,
                -3.0
              ],
              "size": [
                3.0,
                13.0,
                3.0
              ],
              "pivot": [
                0.0,
                0.0,
                0.0
              ],
              "rotation": [
                0.0,
                25.0,
                0.0
              ],
              "uv": [
                72,
                91
              ],
              "inflate": 0
            },
            {
              "origin": [
                -8.0,
                0.0,
                4.0
              ],
              "size": [
                3.0,
                13.0,
                3.0
              ],
              "pivot": [
                0.0,
                0.0,
                0.0
              ],
              "rotation": [
                0.0,
                25.0,
                0.0
              ],
              "uv": [
                53,
                0
              ],
              "inflate": 0
            },
            {
              "origin": [
                -12.0,
                0.0,
                0.0
              ],
              "size": [
                3.0,
                13.0,
                3.0
              ],
              "pivot": [
                0.0,
                0.0,
                0.0
              ],
              "rotation": [
                0.0,
                30.0,
                0.0
              ],
              "uv": [
                60,
                91
              ],
              "inflate": 0
            },
            {
              "origin": [
                -12.0,
                12.0,
                -4.0
              ],
              "size": [
                3.0,
                9.0,
                3.0
              ],
              "pivot": [
                0.0,
                0.0,
                0.0
              ],
              "rotation": [
                -20.0,
                30.0,
                0.0
              ],
              "uv": [
                105,
                102
              ],
              "inflate": 0
            },
            {
              "origin": [
                -12.0,
                0.0,
                -3.0
              ],
              "size": [
                3.0,
                2.0,
                3.0
              ],
              "pivot": [
                0.0,
                0.0,
                0.0
              ],
              "rotation": [
                0.0,
                30.0,
                0.0
              ],
              "uv": [
                81,
                107
              ],
              "inflate": 0
            },
            {
              "origin": [
                -8.0,
                11.0,
                -7.0
              ],
              "size": [
                3.0,
                10.0,
                3.0
              ],
              "pivot": [
                0.0,
                0.0,
                0.0
              ],
              "rotation": [
                -17.5,
                25.0,
                0.0
              ],
              "uv": [
                98,
                58
              ],
              "inflate": 0
            },
            {
              "origin": [
                -8.0,
                13.0,
                0.0
              ],
              "size": [
                3.0,
                9.0,
                3.0
              ],
              "pivot": [
                0.0,
                0.0,
                0.0
              ],
              "rotation": [
                -17.5,
                25.0,
                0.0
              ],
              "uv": [
                93,
                105
              ],
              "inflate": 0
            },
            {
              "origin": [
                -8.0,
                0.0,
                -6.0
              ],
              "size": [
                3.0,
                2.0,
                3.0
              ],
              "pivot": [
                0.0,
                0.0,
                0.0
              ],
              "rotation": [
                0.0,
                25.0,
                0.0
              ],
              "uv": [
                108,
                18
              ],
              "inflate": 0
            },
            {
              "origin": [
                -8.0,
                0.0,
                1.0
              ],
              "size": [
                3.0,
                2.0,
                3.0
              ],
              "pivot": [
                0.0,
                0.0,
                0.0
              ],
              "rotation": [
                0.0,
                25.0,
                0.0
              ],
              "uv": [
                9,
                106
              ],
              "inflate": 0
            },
            {
              "origin": [
                -6.0,
                10.0,
                -9.0
              ],
              "size": [
                3.0,
                10.0,
                3.0
              ],
              "pivot": [
                0.0,
                0.0,
                0.0
              ],
              "rotation": [
                -22.5,
                0.0,
                0.0
              ],
              "uv": [
                33,
                104
              ],
              "inflate": 0
            },
            {
              "origin": [
                -2.0,
                11.0,
                0.0
              ],
              "size": [
                3.0,
                10.0,
                3.0
              ],
              "pivot": [
                0.0,
                0.0,
                0.0
              ],
              "rotation": [
                -15.0,
                0.0,
                0.0
              ],
              "uv": [
                101,
                45
              ],
              "inflate": 0
            },
            {
              "origin": [
                2.0,
                11.0,
                0.0
              ],
              "size": [
                3.0,
                10.0,
                3.0
              ],
              "pivot": [
                0.0,
                0.0,
                0.0
              ],
              "rotation": [
                -15.0,
                0.0,
                0.0
              ],
              "uv": [
                49,
                35
              ],
              "inflate": 0
            },
            {
              "origin": [
                -2.0,
                10.0,
                -9.0
              ],
              "size": [
                3.0,
                10.0,
                3.0
              ],
              "pivot": [
                0.0,
                0.0,
                0.0
              ],
              "rotation": [
                -22.5,
                0.0,
                0.0
              ],
              "uv": [
                89,
                48
              ],
              "inflate": 0
            },
            {
              "origin": [
                2.0,
                10.0,
                -9.0
              ],
              "size": [
                3.0,
                10.0,
                3.0
              ],
              "pivot": [
                0.0,
                0.0,
                0.0
              ],
              "rotation": [
                -22.5,
                0.0,
                0.0
              ],
              "uv": [
                101,
                32
              ],
              "inflate": 0
            },
            {
              "origin": [
                -2.0,
                0.0,
                -4.0
              ],
              "size": [
                3.0,
                13.0,
                3.0
              ],
              "uv": [
                94,
                0
              ],
              "inflate": 0
            },
            {
              "origin": [
                -2.0,
                0.0,
                3.0
              ],
              "size": [
                3.0,
                13.0,
                3.0
              ],
              "uv": [
                89,
                32
              ],
              "inflate": 0
            },
            {
              "origin": [
                2.0,
                0.0,
                3.0
              ],
              "size": [
                3.0,
                13.0,
                3.0
              ],
              "uv": [
                84,
                16
              ],
              "inflate": 0
            },
            {
              "origin": [
                2.0,
                0.0,
                -4.0
              ],
              "size": [
                3.0,
                13.0,
                3.0
              ],
              "uv": [
                84,
                91
              ],
              "inflate": 0
            },
            {
              "origin": [
                5.0,
                0.0,
                -6.0
              ],
              "size": [
                3.0,
                13.0,
                3.0
              ],
              "pivot": [
                0.0,
                0.0,
                0.0
              ],
              "rotation": [
                0.0,
                -20.0,
                0.0
              ],
              "uv": [
                48,
                91
              ],
              "inflate": 0
            },
            {
              "origin": [
                8.0,
                13.0,
                2.0
              ],
              "size": [
                3.0,
                7.0,
                3.0
              ],
              "pivot": [
                0.0,
                0.0,
                0.0
              ],
              "rotation": [
                -7.5,
                -20.0,
                0.0
              ],
              "uv": [
                62,
                51
              ],
              "inflate": 0
            },
            {
              "origin": [
                3.0,
                13.0,
                6.0
              ],
              "size": [
                3.0,
                8.0,
                3.0
              ],
              "pivot": [
                0.0,
                0.0,
                0.0
              ],
              "rotation": [
                -7.5,
                -20.0,
                0.0
              ],
              "uv": [
                106,
                0
              ],
              "inflate": 0
            },
            {
              "origin": [
                8.0,
                0.0,
                4.0
              ],
              "size": [
                3.0,
                13.0,
                3.0
              ],
              "pivot": [
                0.0,
                0.0,
                0.0
              ],
              "rotation": [
                0.0,
                -20.0,
                0.0
              ],
              "uv": [
                82,
                0
              ],
              "inflate": 0
            },
            {
              "origin": [
                3.0,
                0.0,
                8.0
              ],
              "size": [
                3.0,
                13.0,
                3.0
              ],
              "pivot": [
                0.0,
                0.0,
                0.0
              ],
              "rotation": [
                0.0,
                -20.0,
                0.0
              ],
              "uv": [
                0,
                0
              ],
              "inflate": 0
            },
            {
              "origin": [
                5.0,
                9.0,
                -10.0
              ],
              "size": [
                3.0,
                11.0,
                3.0
              ],
              "pivot": [
                0.0,
                0.0,
                0.0
              ],
              "rotation": [
                -20.0,
                -20.0,
                0.0
              ],
              "uv": [
                96,
                91
              ],
              "inflate": 0
            },
            {
              "origin": [
                9.0,
                10.0,
                -7.0
              ],
              "size": [
                3.0,
                10.0,
                3.0
              ],
              "pivot": [
                0.0,
                0.0,
                0.0
              ],
              "rotation": [
                -20.0,
                -20.0,
                0.0
              ],
              "uv": [
                0,
                35
              ],
              "inflate": 0
            },
            {
              "origin": [
                9.0,
                0.0,
                -3.0
              ],
              "size": [
                3.0,
                13.0,
                3.0
              ],
              "pivot": [
                0.0,
                0.0,
                0.0
              ],
              "rotation": [
                0.0,
                -20.0,
                0.0
              ],
              "uv": [
                62,
                35
              ],
              "inflate": 0
            },
            {
              "origin": [
                5.0,
                0.0,
                -9.0
              ],
              "size": [
                3.0,
                2.0,
                3.0
              ],
              "pivot": [
                0.0,
                0.0,
                0.0
              ],
              "rotation": [
                0.0,
                -20.0,
                0.0
              ],
              "uv": [
                69,
                107
              ],
              "inflate": 0
            },
            {
              "origin": [
                9.0,
                0.0,
                -6.0
              ],
              "size": [
                3.0,
                2.0,
                3.0
              ],
              "pivot": [
                0.0,
                0.0,
                0.0
              ],
              "rotation": [
                0.0,
                -20.0,
                0.0
              ],
              "uv": [
                45,
                107
              ],
              "inflate": 0
            },
            {
              "origin": [
                8.0,
                0.0,
                1.0
              ],
              "size": [
                3.0,
                2.0,
                3.0
              ],
              "pivot": [
                0.0,
                0.0,
                0.0
              ],
              "rotation": [
                0.0,
                -20.0,
                0.0
              ],
              "uv": [
                21,
                106
              ],
              "inflate": 0
            },
            {
              "origin": [
                3.0,
                0.0,
                5.0
              ],
              "size": [
                3.0,
                2.0,
                3.0
              ],
              "pivot": [
                0.0,
                0.0,
                0.0
              ],
              "rotation": [
                0.0,
                -20.0,
                0.0
              ],
              "uv": [
                105,
                13
              ],
              "inflate": 0
            },
            {
              "origin": [
                -7.0,
                19.0,
                -1.0
              ],
              "size": [
                18.0,
                26.0,
                13.0
              ],
              "uv": [
                0,
                35
              ],
              "inflate": 0
            },
            {
              "origin": [
                -7.0,
                45.0,
                -9.0
              ],
              "size": [
                18.0,
                18.0,
                17.0
              ],
              "pivot": [
                0.0,
                0.0,
                0.0
              ],
              "rotation": [
                10.0,
                0.0,
                0.0
              ],
              "uv": [
                0,
                0
              ],
              "inflate": 0
            },
            {
              "origin": [
                -8.0,
                36.0,
                3.0
              ],
              "size": [
                1.0,
                27.0,
                5.0
              ],
              "pivot": [
                0.0,
                0.0,
                0.0
              ],
              "rotation": [
                10.0,
                0.0,
                0.0
              ],
              "uv": [
                24,
                74
              ],
              "inflate": 0
            },
            {
              "origin": [
                11.0,
                36.0,
                3.0
              ],
              "size": [
                1.0,
                27.0,
                5.0
              ],
              "pivot": [
                0.0,
                0.0,
                0.0
              ],
              "rotation": [
                10.0,
                0.0,
                0.0
              ],
              "uv": [
                12,
                74
              ],
              "inflate": 0
            },
            {
              "origin": [
                -8.0,
                38.0,
                -2.0
              ],
              "size": [
                1.0,
                25.0,
                5.0
              ],
              "pivot": [
                0.0,
                0.0,
                0.0
              ],
              "rotation": [
                10.0,
                0.0,
                0.0
              ],
              "uv": [
                77,
                30
              ],
              "inflate": 0
            },
            {
              "origin": [
                11.0,
                38.0,
                -2.0
              ],
              "size": [
                1.0,
                25.0,
                5.0
              ],
              "pivot": [
                0.0,
                0.0,
                0.0
              ],
              "rotation": [
                10.0,
                0.0,
                0.0
              ],
              "uv": [
                36,
                74
              ],
              "inflate": 0
            },
            {
              "origin": [
                -8.0,
                33.0,
                -7.0
              ],
              "size": [
                1.0,
                30.0,
                5.0
              ],
              "pivot": [
                0.0,
                0.0,
                0.0
              ],
              "rotation": [
                10.0,
                0.0,
                0.0
              ],
              "uv": [
                0,
                74
              ],
              "inflate": 0
            },
            {
              "origin": [
                11.0,
                33.0,
                -7.0
              ],
              "size": [
                1.0,
                30.0,
                5.0
              ],
              "pivot": [
                0.0,
                0.0,
                0.0
              ],
              "rotation": [
                10.0,
                0.0,
                0.0
              ],
              "uv": [
                70,
                0
              ],
              "inflate": 0
            },
            {
              "origin": [
                -7.0,
                41.0,
                11.0
              ],
              "size": [
                18.0,
                17.0,
                13.0
              ],
              "pivot": [
                0.0,
                0.0,
                0.0
              ],
              "rotation": [
                15.0,
                0.0,
                0.0
              ],
              "uv": [
                49,
                61
              ],
              "inflate": 0
            }
          ]
        }
      ]
    }
  ]
}