{
  "format_version": "1.12.0",
  "minecraft:geometry": [
    {
      "description": {
        "identifier": "geometry.entity_dark_devil",
        "texture_width": 256,
        "texture_height": 256,
        "visible_bounds_width": 6,
        "visible_bounds_height": 7.5,
        "visible_bounds_offset": [
          0,
          3.25,
          0
        ]
      },
      "bones": [
        {
          "name": "bb_main",
          "cubes": [
            {
              "origin": [
                -8.0,
                1.0,
                24.0
              ],
              "size": [
                21.0,
                69.0,
                2.0
              ],
              "uv": [
                78,
                71
              ],
              "inflate": 0
            },
            {
              "origin": [
                -21.0,
                1.0,
                14.0
              ],
              "size": [
                40.0,
                69.0,
                2.0
              ],
              "pivot": [
                -4.0,
                24.0,
                -1.0
              ],
              "rotation": [
                0.0,
                -62.5,
                0.0
              ],
              "uv": [
                0,
                0
              ],
              "inflate": 0
            },
            {
              "origin": [
                -18.0,
                1.0,
                26.0
              ],
              "size": [
                37.0,
                69.0,
                2.0
              ],
              "pivot": [
                -4.0,
                24.0,
                -1.0
              ],
              "rotation": [
                0.0,
                60.0,
                0.0
              ],
              "uv": [
                0,
                71
              ],
              "inflate": 0
            }
          ]
        },
        {
          "name": "root"
        },
        {
          "name": "waist",
          "pivot": [
            0,
            12,
            0
          ],
          "parent": "root"
        },
        {
          "name": "body",
          "pivot": [
            -4,
            12,
            0
          ],
          "cubes": [
            {
              "origin": [
                -8.0,
                12.0,
                -2.0
              ],
              "size": [
                8.0,
                12.0,
                4.0
              ],
              "uv": [
                48,
                158
              ],
              "inflate": 0.25
            },
            {
              "origin": [
                -8.0,
                12.0,
                -2.0
              ],
              "size": [
                8.0,
                12.0,
                4.0
              ],
              "uv": [
                24,
                158
              ],
              "inflate": 0
            },
            {
              "origin": [
                -2.0,
                23.6,
                -5.0
              ],
              "size": [
                8.0,
                8.0,
                8.0
              ],
              "uv": [
                146,
                109
              ],
              "inflate": 0
            },
            {
              "origin": [
                -2.0,
                23.6,
                -5.0
              ],
              "size": [
                8.0,
                8.0,
                8.0
              ],
              "uv": [
                146,
                93
              ],
              "inflate": 0.5
            },
            {
              "origin": [
                -2.0,
                38.6,
                -7.0
              ],
              "size": [
                8.0,
                8.0,
                8.0
              ],
              "uv": [
                146,
                77
              ],
              "inflate": 0
            },
            {
              "origin": [
                -2.0,
                38.6,
                -7.0
              ],
              "size": [
                8.0,
                8.0,
                8.0
              ],
              "uv": [
                146,
                0
              ],
              "inflate": 0.5
            },
            {
              "origin": [
                -2.0,
                51.6,
                -7.0
              ],
              "size": [
                8.0,
                8.0,
                8.0
              ],
              "uv": [
                96,
                142
              ],
              "inflate": 0
            },
            {
              "origin": [
                -2.0,
                51.6,
                -8.0
              ],
              "size": [
                8.0,
                8.0,
                8.0
              ],
              "uv": [
                64,
                142
              ],
              "inflate": 0.5
            },
            {
              "origin": [
                -2.0,
                63.6,
                -7.0
              ],
              "size": [
                8.0,
                8.0,
                8.0
              ],
              "uv": [
                32,
                142
              ],
              "inflate": 0
            },
            {
              "origin": [
                -2.0,
                63.6,
                -7.0
              ],
              "size": [
                8.0,
                8.0,
                8.0
              ],
              "uv": [
                0,
                142
              ],
              "inflate": 0.5
            },
            {
              "origin": [
                0.0,
                40.0,
                1.0
              ],
              "size": [
                2.0,
                3.0,
                2.0
              ],
              "uv": [
                111,
                61
              ],
              "inflate": 0
            },
            {
              "origin": [
                0.0,
                54.0,
                1.0
              ],
              "size": [
                2.0,
                3.0,
                2.0
              ],
              "uv": [
                84,
                25
              ],
              "inflate": 0
            },
            {
              "origin": [
                0.0,
                66.0,
                1.0
              ],
              "size": [
                2.0,
                3.0,
                2.0
              ],
              "uv": [
                84,
                8
              ],
              "inflate": 0
            },
            {
              "origin": [
                4.0,
                12.0,
                -2.0
              ],
              "size": [
                8.0,
                12.0,
                4.0
              ],
              "uv": [
                0,
                158
              ],
              "inflate": 0.25
            },
            {
              "origin": [
                4.0,
                12.0,
                -2.0
              ],
              "size": [
                8.0,
                12.0,
                4.0
              ],
              "uv": [
                156,
                16
              ],
              "inflate": 0
            },
            {
              "origin": [
                0.0,
                21.0,
                -2.0
              ],
              "size": [
                4.0,
                2.0,
                4.0
              ],
              "uv": [
                123,
                25
              ],
              "inflate": 0
            },
            {
              "origin": [
                -4.0,
                29.0,
                8.0
              ],
              "size": [
                11.0,
                2.0,
                2.0
              ],
              "pivot": [
                -4.0,
                24.0,
                -1.0
              ],
              "rotation": [
                16.29456,
                -28.29548,
                -39.62162
              ],
              "uv": [
                170,
                80
              ],
              "inflate": 0
            },
            {
              "origin": [
                -14.0,
                33.0,
                -19.0
              ],
              "size": [
                11.0,
                2.0,
                2.0
              ],
              "pivot": [
                -4.0,
                24.0,
                -1.0
              ],
              "rotation": [
                158.54021,
                -22.50261,
                -142.56989
              ],
              "uv": [
                170,
                38
              ],
              "inflate": 0
            },
            {
              "origin": [
                -6.0,
                24.0,
                3.0
              ],
              "size": [
                15.0,
                22.0,
                9.0
              ],
              "uv": [
                84,
                25
              ],
              "inflate": 0
            },
            {
              "origin": [
                -27.0,
                0.0,
                0.0
              ],
              "size": [
                13.0,
                2.0,
                2.0
              ],
              "pivot": [
                -4.0,
                12.0,
                0.0
              ],
              "rotation": [
                -37.75503,
                27.20801,
                107.38984
              ],
              "uv": [
                146,
                131
              ],
              "inflate": 0
            },
            {
              "origin": [
                -24.0,
                24.0,
                -17.0
              ],
              "size": [
                13.0,
                2.0,
                2.0
              ],
              "pivot": [
                -4.0,
                12.0,
                0.0
              ],
              "rotation": [
                -37.75503,
                27.20801,
                72.38984
              ],
              "uv": [
                84,
                67
              ],
              "inflate": 0
            },
            {
              "origin": [
                -28.0,
                4.0,
                -2.0
              ],
              "size": [
                3.0,
                2.0,
                2.0
              ],
              "pivot": [
                0.0,
                0.0,
                0.0
              ],
              "rotation": [
                0.0,
                0.0,
                60.0
              ],
              "uv": [
                84,
                4
              ],
              "inflate": 0
            },
            {
              "origin": [
                -27.0,
                5.0,
                9.0
              ],
              "size": [
                3.0,
                2.0,
                2.0
              ],
              "pivot": [
                0.0,
                0.0,
                0.0
              ],
              "rotation": [
                136.6167,
                21.63168,
                111.30838
              ],
              "uv": [
                84,
                0
              ],
              "inflate": 0
            },
            {
              "origin": [
                -16.0,
                21.0,
                -2.0
              ],
              "size": [
                9.0,
                2.0,
                2.0
              ],
              "pivot": [
                -4.0,
                24.0,
                -1.0
              ],
              "rotation": [
                20.98998,
                31.81666,
                36.04466
              ],
              "uv": [
                131,
                4
              ],
              "inflate": 0
            },
            {
              "origin": [
                -23.0,
                17.0,
                9.0
              ],
              "size": [
                9.0,
                2.0,
                2.0
              ],
              "pivot": [
                -4.0,
                24.0,
                -1.0
              ],
              "rotation": [
                146.91122,
                43.39816,
                136.51698
              ],
              "uv": [
                131,
                0
              ],
              "inflate": 0
            },
            {
              "origin": [
                -6.0,
                54.0,
                -21.0
              ],
              "size": [
                5.0,
                24.0,
                6.0
              ],
              "pivot": [
                -4.0,
                12.0,
                0.0
              ],
              "rotation": [
                -30.0,
                0.0,
                0.0
              ],
              "uv": [
                124,
                115
              ],
              "inflate": 0
            },
            {
              "origin": [
                5.0,
                54.0,
                -21.0
              ],
              "size": [
                5.0,
                24.0,
                6.0
              ],
              "pivot": [
                -4.0,
                12.0,
                0.0
              ],
              "rotation": [
                -30.0,
                0.0,
                0.0
              ],
              "uv": [
                124,
                85
              ],
              "inflate": 0
            },
            {
              "origin": [
                -6.0,
                39.0,
                51.0
              ],
              "size": [
                5.0,
                15.0,
                6.0
              ],
              "pivot": [
                -4.0,
                12.0,
                0.0
              ],
              "rotation": [
                40.0,
                0.0,
                0.0
              ],
              "uv": [
                144,
                153
              ],
              "inflate": 0
            },
            {
              "origin": [
                5.0,
                39.0,
                51.0
              ],
              "size": [
                5.0,
                15.0,
                6.0
              ],
              "pivot": [
                -4.0,
                12.0,
                0.0
              ],
              "rotation": [
                40.0,
                0.0,
                0.0
              ],
              "uv": [
                122,
                152
              ],
              "inflate": 0
            },
            {
              "origin": [
                -2.0,
                51.6,
                -7.0
              ],
              "size": [
                8.0,
                8.0,
                8.0
              ],
              "uv": [
                138,
                137
              ],
              "inflate": 0
            },
            {
              "origin": [
                -2.0,
                51.6,
                -7.0
              ],
              "size": [
                8.0,
                8.0,
                8.0
              ],
              "uv": [
                132,
                25
              ],
              "inflate": 0.5
            },
            {
              "origin": [
                0.0,
                43.0,
                -14.0
              ],
              "size": [
                3.0,
                16.0,
                6.0
              ],
              "pivot": [
                -4.0,
                12.0,
                0.0
              ],
              "rotation": [
                -30.0,
                0.0,
                0.0
              ],
              "uv": [
                154,
                46
              ],
              "inflate": 0
            },
            {
              "origin": [
                -1.0,
                46.0,
                2.0
              ],
              "size": [
                6.0,
                29.0,
                9.0
              ],
              "uv": [
                124,
                47
              ],
              "inflate": 0
            },
            {
              "origin": [
                -6.0,
                75.0,
                -3.0
              ],
              "size": [
                16.0,
                10.0,
                15.0
              ],
              "uv": [
                84,
                0
              ],
              "inflate": 0
            },
            {
              "origin": [
                -6.0,
                84.0,
                -7.0
              ],
              "size": [
                16.0,
                1.0,
                4.0
              ],
              "uv": [
                84,
                56
              ],
              "inflate": 0
            },
            {
              "origin": [
                -7.0,
                77.0,
                -7.0
              ],
              "size": [
                17.0,
                1.0,
                4.0
              ],
              "uv": [
                132,
                41
              ],
              "inflate": 0
            },
            {
              "origin": [
                -4.0,
                84.0,
                -12.0
              ],
              "size": [
                11.0,
                1.0,
                5.0
              ],
              "uv": [
                146,
                125
              ],
              "inflate": 0
            },
            {
              "origin": [
                -4.0,
                77.0,
                -12.0
              ],
              "size": [
                11.0,
                1.0,
                5.0
              ],
              "uv": [
                84,
                61
              ],
              "inflate": 0
            },
            {
              "origin": [
                -2.0,
                84.0,
                -16.0
              ],
              "size": [
                7.0,
                1.0,
                5.0
              ],
              "uv": [
                170,
                0
              ],
              "inflate": 0
            },
            {
              "origin": [
                -2.0,
                77.0,
                -16.0
              ],
              "size": [
                7.0,
                1.0,
                5.0
              ],
              "uv": [
                164,
                32
              ],
              "inflate": 0
            },
            {
              "origin": [
                -14.0,
                69.0,
                -37.0
              ],
              "size": [
                2.0,
                16.0,
                2.0
              ],
              "pivot": [
                -4.0,
                12.0,
                0.0
              ],
              "rotation": [
                -40.8298,
                -34.73537,
                8.71307
              ],
              "uv": [
                126,
                173
              ],
              "inflate": 0
            },
            {
              "origin": [
                -9.0,
                69.0,
                -37.0
              ],
              "size": [
                2.0,
                16.0,
                2.0
              ],
              "pivot": [
                -4.0,
                12.0,
                0.0
              ],
              "rotation": [
                -34.58783,
                9.87438,
                14.75943
              ],
              "uv": [
                118,
                173
              ],
              "inflate": 0
            }
          ],
          "parent": "waist"
        },
        {
          "name": "head",
          "pivot": [
            -4,
            24,
            -1
          ],
          "parent": "body"
        },
        {
          "name": "body2",
          "pivot": [
            -4,
            12,
            0
          ],
          "parent": "body"
        },
        {
          "name": "head6",
          "pivot": [
            -4,
            24,
            -1
          ],
          "parent": "body"
        },
        {
          "name": "head4",
          "pivot": [
            -4,
            24,
            -1
          ],
          "parent": "body"
        },
        {
          "name": "head3",
          "pivot": [
            -4,
            24,
            -1
          ],
          "parent": "body"
        },
        {
          "name": "head5",
          "pivot": [
            -4,
            24,
            -1
          ],
          "parent": "body"
        },
        {
          "name": "head2",
          "pivot": [
            -4,
            24,
            0
          ],
          "parent": "body"
        },
        {
          "name": "rightLeg",
          "pivot": [
            -5.9,
            12,
            0
          ],
          "cubes": [
            {
              "origin": [
                -7.9,
                0.0,
                -2.0
              ],
              "size": [
                4.0,
                12.0,
                4.0
              ],
              "uv": [
                172,
                131
              ],
              "inflate": 0
            },
            {
              "origin": [
                -7.9,
                0.0,
                -2.0
              ],
              "size": [
                4.0,
                12.0,
                4.0
              ],
              "uv": [
                172,
                42
              ],
              "inflate": 0.25
            }
          ],
          "parent": "waist"
        },
        {
          "name": "rightLeg2",
          "pivot": [
            -5.9,
            12,
            0
          ],
          "cubes": [
            {
              "origin": [
                4.1,
                0.0,
                -2.0
              ],
              "size": [
                4.0,
                12.0,
                4.0
              ],
              "uv": [
                166,
                149
              ],
              "inflate": 0
            },
            {
              "origin": [
                4.1,
                0.0,
                -2.0
              ],
              "size": [
                4.0,
                12.0,
                4.0
              ],
              "uv": [
                104,
                158
              ],
              "inflate": 0.25
            }
          ],
          "parent": "rightLeg"
        },
        {
          "name": "leftLeg",
          "pivot": [
            -2.1,
            12,
            0
          ],
          "cubes": [
            {
              "origin": [
                -4.1,
                0.0,
                -2.0
              ],
              "size": [
                4.0,
                12.0,
                4.0
              ],
              "uv": [
                170,
                64
              ],
              "inflate": 0
            },
            {
              "origin": [
                -4.1,
                0.0,
                -2.0
              ],
              "size": [
                4.0,
                12.0,
                4.0
              ],
              "uv": [
                166,
                165
              ],
              "inflate": 0.25
            }
          ],
          "parent": "waist"
        },
        {
          "name": "leftLeg2",
          "pivot": [
            -2.1,
            12,
            0
          ],
          "cubes": [
            {
              "origin": [
                7.9,
                0.0,
                -2.0
              ],
              "size": [
                4.0,
                12.0,
                4.0
              ],
              "uv": [
                88,
                158
              ],
              "inflate": 0
            },
            {
              "origin": [
                7.9,
                0.0,
                -2.0
              ],
              "size": [
                4.0,
                12.0,
                4.0
              ],
              "uv": [
                72,
                158
              ],
              "inflate": 0.25
            }
          ],
          "parent": "leftLeg"
        }
      ]
    }
  ]
}