{
  "format_version": "1.12.0",
  "minecraft:geometry": [
    {
      "description": {
        "identifier": "geometry.entity_eternal_devil2",
        "texture_width": 256,
        "texture_height": 256,
        "visible_bounds_width": 6,
        "visible_bounds_height": 2.5,
        "visible_bounds_offset": [
          0,
          0.75,
          0
        ]
      },
      "bones": [
        {
          "name": "bb_main",
          "cubes": [
            {
              "origin": [
                -7.0,
                0.0,
                -7.0
              ],
              "size": [
                6.0,
                6.0,
                6.0
              ],
              "uv": [
                114,
                115
              ],
              "inflate": 0
            },
            {
              "origin": [
                -5.0,
                6.0,
                -6.0
              ],
              "size": [
                6.0,
                6.0,
                6.0
              ],
              "pivot": [
                0.0,
                0.0,
                0.0
              ],
              "rotation": [
                -5.12076,
                12.45167,
                -1.10693
              ],
              "uv": [
                114,
                103
              ],
              "inflate": 0
            },
            {
              "origin": [
                -1.0,
                11.0,
                -7.0
              ],
              "size": [
                6.0,
                6.0,
                6.0
              ],
              "pivot": [
                0.0,
                0.0,
                0.0
              ],
              "rotation": [
                -5.51385,
                -24.89837,
                2.3273
              ],
              "uv": [
                96,
                109
              ],
              "inflate": 0
            },
            {
              "origin": [
                -11.0,
                12.0,
                -2.0
              ],
              "size": [
                6.0,
                6.0,
                6.0
              ],
              "pivot": [
                0.0,
                0.0,
                0.0
              ],
              "rotation": [
                2.42327,
                -9.96156,
                0.88045
              ],
              "uv": [
                72,
                109
              ],
              "inflate": 0
            },
            {
              "origin": [
                -7.0,
                7.0,
                18.0
              ],
              "size": [
                6.0,
                6.0,
                6.0
              ],
              "pivot": [
                0.0,
                0.0,
                0.0
              ],
              "rotation": [
                -5.02885,
                15.01636,
                1.94052
              ],
              "uv": [
                0,
                93
              ],
              "inflate": 0
            },
            {
              "origin": [
                -4.0,
                13.0,
                18.0
              ],
              "size": [
                6.0,
                6.0,
                6.0
              ],
              "pivot": [
                0.0,
                0.0,
                0.0
              ],
              "rotation": [
                -5.02885,
                15.01636,
                1.94052
              ],
              "uv": [
                42,
                68
              ],
              "inflate": 0
            },
            {
              "origin": [
                -3.0,
                2.0,
                18.0
              ],
              "size": [
                4.0,
                4.0,
                19.0
              ],
              "pivot": [
                0.0,
                0.0,
                0.0
              ],
              "rotation": [
                -5.02885,
                15.01636,
                1.94052
              ],
              "uv": [
                58,
                62
              ],
              "inflate": 0
            },
            {
              "origin": [
                -4.0,
                2.0,
                18.0
              ],
              "size": [
                5.0,
                4.0,
                13.0
              ],
              "pivot": [
                0.0,
                0.0,
                0.0
              ],
              "rotation": [
                -4.85671,
                0.07149,
                3.24052
              ],
              "uv": [
                0,
                63
              ],
              "inflate": 0
            },
            {
              "origin": [
                -8.0,
                14.0,
                18.0
              ],
              "size": [
                4.0,
                4.0,
                19.0
              ],
              "pivot": [
                0.0,
                0.0,
                0.0
              ],
              "rotation": [
                -5.02885,
                15.01636,
                1.94052
              ],
              "uv": [
                58,
                39
              ],
              "inflate": 0
            },
            {
              "origin": [
                -11.0,
                11.0,
                18.0
              ],
              "size": [
                6.0,
                6.0,
                6.0
              ],
              "pivot": [
                0.0,
                0.0,
                0.0
              ],
              "rotation": [
                -4.85671,
                0.07149,
                3.24052
              ],
              "uv": [
                86,
                0
              ],
              "inflate": 0
            },
            {
              "origin": [
                -7.0,
                4.0,
                18.0
              ],
              "size": [
                6.0,
                6.0,
                6.0
              ],
              "pivot": [
                0.0,
                0.0,
                0.0
              ],
              "rotation": [
                -4.89761,
                -7.40143,
                3.87902
              ],
              "uv": [
                80,
                85
              ],
              "inflate": 0
            },
            {
              "origin": [
                -14.0,
                10.0,
                5.0
              ],
              "size": [
                6.0,
                6.0,
                6.0
              ],
              "pivot": [
                0.0,
                0.0,
                0.0
              ],
              "rotation": [
                -2.61096,
                2.52751,
                1.4053
              ],
              "uv": [
                98,
                79
              ],
              "inflate": 0
            },
            {
              "origin": [
                -17.0,
                2.0,
                12.0
              ],
              "size": [
                6.0,
                6.0,
                6.0
              ],
              "pivot": [
                0.0,
                0.0,
                0.0
              ],
              "rotation": [
                7.38904,
                2.52751,
                1.4053
              ],
              "uv": [
                72,
                97
              ],
              "inflate": 0
            },
            {
              "origin": [
                -17.0,
                3.0,
                3.0
              ],
              "size": [
                6.0,
                6.0,
                6.0
              ],
              "pivot": [
                0.0,
                0.0,
                0.0
              ],
              "rotation": [
                -17.61096,
                2.52751,
                1.4053
              ],
              "uv": [
                24,
                93
              ],
              "inflate": 0
            },
            {
              "origin": [
                -25.0,
                12.0,
                14.0
              ],
              "size": [
                16.0,
                4.0,
                4.0
              ],
              "pivot": [
                0.0,
                0.0,
                0.0
              ],
              "rotation": [
                -2.61096,
                2.52751,
                1.4053
              ],
              "uv": [
                40,
                85
              ],
              "inflate": 0
            },
            {
              "origin": [
                -25.0,
                0.0,
                14.0
              ],
              "size": [
                16.0,
                4.0,
                4.0
              ],
              "pivot": [
                0.0,
                0.0,
                0.0
              ],
              "rotation": [
                -2.61096,
                2.52751,
                1.4053
              ],
              "uv": [
                84,
                20
              ],
              "inflate": 0
            },
            {
              "origin": [
                -25.0,
                11.0,
                0.0
              ],
              "size": [
                16.0,
                4.0,
                4.0
              ],
              "pivot": [
                0.0,
                0.0,
                0.0
              ],
              "rotation": [
                -2.61825,
                -4.96471,
                1.74727
              ],
              "uv": [
                84,
                28
              ],
              "inflate": 0
            },
            {
              "origin": [
                -14.0,
                4.0,
                -1.0
              ],
              "size": [
                6.0,
                6.0,
                6.0
              ],
              "pivot": [
                0.0,
                0.0,
                0.0
              ],
              "rotation": [
                -2.61825,
                -4.96471,
                1.74727
              ],
              "uv": [
                96,
                97
              ],
              "inflate": 0
            },
            {
              "origin": [
                2.0,
                3.0,
                -9.0
              ],
              "size": [
                6.0,
                6.0,
                6.0
              ],
              "pivot": [
                0.0,
                0.0,
                0.0
              ],
              "rotation": [
                -5.04292,
                7.4713,
                -0.6574
              ],
              "uv": [
                114,
                91
              ],
              "inflate": 0
            },
            {
              "origin": [
                3.0,
                5.0,
                -9.0
              ],
              "size": [
                6.0,
                6.0,
                6.0
              ],
              "pivot": [
                0.0,
                0.0,
                0.0
              ],
              "rotation": [
                -5.24133,
                -17.43127,
                1.5741
              ],
              "uv": [
                107,
                52
              ],
              "inflate": 0
            },
            {
              "origin": [
                6.0,
                1.0,
                7.0
              ],
              "size": [
                6.0,
                6.0,
                6.0
              ],
              "pivot": [
                0.0,
                0.0,
                0.0
              ],
              "rotation": [
                -5.07673,
                9.96156,
                -0.88045
              ],
              "uv": [
                48,
                93
              ],
              "inflate": 0
            },
            {
              "origin": [
                6.0,
                7.0,
                14.0
              ],
              "size": [
                6.0,
                6.0,
                6.0
              ],
              "pivot": [
                0.0,
                0.0,
                0.0
              ],
              "rotation": [
                -5.0,
                0.0,
                0.0
              ],
              "uv": [
                104,
                6
              ],
              "inflate": 0
            },
            {
              "origin": [
                9.0,
                10.0,
                1.0
              ],
              "size": [
                6.0,
                6.0,
                6.0
              ],
              "pivot": [
                0.0,
                0.0,
                0.0
              ],
              "rotation": [
                -5.24133,
                -17.43127,
                1.5741
              ],
              "uv": [
                0,
                105
              ],
              "inflate": 0
            },
            {
              "origin": [
                9.0,
                12.0,
                11.0
              ],
              "size": [
                16.0,
                4.0,
                4.0
              ],
              "pivot": [
                0.0,
                0.0,
                0.0
              ],
              "rotation": [
                -5.24133,
                -17.43127,
                1.5741
              ],
              "uv": [
                85,
                44
              ],
              "inflate": 0
            },
            {
              "origin": [
                5.0,
                12.0,
                1.0
              ],
              "size": [
                16.0,
                4.0,
                4.0
              ],
              "pivot": [
                0.0,
                0.0,
                0.0
              ],
              "rotation": [
                -5.07673,
                9.96156,
                -0.88045
              ],
              "uv": [
                0,
                85
              ],
              "inflate": 0
            },
            {
              "origin": [
                9.0,
                3.0,
                4.0
              ],
              "size": [
                16.0,
                4.0,
                4.0
              ],
              "pivot": [
                0.0,
                0.0,
                0.0
              ],
              "rotation": [
                -5.24133,
                -17.43127,
                1.5741
              ],
              "uv": [
                85,
                36
              ],
              "inflate": 0
            },
            {
              "origin": [
                6.0,
                5.0,
                0.0
              ],
              "size": [
                6.0,
                6.0,
                6.0
              ],
              "pivot": [
                0.0,
                0.0,
                0.0
              ],
              "rotation": [
                -5.07673,
                9.96156,
                -0.88045
              ],
              "uv": [
                24,
                105
              ],
              "inflate": 0
            },
            {
              "origin": [
                -1.0,
                0.0,
                -11.0
              ],
              "size": [
                6.0,
                6.0,
                10.0
              ],
              "uv": [
                85,
                62
              ],
              "inflate": 0
            },
            {
              "origin": [
                -10.0,
                1.0,
                -20.0
              ],
              "size": [
                5.0,
                5.0,
                19.0
              ],
              "pivot": [
                0.0,
                0.0,
                0.0
              ],
              "rotation": [
                0.0,
                10.0,
                0.0
              ],
              "uv": [
                29,
                44
              ],
              "inflate": 0
            },
            {
              "origin": [
                -11.0,
                9.0,
                -18.0
              ],
              "size": [
                5.0,
                5.0,
                19.0
              ],
              "pivot": [
                0.0,
                0.0,
                0.0
              ],
              "rotation": [
                0.0,
                -7.5,
                0.0
              ],
              "uv": [
                0,
                39
              ],
              "inflate": 0
            },
            {
              "origin": [
                2.0,
                0.0,
                -16.0
              ],
              "size": [
                3.0,
                3.0,
                6.0
              ],
              "pivot": [
                0.0,
                0.0,
                0.0
              ],
              "rotation": [
                0.0,
                15.0,
                0.0
              ],
              "uv": [
                0,
                9
              ],
              "inflate": 0
            },
            {
              "origin": [
                -2.0,
                0.0,
                -17.0
              ],
              "size": [
                3.0,
                3.0,
                6.0
              ],
              "pivot": [
                0.0,
                0.0,
                0.0
              ],
              "rotation": [
                0.0,
                -20.0,
                0.0
              ],
              "uv": [
                0,
                0
              ],
              "inflate": 0
            },
            {
              "origin": [
                6.0,
                1.0,
                -18.0
              ],
              "size": [
                3.0,
                3.0,
                14.0
              ],
              "pivot": [
                0.0,
                0.0,
                0.0
              ],
              "rotation": [
                0.0,
                -20.0,
                0.0
              ],
              "uv": [
                22,
                68
              ],
              "inflate": 0
            },
            {
              "origin": [
                -5.0,
                12.0,
                -14.0
              ],
              "size": [
                4.0,
                4.0,
                16.0
              ],
              "pivot": [
                0.0,
                0.0,
                0.0
              ],
              "rotation": [
                0.0,
                -20.0,
                0.0
              ],
              "uv": [
                62,
                0
              ],
              "inflate": 0
            },
            {
              "origin": [
                -11.0,
                0.0,
                -1.0
              ],
              "size": [
                20.0,
                17.0,
                22.0
              ],
              "uv": [
                0,
                0
              ],
              "inflate": 0
            }
          ]
        }
      ]
    }
  ]
}