{
  "format_version": "1.12.0",
  "minecraft:geometry": [
    {
      "description": {
        "identifier": "geometry.entity_fox",
        "texture_width": 64,
        "texture_height": 64,
        "visible_bounds_width": 3,
        "visible_bounds_height": 2.5,
        "visible_bounds_offset": [
          0,
          0.75,
          0
        ]
      },
      "bones": [
        {
          "name": "bb_main",
          "cubes": [
            {
              "origin": [
                -7.0,
                0.0,
                -6.0
              ],
              "size": [
                14.0,
                8.0,
                17.0
              ],
              "uv": [
                0,
                0
              ],
              "inflate": 0
            },
            {
              "origin": [
                -7.0,
                0.0,
                -9.0
              ],
              "size": [
                14.0,
                6.0,
                3.0
              ],
              "uv": [
                0,
                25
              ],
              "inflate": 0
            },
            {
              "origin": [
                2.0,
                8.0,
                -1.0
              ],
              "size": [
                3.0,
                4.0,
                2.0
              ],
              "uv": [
                0,
                10
              ],
              "inflate": 0
            },
            {
              "origin": [
                -5.0,
                8.0,
                -1.0
              ],
              "size": [
                3.0,
                4.0,
                2.0
              ],
              "uv": [
                0,
                4
              ],
              "inflate": 0
            }
          ]
        }
      ]
    }
  ]
}