{
  "format_version": "1.12.0",
  "minecraft:geometry": [
    {
      "description": {
        "identifier": "geometry.entity_zombie_devil",
        "texture_width": 64,
        "texture_height": 64,
        "visible_bounds_width": 3,
        "visible_bounds_height": 3.5,
        "visible_bounds_offset": [
          0,
          1.25,
          0
        ]
      },
      "bones": [
        {
          "name": "bb_main",
          "cubes": [
            {
              "origin": [
                -7.0,
                17.0,
                -8.0
              ],
              "size": [
                7.0,
                8.0,
                7.0
              ],
              "uv": [
                0,
                25
              ],
              "inflate": 0
            },
            {
              "origin": [
                -12.0,
                21.0,
                -1.0
              ],
              "size": [
                22.0,
                7.0,
                6.0
              ],
              "uv": [
                0,
                0
              ],
              "inflate": 0
            },
            {
              "origin": [
                -7.0,
                15.0,
                -1.0
              ],
              "size": [
                12.0,
                6.0,
                6.0
              ],
              "uv": [
                0,
                13
              ],
              "inflate": 0
            },
            {
              "origin": [
                -2.0,
                28.0,
                -1.0
              ],
              "size": [
                7.0,
                7.0,
                6.0
              ],
              "uv": [
                28,
                25
              ],
              "inflate": 0
            },
            {
              "origin": [
                6.0,
                19.0,
                -1.0
              ],
              "size": [
                4.0,
                2.0,
                6.0
              ],
              "uv": [
                22,
                38
              ],
              "inflate": 0
            },
            {
              "origin": [
                -12.0,
                19.0,
                -1.0
              ],
              "size": [
                4.0,
                2.0,
                6.0
              ],
              "uv": [
                36,
                13
              ],
              "inflate": 0
            },
            {
              "origin": [
                -2.0,
                10.0,
                0.0
              ],
              "size": [
                4.0,
                6.0,
                3.0
              ],
              "pivot": [
                0.0,
                0.0,
                0.0
              ],
              "rotation": [
                0.0,
                0.0,
                -12.5
              ],
              "uv": [
                0,
                40
              ],
              "inflate": 0
            },
            {
              "origin": [
                -1.0,
                12.0,
                0.0
              ],
              "size": [
                3.0,
                3.0,
                3.0
              ],
              "uv": [
                30,
                13
              ],
              "inflate": 0
            },
            {
              "origin": [
                -6.0,
                9.0,
                1.0
              ],
              "size": [
                1.0,
                6.0,
                1.0
              ],
              "uv": [
                14,
                40
              ],
              "inflate": 0
            },
            {
              "origin": [
                -2.0,
                6.0,
                1.0
              ],
              "size": [
                1.0,
                4.0,
                1.0
              ],
              "pivot": [
                0.0,
                0.0,
                0.0
              ],
              "rotation": [
                0.0,
                0.0,
                -7.5
              ],
              "uv": [
                44,
                38
              ],
              "inflate": 0
            },
            {
              "origin": [
                6.0,
                7.0,
                1.0
              ],
              "size": [
                1.0,
                4.0,
                1.0
              ],
              "pivot": [
                0.0,
                0.0,
                0.0
              ],
              "rotation": [
                0.0,
                0.0,
                -22.5
              ],
              "uv": [
                0,
                13
              ],
              "inflate": 0
            },
            {
              "origin": [
                1.0,
                6.0,
                1.0
              ],
              "size": [
                1.0,
                4.0,
                1.0
              ],
              "pivot": [
                0.0,
                0.0,
                0.0
              ],
              "rotation": [
                0.0,
                0.0,
                7.5
              ],
              "uv": [
                0,
                0
              ],
              "inflate": 0
            },
            {
              "origin": [
                -1.0,
                8.0,
                4.0
              ],
              "size": [
                1.0,
                4.0,
                1.0
              ],
              "pivot": [
                0.0,
                0.0,
                0.0
              ],
              "rotation": [
                0.0,
                0.0,
                -7.5
              ],
              "uv": [
                40,
                38
              ],
              "inflate": 0
            },
            {
              "origin": [
                -5.0,
                4.0,
                4.0
              ],
              "size": [
                1.0,
                4.0,
                1.0
              ],
              "pivot": [
                0.0,
                0.0,
                0.0
              ],
              "rotation": [
                0.0,
                0.0,
                20.0
              ],
              "uv": [
                18,
                40
              ],
              "inflate": 0
            },
            {
              "origin": [
                -2.0,
                2.0,
                4.0
              ],
              "size": [
                1.0,
                4.0,
                1.0
              ],
              "pivot": [
                0.0,
                0.0,
                0.0
              ],
              "rotation": [
                0.0,
                0.0,
                -12.5
              ],
              "uv": [
                36,
                38
              ],
              "inflate": 0
            },
            {
              "origin": [
                1.0,
                3.0,
                1.0
              ],
              "size": [
                1.0,
                4.0,
                1.0
              ],
              "pivot": [
                0.0,
                0.0,
                0.0
              ],
              "rotation": [
                0.0,
                0.0,
                -30.0
              ],
              "uv": [
                42,
                43
              ],
              "inflate": 0
            },
            {
              "origin": [
                -8.0,
                2.0,
                1.0
              ],
              "size": [
                1.0,
                6.0,
                1.0
              ],
              "pivot": [
                0.0,
                0.0,
                0.0
              ],
              "rotation": [
                0.0,
                0.0,
                15.0
              ],
              "uv": [
                0,
                25
              ],
              "inflate": 0
            },
            {
              "origin": [
                -6.0,
                11.0,
                3.0
              ],
              "size": [
                4.0,
                4.0,
                2.0
              ],
              "pivot": [
                0.0,
                0.0,
                0.0
              ],
              "rotation": [
                0.0,
                0.0,
                12.5
              ],
              "uv": [
                21,
                25
              ],
              "inflate": 0
            }
          ]
        }
      ]
    }
  ]
}