{
  "format_version": "1.12.0",
  "minecraft:geometry": [
    {
      "description": {
        "identifier": "geometry.entity_chainsaw_devil",
        "texture_width": 128,
        "texture_height": 128,
        "visible_bounds_width": 4,
        "visible_bounds_height": 4,
        "visible_bounds_offset": [
          0,
          1,
          0
        ]
      },
      "bones": [
        {
          "name": "root"
        },
        {
          "name": "waist",
          "pivot": [
            0,
            12,
            0
          ],
          "parent": "root"
        },
        {
          "name": "body",
          "pivot": [
            0,
            12,
            0
          ],
          "cubes": [
            {
              "origin": [
                -4.0,
                12.0,
                -2.0
              ],
              "size": [
                8.0,
                12.0,
                4.0
              ],
              "uv": [
                28,
                28
              ],
              "inflate": 0.25
            },
            {
              "origin": [
                -5.1,
                21.0,
                -3.0
              ],
              "size": [
                10.0,
                2.0,
                1.0
              ],
              "uv": [
                64,
                20
              ],
              "inflate": 0
            },
            {
              "origin": [
                -5.1,
                21.0,
                2.0
              ],
              "size": [
                9.0,
                2.0,
                2.0
              ],
              "uv": [
                56,
                16
              ],
              "inflate": 0
            },
            {
              "origin": [
                3.9,
                21.0,
                -2.0
              ],
              "size": [
                1.0,
                2.0,
                6.0
              ],
              "uv": [
                66,
                0
              ],
              "inflate": 0
            },
            {
              "origin": [
                -2.1,
                20.0,
                4.0
              ],
              "size": [
                2.0,
                2.0,
                5.0
              ],
              "pivot": [
                1.9,
                12.0,
                0.0
              ],
              "rotation": [
                8.11003,
                22.29711,
                3.09472
              ],
              "uv": [
                0,
                0
              ],
              "inflate": 0
            }
          ],
          "parent": "waist"
        },
        {
          "name": "rightArm",
          "pivot": [
            -5,
            22,
            0
          ],
          "cubes": [
            {
              "origin": [
                -7.0,
                23.0,
                -6.0
              ],
              "size": [
                1.0,
                2.0,
                1.0
              ],
              "pivot": [
                0.0,
                0.0,
                0.0
              ],
              "rotation": [
                -10.0,
                0.0,
                0.0
              ],
              "uv": [
                22,
                6
              ],
              "inflate": 0
            },
            {
              "origin": [
                -8.0,
                24.0,
                -4.0
              ],
              "size": [
                1.0,
                2.0,
                1.0
              ],
              "pivot": [
                0.0,
                0.0,
                0.0
              ],
              "rotation": [
                -10.0,
                0.0,
                0.0
              ],
              "uv": [
                21,
                11
              ],
              "inflate": 0
            },
            {
              "origin": [
                -6.0,
                23.0,
                -4.0
              ],
              "size": [
                1.0,
                2.0,
                1.0
              ],
              "pivot": [
                0.0,
                0.0,
                0.0
              ],
              "rotation": [
                -10.0,
                0.0,
                0.0
              ],
              "uv": [
                4,
                20
              ],
              "inflate": 0
            },
            {
              "origin": [
                -6.0,
                17.0,
                -4.0
              ],
              "size": [
                1.0,
                1.0,
                1.0
              ],
              "uv": [
                58,
                52
              ],
              "inflate": 0
            },
            {
              "origin": [
                -6.0,
                15.0,
                -4.0
              ],
              "size": [
                1.0,
                1.0,
                1.0
              ],
              "uv": [
                12,
                48
              ],
              "inflate": 0
            },
            {
              "origin": [
                -6.0,
                13.0,
                -4.0
              ],
              "size": [
                1.0,
                1.0,
                1.0
              ],
              "uv": [
                8,
                48
              ],
              "inflate": 0
            },
            {
              "origin": [
                -6.0,
                11.0,
                -4.0
              ],
              "size": [
                1.0,
                1.0,
                1.0
              ],
              "uv": [
                48,
                0
              ],
              "inflate": 0
            },
            {
              "origin": [
                -6.0,
                9.0,
                -4.0
              ],
              "size": [
                1.0,
                1.0,
                1.0
              ],
              "uv": [
                0,
                48
              ],
              "inflate": 0
            },
            {
              "origin": [
                -6.0,
                7.0,
                -4.0
              ],
              "size": [
                1.0,
                1.0,
                1.0
              ],
              "uv": [
                45,
                47
              ],
              "inflate": 0
            },
            {
              "origin": [
                -6.0,
                5.0,
                -4.0
              ],
              "size": [
                1.0,
                1.0,
                1.0
              ],
              "uv": [
                47,
                25
              ],
              "inflate": 0
            },
            {
              "origin": [
                -6.0,
                3.0,
                -4.0
              ],
              "size": [
                1.0,
                1.0,
                1.0
              ],
              "uv": [
                42,
                46
              ],
              "inflate": 0
            },
            {
              "origin": [
                -8.0,
                3.0,
                -4.0
              ],
              "size": [
                1.0,
                1.0,
                1.0
              ],
              "uv": [
                20,
                32
              ],
              "inflate": 0
            },
            {
              "origin": [
                -8.0,
                5.0,
                -4.0
              ],
              "size": [
                1.0,
                1.0,
                1.0
              ],
              "uv": [
                16,
                32
              ],
              "inflate": 0
            },
            {
              "origin": [
                -8.0,
                7.0,
                -4.0
              ],
              "size": [
                1.0,
                1.0,
                1.0
              ],
              "uv": [
                12,
                32
              ],
              "inflate": 0
            },
            {
              "origin": [
                -8.0,
                9.0,
                -4.0
              ],
              "size": [
                1.0,
                1.0,
                1.0
              ],
              "uv": [
                4,
                32
              ],
              "inflate": 0
            },
            {
              "origin": [
                -8.0,
                11.0,
                -4.0
              ],
              "size": [
                1.0,
                1.0,
                1.0
              ],
              "uv": [
                30,
                6
              ],
              "inflate": 0
            },
            {
              "origin": [
                -8.0,
                13.0,
                -4.0
              ],
              "size": [
                1.0,
                1.0,
                1.0
              ],
              "uv": [
                28,
                9
              ],
              "inflate": 0
            },
            {
              "origin": [
                -8.0,
                15.0,
                -4.0
              ],
              "size": [
                1.0,
                1.0,
                1.0
              ],
              "uv": [
                8,
                12
              ],
              "inflate": 0
            },
            {
              "origin": [
                -8.0,
                17.0,
                -4.0
              ],
              "size": [
                1.0,
                1.0,
                1.0
              ],
              "uv": [
                4,
                12
              ],
              "inflate": 0
            },
            {
              "origin": [
                -6.0,
                3.0,
                -3.0
              ],
              "size": [
                1.0,
                15.0,
                6.0
              ],
              "uv": [
                0,
                46
              ],
              "inflate": 0
            },
            {
              "origin": [
                -8.0,
                3.0,
                -3.0
              ],
              "size": [
                1.0,
                15.0,
                6.0
              ],
              "uv": [
                16,
                40
              ],
              "inflate": 0
            },
            {
              "origin": [
                -6.0,
                2.0,
                1.0
              ],
              "size": [
                1.0,
                1.0,
                1.0
              ],
              "uv": [
                38,
                46
              ],
              "inflate": 0
            },
            {
              "origin": [
                -8.0,
                2.0,
                1.0
              ],
              "size": [
                1.0,
                1.0,
                1.0
              ],
              "uv": [
                32,
                24
              ],
              "inflate": 0
            },
            {
              "origin": [
                -8.0,
                17.0,
                3.0
              ],
              "size": [
                1.0,
                1.0,
                1.0
              ],
              "uv": [
                32,
                26
              ],
              "inflate": 0
            },
            {
              "origin": [
                -6.0,
                3.0,
                3.0
              ],
              "size": [
                1.0,
                1.0,
                1.0
              ],
              "uv": [
                30,
                46
              ],
              "inflate": 0
            },
            {
              "origin": [
                -6.0,
                11.0,
                3.0
              ],
              "size": [
                1.0,
                1.0,
                1.0
              ],
              "uv": [
                12,
                46
              ],
              "inflate": 0
            },
            {
              "origin": [
                -6.0,
                17.0,
                3.0
              ],
              "size": [
                1.0,
                1.0,
                1.0
              ],
              "uv": [
                8,
                46
              ],
              "inflate": 0
            },
            {
              "origin": [
                -8.0,
                15.0,
                3.0
              ],
              "size": [
                1.0,
                1.0,
                1.0
              ],
              "uv": [
                0,
                35
              ],
              "inflate": 0
            },
            {
              "origin": [
                -8.0,
                13.0,
                3.0
              ],
              "size": [
                1.0,
                1.0,
                1.0
              ],
              "uv": [
                24,
                34
              ],
              "inflate": 0
            },
            {
              "origin": [
                -8.0,
                11.0,
                3.0
              ],
              "size": [
                1.0,
                1.0,
                1.0
              ],
              "uv": [
                20,
                34
              ],
              "inflate": 0
            },
            {
              "origin": [
                -8.0,
                9.0,
                3.0
              ],
              "size": [
                1.0,
                1.0,
                1.0
              ],
              "uv": [
                16,
                34
              ],
              "inflate": 0
            },
            {
              "origin": [
                -8.0,
                7.0,
                3.0
              ],
              "size": [
                1.0,
                1.0,
                1.0
              ],
              "uv": [
                12,
                34
              ],
              "inflate": 0
            },
            {
              "origin": [
                -6.0,
                9.0,
                3.0
              ],
              "size": [
                1.0,
                1.0,
                1.0
              ],
              "uv": [
                46,
                2
              ],
              "inflate": 0
            },
            {
              "origin": [
                -6.0,
                13.0,
                3.0
              ],
              "size": [
                1.0,
                1.0,
                1.0
              ],
              "uv": [
                0,
                46
              ],
              "inflate": 0
            },
            {
              "origin": [
                -6.0,
                15.0,
                3.0
              ],
              "size": [
                1.0,
                1.0,
                1.0
              ],
              "uv": [
                45,
                45
              ],
              "inflate": 0
            },
            {
              "origin": [
                -6.0,
                5.0,
                3.0
              ],
              "size": [
                1.0,
                1.0,
                1.0
              ],
              "uv": [
                42,
                44
              ],
              "inflate": 0
            },
            {
              "origin": [
                -8.0,
                5.0,
                3.0
              ],
              "size": [
                1.0,
                1.0,
                1.0
              ],
              "uv": [
                34,
                6
              ],
              "inflate": 0
            },
            {
              "origin": [
                -8.0,
                3.0,
                3.0
              ],
              "size": [
                1.0,
                1.0,
                1.0
              ],
              "uv": [
                3,
                34
              ],
              "inflate": 0
            },
            {
              "origin": [
                -6.0,
                7.0,
                3.0
              ],
              "size": [
                1.0,
                1.0,
                1.0
              ],
              "uv": [
                38,
                44
              ],
              "inflate": 0
            },
            {
              "origin": [
                -6.0,
                2.0,
                -2.0
              ],
              "size": [
                1.0,
                1.0,
                1.0
              ],
              "uv": [
                32,
                44
              ],
              "inflate": 0
            },
            {
              "origin": [
                -8.0,
                2.0,
                -2.0
              ],
              "size": [
                1.0,
                1.0,
                1.0
              ],
              "uv": [
                24,
                32
              ],
              "inflate": 0
            },
            {
              "origin": [
                -8.8,
                11.8,
                -2.2
              ],
              "size": [
                5.6,
                12.5,
                4.4
              ],
              "uv": [
                48,
                0
              ],
              "inflate": 0
            },
            {
              "origin": [
                -6.8,
                13.2,
                -0.8
              ],
              "size": [
                1.6,
                9.6,
                1.6
              ],
              "uv": [
                0,
                0
              ],
              "inflate": 0.25
            }
          ],
          "parent": "body"
        },
        {
          "name": "rightItem",
          "pivot": [
            -6,
            15,
            1
          ],
          "parent": "rightArm"
        },
        {
          "name": "bone6",
          "cubes": [
            {
              "origin": [
                5.0,
                23.0,
                0.0
              ],
              "size": [
                3.0,
                1.0,
                1.0
              ],
              "pivot": [
                0.0,
                0.0,
                0.0
              ],
              "rotation": [
                0.0,
                0.0,
                -37.5
              ],
              "uv": [
                0,
                0
              ],
              "inflate": 0
            },
            {
              "origin": [
                1.0,
                17.0,
                -1.0
              ],
              "size": [
                3.0,
                1.0,
                1.0
              ],
              "pivot": [
                0.0,
                0.0,
                0.0
              ],
              "rotation": [
                0.0,
                0.0,
                -37.5
              ],
              "uv": [
                0,
                0
              ],
              "inflate": 0
            },
            {
              "origin": [
                4.0,
                21.0,
                -2.0
              ],
              "size": [
                3.0,
                1.0,
                1.0
              ],
              "pivot": [
                0.0,
                0.0,
                0.0
              ],
              "rotation": [
                0.0,
                0.0,
                -37.5
              ],
              "uv": [
                0,
                0
              ],
              "inflate": 0
            },
            {
              "origin": [
                2.0,
                19.0,
                0.0
              ],
              "size": [
                3.0,
                1.0,
                1.0
              ],
              "pivot": [
                0.0,
                0.0,
                0.0
              ],
              "rotation": [
                0.0,
                0.0,
                -37.5
              ],
              "uv": [
                0,
                0
              ],
              "inflate": 0
            }
          ],
          "parent": "rightArm"
        },
        {
          "name": "leftArm",
          "pivot": [
            5,
            22,
            0
          ],
          "cubes": [
            {
              "origin": [
                5.0,
                23.0,
                -4.0
              ],
              "size": [
                1.0,
                2.0,
                1.0
              ],
              "pivot": [
                0.0,
                0.0,
                0.0
              ],
              "rotation": [
                -10.0,
                0.0,
                0.0
              ],
              "uv": [
                0,
                20
              ],
              "inflate": 0
            },
            {
              "origin": [
                7.0,
                24.0,
                -4.0
              ],
              "size": [
                1.0,
                2.0,
                1.0
              ],
              "pivot": [
                0.0,
                0.0,
                0.0
              ],
              "rotation": [
                -10.0,
                0.0,
                0.0
              ],
              "uv": [
                18,
                9
              ],
              "inflate": 0
            },
            {
              "origin": [
                6.0,
                23.0,
                -6.0
              ],
              "size": [
                1.0,
                2.0,
                1.0
              ],
              "pivot": [
                0.0,
                0.0,
                0.0
              ],
              "rotation": [
                -10.0,
                0.0,
                0.0
              ],
              "uv": [
                18,
                6
              ],
              "inflate": 0
            },
            {
              "origin": [
                5.0,
                17.0,
                -4.0
              ],
              "size": [
                1.0,
                1.0,
                1.0
              ],
              "uv": [
                58,
                38
              ],
              "inflate": 0
            },
            {
              "origin": [
                7.0,
                17.0,
                -4.0
              ],
              "size": [
                1.0,
                1.0,
                1.0
              ],
              "uv": [
                0,
                39
              ],
              "inflate": 0
            },
            {
              "origin": [
                7.0,
                15.0,
                -4.0
              ],
              "size": [
                1.0,
                1.0,
                1.0
              ],
              "uv": [
                38,
                26
              ],
              "inflate": 0
            },
            {
              "origin": [
                7.0,
                13.0,
                -4.0
              ],
              "size": [
                1.0,
                1.0,
                1.0
              ],
              "uv": [
                38,
                24
              ],
              "inflate": 0
            },
            {
              "origin": [
                7.0,
                11.0,
                -4.0
              ],
              "size": [
                1.0,
                1.0,
                1.0
              ],
              "uv": [
                24,
                38
              ],
              "inflate": 0
            },
            {
              "origin": [
                7.0,
                9.0,
                -4.0
              ],
              "size": [
                1.0,
                1.0,
                1.0
              ],
              "uv": [
                20,
                38
              ],
              "inflate": 0
            },
            {
              "origin": [
                7.0,
                7.0,
                -4.0
              ],
              "size": [
                1.0,
                1.0,
                1.0
              ],
              "uv": [
                16,
                38
              ],
              "inflate": 0
            },
            {
              "origin": [
                7.0,
                5.0,
                -4.0
              ],
              "size": [
                1.0,
                1.0,
                1.0
              ],
              "uv": [
                12,
                38
              ],
              "inflate": 0
            },
            {
              "origin": [
                7.0,
                3.0,
                -4.0
              ],
              "size": [
                1.0,
                1.0,
                1.0
              ],
              "uv": [
                38,
                6
              ],
              "inflate": 0
            },
            {
              "origin": [
                5.0,
                3.0,
                -3.0
              ],
              "size": [
                1.0,
                15.0,
                6.0
              ],
              "uv": [
                44,
                44
              ],
              "inflate": 0
            },
            {
              "origin": [
                7.0,
                3.0,
                -3.0
              ],
              "size": [
                1.0,
                15.0,
                6.0
              ],
              "uv": [
                30,
                44
              ],
              "inflate": 0
            },
            {
              "origin": [
                5.0,
                13.0,
                -4.0
              ],
              "size": [
                1.0,
                1.0,
                1.0
              ],
              "uv": [
                58,
                36
              ],
              "inflate": 0
            },
            {
              "origin": [
                5.0,
                15.0,
                -4.0
              ],
              "size": [
                1.0,
                1.0,
                1.0
              ],
              "uv": [
                55,
                37
              ],
              "inflate": 0
            },
            {
              "origin": [
                5.0,
                11.0,
                -4.0
              ],
              "size": [
                1.0,
                1.0,
                1.0
              ],
              "uv": [
                52,
                48
              ],
              "inflate": 0
            },
            {
              "origin": [
                5.0,
                9.0,
                -4.0
              ],
              "size": [
                1.0,
                1.0,
                1.0
              ],
              "uv": [
                52,
                46
              ],
              "inflate": 0
            },
            {
              "origin": [
                5.0,
                5.0,
                -4.0
              ],
              "size": [
                1.0,
                1.0,
                1.0
              ],
              "uv": [
                52,
                44
              ],
              "inflate": 0
            },
            {
              "origin": [
                5.0,
                7.0,
                -4.0
              ],
              "size": [
                1.0,
                1.0,
                1.0
              ],
              "uv": [
                52,
                42
              ],
              "inflate": 0
            },
            {
              "origin": [
                5.0,
                3.0,
                -4.0
              ],
              "size": [
                1.0,
                1.0,
                1.0
              ],
              "uv": [
                52,
                40
              ],
              "inflate": 0
            },
            {
              "origin": [
                7.0,
                2.0,
                -2.0
              ],
              "size": [
                1.0,
                1.0,
                1.0
              ],
              "uv": [
                52,
                38
              ],
              "inflate": 0
            },
            {
              "origin": [
                7.0,
                2.0,
                1.0
              ],
              "size": [
                1.0,
                1.0,
                1.0
              ],
              "uv": [
                6,
                37
              ],
              "inflate": 0
            },
            {
              "origin": [
                5.0,
                2.0,
                -2.0
              ],
              "size": [
                1.0,
                1.0,
                1.0
              ],
              "uv": [
                3,
                38
              ],
              "inflate": 0
            },
            {
              "origin": [
                5.0,
                2.0,
                1.0
              ],
              "size": [
                1.0,
                1.0,
                1.0
              ],
              "uv": [
                52,
                36
              ],
              "inflate": 0
            },
            {
              "origin": [
                5.0,
                3.0,
                3.0
              ],
              "size": [
                1.0,
                1.0,
                1.0
              ],
              "uv": [
                12,
                50
              ],
              "inflate": 0
            },
            {
              "origin": [
                7.0,
                3.0,
                3.0
              ],
              "size": [
                1.0,
                1.0,
                1.0
              ],
              "uv": [
                0,
                37
              ],
              "inflate": 0
            },
            {
              "origin": [
                5.0,
                5.0,
                3.0
              ],
              "size": [
                1.0,
                1.0,
                1.0
              ],
              "uv": [
                8,
                50
              ],
              "inflate": 0
            },
            {
              "origin": [
                7.0,
                5.0,
                3.0
              ],
              "size": [
                1.0,
                1.0,
                1.0
              ],
              "uv": [
                24,
                36
              ],
              "inflate": 0
            },
            {
              "origin": [
                7.0,
                9.0,
                3.0
              ],
              "size": [
                1.0,
                1.0,
                1.0
              ],
              "uv": [
                16,
                36
              ],
              "inflate": 0
            },
            {
              "origin": [
                7.0,
                11.0,
                3.0
              ],
              "size": [
                1.0,
                1.0,
                1.0
              ],
              "uv": [
                12,
                36
              ],
              "inflate": 0
            },
            {
              "origin": [
                7.0,
                13.0,
                3.0
              ],
              "size": [
                1.0,
                1.0,
                1.0
              ],
              "uv": [
                3,
                36
              ],
              "inflate": 0
            },
            {
              "origin": [
                7.0,
                15.0,
                3.0
              ],
              "size": [
                1.0,
                1.0,
                1.0
              ],
              "uv": [
                35,
                25
              ],
              "inflate": 0
            },
            {
              "origin": [
                7.0,
                17.0,
                3.0
              ],
              "size": [
                1.0,
                1.0,
                1.0
              ],
              "uv": [
                6,
                35
              ],
              "inflate": 0
            },
            {
              "origin": [
                7.0,
                7.0,
                3.0
              ],
              "size": [
                1.0,
                1.0,
                1.0
              ],
              "uv": [
                20,
                36
              ],
              "inflate": 0
            },
            {
              "origin": [
                5.0,
                7.0,
                3.0
              ],
              "size": [
                1.0,
                1.0,
                1.0
              ],
              "uv": [
                0,
                50
              ],
              "inflate": 0
            },
            {
              "origin": [
                5.0,
                9.0,
                3.0
              ],
              "size": [
                1.0,
                1.0,
                1.0
              ],
              "uv": [
                42,
                48
              ],
              "inflate": 0
            },
            {
              "origin": [
                5.0,
                11.0,
                3.0
              ],
              "size": [
                1.0,
                1.0,
                1.0
              ],
              "uv": [
                38,
                48
              ],
              "inflate": 0
            },
            {
              "origin": [
                5.0,
                13.0,
                3.0
              ],
              "size": [
                1.0,
                1.0,
                1.0
              ],
              "uv": [
                30,
                48
              ],
              "inflate": 0
            },
            {
              "origin": [
                5.0,
                15.0,
                3.0
              ],
              "size": [
                1.0,
                1.0,
                1.0
              ],
              "uv": [
                48,
                29
              ],
              "inflate": 0
            },
            {
              "origin": [
                5.0,
                17.0,
                3.0
              ],
              "size": [
                1.0,
                1.0,
                1.0
              ],
              "uv": [
                48,
                27
              ],
              "inflate": 0
            },
            {
              "origin": [
                4.0,
                12.0,
                -2.0
              ],
              "size": [
                4.0,
                12.0,
                4.0
              ],
              "uv": [
                46,
                65
              ],
              "inflate": 0
            },
            {
              "origin": [
                4.0,
                11.9,
                -2.0
              ],
              "size": [
                4.0,
                12.0,
                4.0
              ],
              "uv": [
                30,
                65
              ],
              "inflate": 0.25
            }
          ],
          "parent": "body"
        },
        {
          "name": "leftItem",
          "pivot": [
            6,
            15,
            1
          ],
          "parent": "leftArm"
        },
        {
          "name": "bone7",
          "cubes": [
            {
              "origin": [
                -8.0,
                23.0,
                -1.0
              ],
              "size": [
                2.0,
                1.0,
                1.0
              ],
              "pivot": [
                0.0,
                0.0,
                0.0
              ],
              "rotation": [
                0.0,
                0.0,
                37.5
              ],
              "uv": [
                0,
                0
              ],
              "inflate": 0
            },
            {
              "origin": [
                -6.0,
                21.0,
                0.0
              ],
              "size": [
                2.0,
                1.0,
                1.0
              ],
              "pivot": [
                0.0,
                0.0,
                0.0
              ],
              "rotation": [
                0.0,
                0.0,
                37.5
              ],
              "uv": [
                0,
                0
              ],
              "inflate": 0
            },
            {
              "origin": [
                -4.0,
                17.0,
                -2.0
              ],
              "size": [
                2.0,
                1.0,
                1.0
              ],
              "pivot": [
                0.0,
                0.0,
                0.0
              ],
              "rotation": [
                0.0,
                0.0,
                37.5
              ],
              "uv": [
                0,
                0
              ],
              "inflate": 0
            },
            {
              "origin": [
                -5.0,
                19.0,
                -1.0
              ],
              "size": [
                2.0,
                1.0,
                1.0
              ],
              "pivot": [
                0.0,
                0.0,
                0.0
              ],
              "rotation": [
                0.0,
                0.0,
                37.5
              ],
              "uv": [
                0,
                0
              ],
              "inflate": 0
            }
          ],
          "parent": "leftArm"
        },
        {
          "name": "head",
          "pivot": [
            0,
            24,
            0
          ],
          "cubes": [
            {
              "origin": [
                -4.0,
                23.6,
                -4.0
              ],
              "size": [
                8.0,
                8.0,
                8.0
              ],
              "uv": [
                24,
                8
              ],
              "inflate": 0
            },
            {
              "origin": [
                -4.0,
                23.6,
                -4.0
              ],
              "size": [
                8.0,
                8.0,
                8.0
              ],
              "uv": [
                0,
                16
              ],
              "inflate": 0.5
            },
            {
              "origin": [
                3.0,
                31.0,
                -6.0
              ],
              "size": [
                1.0,
                3.0,
                1.0
              ],
              "pivot": [
                0.0,
                0.0,
                0.0
              ],
              "rotation": [
                -15.0,
                0.0,
                0.0
              ],
              "uv": [
                8,
                8
              ],
              "inflate": 0
            },
            {
              "origin": [
                0.0,
                31.0,
                -6.0
              ],
              "size": [
                1.0,
                3.0,
                1.0
              ],
              "pivot": [
                0.0,
                0.0,
                0.0
              ],
              "rotation": [
                -15.0,
                0.0,
                0.0
              ],
              "uv": [
                0,
                10
              ],
              "inflate": 0
            },
            {
              "origin": [
                -1.0,
                31.0,
                -8.0
              ],
              "size": [
                1.0,
                3.0,
                1.0
              ],
              "pivot": [
                0.0,
                0.0,
                0.0
              ],
              "rotation": [
                -15.0,
                0.0,
                0.0
              ],
              "uv": [
                0,
                16
              ],
              "inflate": 0
            },
            {
              "origin": [
                -1.0,
                30.0,
                -12.0
              ],
              "size": [
                1.0,
                3.0,
                1.0
              ],
              "pivot": [
                0.0,
                0.0,
                0.0
              ],
              "rotation": [
                -15.0,
                0.0,
                0.0
              ],
              "uv": [
                0,
                16
              ],
              "inflate": 0
            },
            {
              "origin": [
                2.0,
                29.0,
                -11.0
              ],
              "size": [
                1.0,
                3.0,
                1.0
              ],
              "pivot": [
                0.0,
                0.0,
                0.0
              ],
              "rotation": [
                -15.0,
                0.0,
                0.0
              ],
              "uv": [
                0,
                16
              ],
              "inflate": 0
            },
            {
              "origin": [
                -3.0,
                30.0,
                -9.0
              ],
              "size": [
                1.0,
                3.0,
                1.0
              ],
              "pivot": [
                0.0,
                0.0,
                0.0
              ],
              "rotation": [
                -15.0,
                0.0,
                0.0
              ],
              "uv": [
                0,
                16
              ],
              "inflate": 0
            },
            {
              "origin": [
                1.0,
                30.0,
                -9.0
              ],
              "size": [
                1.0,
                3.0,
                1.0
              ],
              "pivot": [
                0.0,
                0.0,
                0.0
              ],
              "rotation": [
                -15.0,
                0.0,
                0.0
              ],
              "uv": [
                4,
                16
              ],
              "inflate": 0
            },
            {
              "origin": [
                -1.0,
                28.0,
                -16.0
              ],
              "size": [
                1.0,
                4.0,
                10.0
              ],
              "uv": [
                0,
                32
              ],
              "inflate": 0
            },
            {
              "origin": [
                1.0,
                26.0,
                -5.0
              ],
              "size": [
                1.0,
                2.0,
                1.0
              ],
              "uv": [
                0,
                32
              ],
              "inflate": 0
            },
            {
              "origin": [
                3.0,
                26.0,
                -5.0
              ],
              "size": [
                1.0,
                2.0,
                1.0
              ],
              "uv": [
                24,
                9
              ],
              "inflate": 0
            },
            {
              "origin": [
                -5.0,
                23.0,
                -5.0
              ],
              "size": [
                10.0,
                2.0,
                1.0
              ],
              "uv": [
                66,
                9
              ],
              "inflate": 0
            },
            {
              "origin": [
                -5.0,
                28.0,
                -6.0
              ],
              "size": [
                10.0,
                4.0,
                2.0
              ],
              "uv": [
                18,
                0
              ],
              "inflate": 0
            },
            {
              "origin": [
                2.0,
                25.0,
                -5.0
              ],
              "size": [
                1.0,
                1.0,
                1.0
              ],
              "uv": [
                16,
                40
              ],
              "inflate": 0
            },
            {
              "origin": [
                4.0,
                25.0,
                -5.0
              ],
              "size": [
                1.0,
                1.0,
                1.0
              ],
              "uv": [
                6,
                39
              ],
              "inflate": 0
            },
            {
              "origin": [
                0.0,
                25.0,
                -5.0
              ],
              "size": [
                1.0,
                1.0,
                1.0
              ],
              "uv": [
                40,
                0
              ],
              "inflate": 0
            },
            {
              "origin": [
                -3.0,
                25.0,
                -5.0
              ],
              "size": [
                1.0,
                1.0,
                1.0
              ],
              "uv": [
                12,
                40
              ],
              "inflate": 0
            },
            {
              "origin": [
                -5.0,
                25.0,
                -5.0
              ],
              "size": [
                1.0,
                1.0,
                1.0
              ],
              "uv": [
                3,
                40
              ],
              "inflate": 0
            },
            {
              "origin": [
                -4.0,
                26.0,
                -5.0
              ],
              "size": [
                1.0,
                2.0,
                1.0
              ],
              "uv": [
                27,
                11
              ],
              "inflate": 0
            },
            {
              "origin": [
                -2.0,
                26.0,
                -5.0
              ],
              "size": [
                1.0,
                2.0,
                1.0
              ],
              "uv": [
                26,
                6
              ],
              "inflate": 0
            },
            {
              "origin": [
                -1.0,
                27.0,
                -7.0
              ],
              "size": [
                1.0,
                1.0,
                1.0
              ],
              "uv": [
                28,
                44
              ],
              "inflate": 0
            },
            {
              "origin": [
                -1.0,
                27.0,
                -9.0
              ],
              "size": [
                1.0,
                1.0,
                1.0
              ],
              "uv": [
                24,
                40
              ],
              "inflate": 0
            },
            {
              "origin": [
                -1.0,
                27.0,
                -11.0
              ],
              "size": [
                1.0,
                1.0,
                1.0
              ],
              "uv": [
                41,
                25
              ],
              "inflate": 0
            },
            {
              "origin": [
                -1.0,
                27.0,
                -13.0
              ],
              "size": [
                1.0,
                1.0,
                1.0
              ],
              "uv": [
                41,
                5
              ],
              "inflate": 0
            },
            {
              "origin": [
                -1.0,
                27.0,
                -15.0
              ],
              "size": [
                1.0,
                1.0,
                1.0
              ],
              "uv": [
                44,
                26
              ],
              "inflate": 0
            },
            {
              "origin": [
                -1.0,
                28.0,
                -17.0
              ],
              "size": [
                1.0,
                1.0,
                1.0
              ],
              "uv": [
                44,
                24
              ],
              "inflate": 0
            },
            {
              "origin": [
                -1.0,
                31.0,
                -17.0
              ],
              "size": [
                1.0,
                1.0,
                1.0
              ],
              "uv": [
                24,
                44
              ],
              "inflate": 0
            },
            {
              "origin": [
                -1.0,
                32.0,
                -15.0
              ],
              "size": [
                1.0,
                1.0,
                1.0
              ],
              "uv": [
                42,
                2
              ],
              "inflate": 0
            },
            {
              "origin": [
                -1.0,
                32.0,
                -13.0
              ],
              "size": [
                1.0,
                1.0,
                1.0
              ],
              "uv": [
                44,
                6
              ],
              "inflate": 0
            },
            {
              "origin": [
                -1.0,
                32.0,
                -11.0
              ],
              "size": [
                1.0,
                1.0,
                1.0
              ],
              "uv": [
                24,
                42
              ],
              "inflate": 0
            },
            {
              "origin": [
                -1.0,
                32.0,
                -9.0
              ],
              "size": [
                1.0,
                1.0,
                1.0
              ],
              "uv": [
                44,
                4
              ],
              "inflate": 0
            },
            {
              "origin": [
                -1.0,
                32.0,
                -7.0
              ],
              "size": [
                1.0,
                1.0,
                1.0
              ],
              "uv": [
                44,
                0
              ],
              "inflate": 0
            }
          ],
          "parent": "body"
        },
        {
          "name": "bone5",
          "pivot": [
            2,
            19,
            11
          ],
          "cubes": [
            {
              "origin": [
                1.0,
                19.0,
                10.0
              ],
              "size": [
                2.0,
                2.0,
                6.0
              ],
              "uv": [
                0,
                0
              ],
              "inflate": 0
            }
          ],
          "parent": "body",
          "rotation": [
            -45,
            0,
            0
          ]
        },
        {
          "name": "bone4",
          "cubes": [
            {
              "origin": [
                1.0,
                22.0,
                1.0
              ],
              "size": [
                2.0,
                2.0,
                5.0
              ],
              "pivot": [
                0.0,
                0.0,
                0.0
              ],
              "rotation": [
                -15.0,
                0.0,
                0.0
              ],
              "uv": [
                0,
                0
              ],
              "inflate": 0
            }
          ],
          "parent": "body"
        },
        {
          "name": "bone3",
          "cubes": [
            {
              "origin": [
                -2.0,
                6.0,
                -17.0
              ],
              "size": [
                2.0,
                8.0,
                2.0
              ],
              "pivot": [
                0.0,
                0.0,
                0.0
              ],
              "rotation": [
                -42.39121,
                -3.37562,
                -3.69066
              ],
              "uv": [
                0,
                0
              ],
              "inflate": 0
            }
          ],
          "parent": "body"
        },
        {
          "name": "bone2",
          "cubes": [
            {
              "origin": [
                -1.0,
                15.0,
                -16.0
              ],
              "size": [
                2.0,
                2.0,
                5.0
              ],
              "pivot": [
                0.0,
                10.0,
                -11.0
              ],
              "rotation": [
                -59.60087,
                12.67956,
                -18.74227
              ],
              "uv": [
                0,
                0
              ],
              "inflate": 0
            }
          ],
          "parent": "body"
        },
        {
          "name": "bone",
          "cubes": [
            {
              "origin": [
                -1.0,
                13.0,
                -7.0
              ],
              "size": [
                2.0,
                2.0,
                4.0
              ],
              "uv": [
                0,
                0
              ],
              "inflate": 0
            }
          ],
          "parent": "body"
        },
        {
          "name": "rightLeg",
          "pivot": [
            -1.9,
            12,
            0
          ],
          "cubes": [
            {
              "origin": [
                -3.9,
                0.0,
                -2.0
              ],
              "size": [
                4.0,
                12.0,
                4.0
              ],
              "uv": [
                14,
                61
              ],
              "inflate": 0
            },
            {
              "origin": [
                -3.9,
                0.0,
                -2.0
              ],
              "size": [
                4.0,
                12.0,
                4.0
              ],
              "uv": [
                58,
                52
              ],
              "inflate": 0.25
            }
          ],
          "parent": "waist"
        },
        {
          "name": "leftLeg",
          "pivot": [
            1.9,
            12,
            0
          ],
          "cubes": [
            {
              "origin": [
                -0.1,
                0.0,
                -2.0
              ],
              "size": [
                4.0,
                12.0,
                4.0
              ],
              "uv": [
                58,
                36
              ],
              "inflate": 0
            },
            {
              "origin": [
                -0.1,
                0.0,
                -2.0
              ],
              "size": [
                4.0,
                12.0,
                4.0
              ],
              "uv": [
                52,
                20
              ],
              "inflate": 0.25
            }
          ],
          "parent": "waist"
        }
      ]
    }
  ]
}