{
  "format_version": "1.12.0",
  "minecraft:geometry": [
    {
      "description": {
        "identifier": "geometry.entity_lash",
        "texture_width": 128,
        "texture_height": 128,
        "visible_bounds_width": 4,
        "visible_bounds_height": 3.5,
        "visible_bounds_offset": [
          0,
          1.25,
          0
        ]
      },
      "bones": [
        {
          "name": "root"
        },
        {
          "name": "waist",
          "pivot": [
            0,
            12,
            0
          ],
          "parent": "root"
        },
        {
          "name": "body",
          "pivot": [
            0,
            12,
            0
          ],
          "cubes": [
            {
              "origin": [
                -4.0,
                12.0,
                -2.0
              ],
              "size": [
                8.0,
                12.0,
                4.0
              ],
              "uv": [
                28,
                28
              ],
              "inflate": 0.25
            }
          ],
          "parent": "waist"
        },
        {
          "name": "rightArm",
          "pivot": [
            -5,
            22,
            0
          ],
          "cubes": [
            {
              "origin": [
                -8.0,
                12.0,
                -2.0
              ],
              "size": [
                4.0,
                12.0,
                4.0
              ],
              "uv": [
                55,
                0
              ],
              "inflate": 0
            },
            {
              "origin": [
                -8.0,
                12.0,
                -2.0
              ],
              "size": [
                4.0,
                12.0,
                4.0
              ],
              "uv": {
                "north": {
                  "uv": [
                    58,
                    52
                  ],
                  "uv_size": [
                    4,
                    12
                  ]
                },
                "east": {
                  "uv": [
                    54,
                    52
                  ],
                  "uv_size": [
                    4,
                    12
                  ]
                },
                "south": {
                  "uv": [
                    66,
                    52
                  ],
                  "uv_size": [
                    4,
                    12
                  ]
                },
                "west": {
                  "uv": [
                    62,
                    52
                  ],
                  "uv_size": [
                    4,
                    12
                  ]
                },
                "up": {
                  "uv": [
                    58,
                    48
                  ],
                  "uv_size": [
                    4,
                    4
                  ]
                },
                "down": {
                  "uv": [
                    62,
                    52
                  ],
                  "uv_size": [
                    4,
                    -4
                  ]
                }
              },
              "inflate": 0.25
            },
            {
              "origin": [
                -7.0,
                4.0,
                1.0
              ],
              "size": [
                1.0,
                8.0,
                1.0
              ],
              "pivot": [
                -5.0,
                22.0,
                0.0
              ],
              "rotation": [
                -10.0,
                0.0,
                0.0
              ],
              "uv": [
                58,
                69
              ],
              "inflate": 0
            },
            {
              "origin": [
                -3.0,
                6.0,
                2.0
              ],
              "size": [
                1.0,
                7.0,
                1.0
              ],
              "pivot": [
                -5.0,
                22.0,
                0.0
              ],
              "rotation": [
                -9.40804,
                3.40487,
                19.71975
              ],
              "uv": [
                39,
                70
              ],
              "inflate": 0
            },
            {
              "origin": [
                -3.0,
                6.0,
                3.0
              ],
              "size": [
                1.0,
                7.0,
                1.0
              ],
              "pivot": [
                -5.0,
                22.0,
                0.0
              ],
              "rotation": [
                -24.40804,
                3.40487,
                19.71975
              ],
              "uv": [
                14,
                70
              ],
              "inflate": 0
            },
            {
              "origin": [
                -9.0,
                6.0,
                2.0
              ],
              "size": [
                1.0,
                7.0,
                1.0
              ],
              "pivot": [
                -5.0,
                22.0,
                0.0
              ],
              "rotation": [
                -0.34994,
                -23.28721,
                -15.45544
              ],
              "uv": [
                18,
                70
              ],
              "inflate": 0
            },
            {
              "origin": [
                -7.0,
                5.0,
                0.0
              ],
              "size": [
                1.0,
                7.0,
                1.0
              ],
              "pivot": [
                -5.0,
                22.0,
                0.0
              ],
              "rotation": [
                2.5,
                0.0,
                0.0
              ],
              "uv": [
                22,
                70
              ],
              "inflate": 0
            }
          ],
          "parent": "body"
        },
        {
          "name": "rightItem",
          "pivot": [
            -6,
            15,
            1
          ],
          "parent": "rightArm"
        },
        {
          "name": "leftArm",
          "pivot": [
            5,
            22,
            0
          ],
          "cubes": [
            {
              "origin": [
                4.0,
                12.0,
                -2.0
              ],
              "size": [
                4.0,
                12.0,
                4.0
              ],
              "uv": [
                52,
                32
              ],
              "inflate": 0
            },
            {
              "origin": [
                4.0,
                12.0,
                -2.0
              ],
              "size": [
                4.0,
                12.0,
                4.0
              ],
              "uv": [
                48,
                16
              ],
              "inflate": 0.25
            },
            {
              "origin": [
                -1.0,
                2.0,
                -1.0
              ],
              "size": [
                1.0,
                7.0,
                1.0
              ],
              "pivot": [
                -5.0,
                22.0,
                0.0
              ],
              "rotation": [
                -1.36736,
                -16.13011,
                -26.84623
              ],
              "uv": [
                10,
                70
              ],
              "inflate": 0
            },
            {
              "origin": [
                -1.0,
                1.0,
                3.0
              ],
              "size": [
                1.0,
                8.0,
                1.0
              ],
              "pivot": [
                -5.0,
                22.0,
                0.0
              ],
              "rotation": [
                -18.86736,
                -16.13011,
                -26.84623
              ],
              "uv": [
                54,
                69
              ],
              "inflate": 0
            },
            {
              "origin": [
                0.0,
                2.0,
                -2.0
              ],
              "size": [
                1.0,
                7.0,
                1.0
              ],
              "pivot": [
                -5.0,
                22.0,
                0.0
              ],
              "rotation": [
                -2.80477,
                -15.94798,
                -21.64703
              ],
              "uv": [
                49,
                60
              ],
              "inflate": 0
            },
            {
              "origin": [
                0.0,
                2.0,
                2.0
              ],
              "size": [
                1.0,
                8.0,
                1.0
              ],
              "pivot": [
                -5.0,
                22.0,
                0.0
              ],
              "rotation": [
                -20.74211,
                -13.58544,
                -19.54602
              ],
              "uv": [
                16,
                45
              ],
              "inflate": 0
            }
          ],
          "parent": "body"
        },
        {
          "name": "leftItem",
          "pivot": [
            6,
            15,
            1
          ],
          "parent": "leftArm"
        },
        {
          "name": "head",
          "pivot": [
            0,
            24,
            0
          ],
          "cubes": [
            {
              "origin": [
                -4.0,
                23.6,
                -4.0
              ],
              "size": [
                8.0,
                8.0,
                8.0
              ],
              "uv": [
                0,
                16
              ],
              "inflate": 0
            },
            {
              "origin": [
                -4.0,
                23.6,
                -4.0
              ],
              "size": [
                8.0,
                8.0,
                8.0
              ],
              "uv": [
                0,
                0
              ],
              "inflate": 0.5
            },
            {
              "origin": [
                -4.3,
                28.0,
                -6.0
              ],
              "size": [
                1.0,
                4.0,
                3.0
              ],
              "pivot": [
                0.0,
                24.0,
                -6.0
              ],
              "rotation": [
                0.0,
                -20.0,
                0.0
              ],
              "uv": [
                0,
                16
              ],
              "inflate": 0
            },
            {
              "origin": [
                3.3,
                28.0,
                -6.0
              ],
              "size": [
                1.0,
                4.0,
                3.0
              ],
              "pivot": [
                0.0,
                24.0,
                -6.0
              ],
              "rotation": [
                0.0,
                20.0,
                0.0
              ],
              "uv": [
                0,
                0
              ],
              "inflate": 0
            },
            {
              "origin": [
                -3.8,
                28.0,
                -9.0
              ],
              "size": [
                1.0,
                4.0,
                5.0
              ],
              "pivot": [
                0.0,
                24.0,
                -6.0
              ],
              "rotation": [
                0.0,
                -47.5,
                0.0
              ],
              "uv": [
                64,
                24
              ],
              "inflate": 0
            },
            {
              "origin": [
                2.8,
                28.0,
                -9.0
              ],
              "size": [
                1.0,
                4.0,
                5.0
              ],
              "pivot": [
                0.0,
                24.0,
                -6.0
              ],
              "rotation": [
                0.0,
                47.5,
                0.0
              ],
              "uv": [
                15,
                32
              ],
              "inflate": 0
            },
            {
              "origin": [
                -1.8,
                23.5,
                -5.0
              ],
              "size": [
                0.5,
                1.5,
                0.5
              ],
              "pivot": [
                0.0,
                24.0,
                -6.0
              ],
              "rotation": [
                0.0,
                -42.5,
                0.0
              ],
              "uv": [
                0,
                0
              ],
              "inflate": 0
            },
            {
              "origin": [
                -1.8,
                23.5,
                -6.0
              ],
              "size": [
                0.5,
                1.5,
                0.5
              ],
              "pivot": [
                0.0,
                24.0,
                -6.0
              ],
              "rotation": [
                0.0,
                -42.5,
                0.0
              ],
              "uv": [
                0,
                0
              ],
              "inflate": 0
            },
            {
              "origin": [
                -1.5,
                23.5,
                -5.6
              ],
              "size": [
                0.5,
                1.5,
                0.5
              ],
              "pivot": [
                0.0,
                24.0,
                -6.0
              ],
              "rotation": [
                0.0,
                -90.0,
                0.0
              ],
              "uv": [
                0,
                0
              ],
              "inflate": 0
            },
            {
              "origin": [
                -2.5,
                26.5,
                -6.6
              ],
              "size": [
                0.5,
                2.5,
                0.5
              ],
              "pivot": [
                0.0,
                24.0,
                -6.0
              ],
              "rotation": [
                0.0,
                -90.0,
                0.0
              ],
              "uv": [
                0,
                0
              ],
              "inflate": 0
            },
            {
              "origin": [
                -2.5,
                26.5,
                -5.6
              ],
              "size": [
                0.5,
                2.5,
                0.5
              ],
              "pivot": [
                0.0,
                24.0,
                -6.0
              ],
              "rotation": [
                0.0,
                -90.0,
                0.0
              ],
              "uv": [
                0,
                0
              ],
              "inflate": 0
            },
            {
              "origin": [
                1.0,
                23.5,
                -6.0
              ],
              "size": [
                0.5,
                1.5,
                0.5
              ],
              "pivot": [
                0.0,
                24.0,
                -6.0
              ],
              "rotation": [
                0.0,
                47.5,
                0.0
              ],
              "uv": [
                0,
                0
              ],
              "inflate": 0
            },
            {
              "origin": [
                1.0,
                23.5,
                -7.0
              ],
              "size": [
                0.5,
                1.5,
                0.5
              ],
              "pivot": [
                0.0,
                24.0,
                -6.0
              ],
              "rotation": [
                0.0,
                47.5,
                0.0
              ],
              "uv": {
                "north": {
                  "uv": [
                    0,
                    0
                  ],
                  "uv_size": [
                    0,
                    1
                  ]
                },
                "east": {
                  "uv": [
                    0,
                    0
                  ],
                  "uv_size": [
                    0,
                    1
                  ]
                },
                "south": {
                  "uv": [
                    0,
                    0
                  ],
                  "uv_size": [
                    0,
                    1
                  ]
                },
                "west": {
                  "uv": [
                    0,
                    0
                  ],
                  "uv_size": [
                    0,
                    1
                  ]
                },
                "up": {
                  "uv": [
                    0,
                    0
                  ],
                  "uv_size": [
                    0,
                    0
                  ]
                },
                "down": {
                  "uv": [
                    0,
                    0
                  ],
                  "uv_size": [
                    0,
                    0
                  ]
                }
              },
              "inflate": 0
            },
            {
              "origin": [
                2.0,
                26.5,
                -5.0
              ],
              "size": [
                0.5,
                2.5,
                0.5
              ],
              "pivot": [
                0.0,
                24.0,
                -6.0
              ],
              "rotation": [
                0.0,
                47.5,
                0.0
              ],
              "uv": [
                0,
                0
              ],
              "inflate": 0
            },
            {
              "origin": [
                2.0,
                26.5,
                -6.0
              ],
              "size": [
                0.5,
                2.5,
                0.5
              ],
              "pivot": [
                0.0,
                24.0,
                -6.0
              ],
              "rotation": [
                0.0,
                47.5,
                0.0
              ],
              "uv": [
                0,
                0
              ],
              "inflate": 0
            },
            {
              "origin": [
                -1.8,
                23.5,
                -3.0
              ],
              "size": [
                0.5,
                1.5,
                0.5
              ],
              "pivot": [
                0.0,
                24.0,
                -6.0
              ],
              "rotation": [
                0.0,
                -42.5,
                0.0
              ],
              "uv": [
                0,
                0
              ],
              "inflate": 0
            },
            {
              "origin": [
                -1.8,
                23.5,
                -4.0
              ],
              "size": [
                0.5,
                1.5,
                0.5
              ],
              "pivot": [
                0.0,
                24.0,
                -6.0
              ],
              "rotation": [
                0.0,
                -42.5,
                0.0
              ],
              "uv": [
                0,
                0
              ],
              "inflate": 0
            },
            {
              "origin": [
                1.2,
                23.5,
                -3.0
              ],
              "size": [
                0.5,
                1.5,
                0.5
              ],
              "pivot": [
                0.0,
                24.0,
                -6.0
              ],
              "rotation": [
                0.0,
                42.5,
                0.0
              ],
              "uv": [
                0,
                0
              ],
              "inflate": 0
            },
            {
              "origin": [
                1.2,
                23.5,
                -4.0
              ],
              "size": [
                0.5,
                1.5,
                0.5
              ],
              "pivot": [
                0.0,
                24.0,
                -6.0
              ],
              "rotation": [
                0.0,
                42.5,
                0.0
              ],
              "uv": [
                0,
                0
              ],
              "inflate": 0
            },
            {
              "origin": [
                1.2,
                23.5,
                -5.0
              ],
              "size": [
                0.5,
                1.5,
                0.5
              ],
              "pivot": [
                0.0,
                24.0,
                -6.0
              ],
              "rotation": [
                0.0,
                42.5,
                0.0
              ],
              "uv": [
                0,
                0
              ],
              "inflate": 0
            },
            {
              "origin": [
                2.2,
                26.5,
                -3.0
              ],
              "size": [
                0.5,
                2.5,
                0.5
              ],
              "pivot": [
                0.0,
                24.0,
                -6.0
              ],
              "rotation": [
                0.0,
                42.5,
                0.0
              ],
              "uv": [
                0,
                0
              ],
              "inflate": 0
            },
            {
              "origin": [
                2.2,
                26.5,
                -4.0
              ],
              "size": [
                0.5,
                2.5,
                0.5
              ],
              "pivot": [
                0.0,
                24.0,
                -6.0
              ],
              "rotation": [
                0.0,
                42.5,
                0.0
              ],
              "uv": [
                0,
                0
              ],
              "inflate": 0
            },
            {
              "origin": [
                -2.7,
                26.5,
                -3.0
              ],
              "size": [
                0.5,
                2.5,
                0.5
              ],
              "pivot": [
                0.0,
                24.0,
                -6.0
              ],
              "rotation": [
                0.0,
                -42.5,
                0.0
              ],
              "uv": [
                0,
                0
              ],
              "inflate": 0
            },
            {
              "origin": [
                -2.7,
                26.5,
                -4.0
              ],
              "size": [
                0.5,
                2.5,
                0.5
              ],
              "pivot": [
                0.0,
                24.0,
                -6.0
              ],
              "rotation": [
                0.0,
                -42.5,
                0.0
              ],
              "uv": [
                0,
                0
              ],
              "inflate": 0
            },
            {
              "origin": [
                -2.7,
                26.5,
                -5.0
              ],
              "size": [
                0.5,
                2.5,
                0.5
              ],
              "pivot": [
                0.0,
                24.0,
                -6.0
              ],
              "rotation": [
                0.0,
                -42.5,
                0.0
              ],
              "uv": [
                0,
                0
              ],
              "inflate": 0
            },
            {
              "origin": [
                -2.7,
                26.5,
                -6.0
              ],
              "size": [
                0.5,
                2.5,
                0.5
              ],
              "pivot": [
                0.0,
                24.0,
                -6.0
              ],
              "rotation": [
                0.0,
                -42.5,
                0.0
              ],
              "uv": [
                0,
                0
              ],
              "inflate": 0
            },
            {
              "origin": [
                -2.88224,
                23.0708,
                -7.2136
              ],
              "size": [
                5.9778,
                0.6642,
                5.9778
              ],
              "pivot": [
                0.0,
                15.9408,
                -3.9852
              ],
              "rotation": [
                0.0,
                46.9,
                0.0
              ],
              "uv": {
                "north": {
                  "uv": [
                    24,
                    5
                  ],
                  "uv_size": [
                    5,
                    0
                  ]
                },
                "east": {
                  "uv": [
                    19,
                    5
                  ],
                  "uv_size": [
                    5,
                    0
                  ]
                },
                "south": {
                  "uv": [
                    34,
                    5
                  ],
                  "uv_size": [
                    5,
                    0
                  ]
                },
                "west": {
                  "uv": [
                    29,
                    5
                  ],
                  "uv_size": [
                    5,
                    0
                  ]
                },
                "up": {
                  "uv": [
                    24,
                    0
                  ],
                  "uv_size": [
                    5,
                    5
                  ]
                },
                "down": {
                  "uv": [
                    29,
                    5
                  ],
                  "uv_size": [
                    5,
                    -5
                  ]
                }
              },
              "inflate": 0
            },
            {
              "origin": [
                2.8,
                28.0,
                -9.6
              ],
              "size": [
                1.0,
                4.0,
                1.0
              ],
              "pivot": [
                0.0,
                24.0,
                -6.0
              ],
              "rotation": [
                0.0,
                47.3,
                0.0
              ],
              "uv": [
                15,
                32
              ],
              "inflate": 0
            },
            {
              "origin": [
                -4.0,
                30.0,
                -7.0
              ],
              "size": [
                8.0,
                2.0,
                3.0
              ],
              "uv": [
                13,
                60
              ],
              "inflate": 0
            },
            {
              "origin": [
                -4.0,
                28.0,
                -7.0
              ],
              "size": [
                8.0,
                2.0,
                3.0
              ],
              "uv": [
                24,
                18
              ],
              "inflate": 0
            },
            {
              "origin": [
                -1.0,
                30.0,
                -10.0
              ],
              "size": [
                2.0,
                2.0,
                3.0
              ],
              "uv": [
                0,
                69
              ],
              "inflate": 0
            },
            {
              "origin": [
                -1.0,
                28.0,
                -10.0
              ],
              "size": [
                2.0,
                2.0,
                3.0
              ],
              "uv": [
                68,
                67
              ],
              "inflate": 0
            },
            {
              "origin": [
                5.0,
                30.0,
                -6.0
              ],
              "size": [
                2.0,
                2.0,
                3.0
              ],
              "pivot": [
                0.0,
                24.0,
                0.0
              ],
              "rotation": [
                0.0,
                42.5,
                0.0
              ],
              "uv": [
                68,
                38
              ],
              "inflate": 0
            },
            {
              "origin": [
                5.0,
                28.0,
                -6.0
              ],
              "size": [
                2.0,
                2.0,
                3.0
              ],
              "pivot": [
                0.0,
                24.0,
                0.0
              ],
              "rotation": [
                0.0,
                42.5,
                0.0
              ],
              "uv": [
                68,
                33
              ],
              "inflate": 0
            },
            {
              "origin": [
                -7.0,
                30.0,
                -6.0
              ],
              "size": [
                2.0,
                2.0,
                3.0
              ],
              "pivot": [
                0.0,
                24.0,
                0.0
              ],
              "rotation": [
                0.0,
                -42.5,
                0.0
              ],
              "uv": [
                29,
                68
              ],
              "inflate": 0
            },
            {
              "origin": [
                -7.0,
                28.0,
                -6.0
              ],
              "size": [
                2.0,
                2.0,
                3.0
              ],
              "pivot": [
                0.0,
                24.0,
                0.0
              ],
              "rotation": [
                0.0,
                -42.5,
                0.0
              ],
              "uv": [
                67,
                61
              ],
              "inflate": 0
            },
            {
              "origin": [
                4.0,
                27.0,
                -1.0
              ],
              "size": [
                2.0,
                2.0,
                11.0
              ],
              "pivot": [
                0.0,
                24.0,
                0.0
              ],
              "rotation": [
                35.0,
                0.0,
                0.0
              ],
              "uv": [
                0,
                32
              ],
              "inflate": 0
            },
            {
              "origin": [
                -6.0,
                27.0,
                -1.0
              ],
              "size": [
                2.0,
                2.0,
                11.0
              ],
              "pivot": [
                0.0,
                24.0,
                0.0
              ],
              "rotation": [
                35.0,
                0.0,
                0.0
              ],
              "uv": [
                24,
                5
              ],
              "inflate": 0
            },
            {
              "origin": [
                4.0,
                34.0,
                -1.0
              ],
              "size": [
                2.0,
                2.0,
                6.0
              ],
              "pivot": [
                0.0,
                24.0,
                0.0
              ],
              "rotation": [
                -35.0,
                0.0,
                0.0
              ],
              "uv": [
                64,
                16
              ],
              "inflate": 0
            },
            {
              "origin": [
                4.0,
                23.0,
                11.0
              ],
              "size": [
                2.0,
                2.0,
                6.0
              ],
              "pivot": [
                0.0,
                24.0,
                0.0
              ],
              "rotation": [
                27.5,
                0.0,
                0.0
              ],
              "uv": [
                39,
                62
              ],
              "inflate": 0
            },
            {
              "origin": [
                -6.0,
                23.0,
                11.0
              ],
              "size": [
                2.0,
                2.0,
                6.0
              ],
              "pivot": [
                0.0,
                24.0,
                0.0
              ],
              "rotation": [
                27.5,
                0.0,
                0.0
              ],
              "uv": [
                0,
                61
              ],
              "inflate": 0
            },
            {
              "origin": [
                -6.0,
                34.0,
                -1.0
              ],
              "size": [
                2.0,
                2.0,
                6.0
              ],
              "pivot": [
                0.0,
                24.0,
                0.0
              ],
              "rotation": [
                -35.0,
                0.0,
                0.0
              ],
              "uv": [
                29,
                60
              ],
              "inflate": 0
            },
            {
              "origin": [
                1.0,
                25.0,
                4.0
              ],
              "size": [
                1.0,
                1.0,
                3.0
              ],
              "uv": [
                43,
                74
              ],
              "inflate": 0
            },
            {
              "origin": [
                3.0,
                25.0,
                4.0
              ],
              "size": [
                1.0,
                1.0,
                3.0
              ],
              "uv": [
                31,
                74
              ],
              "inflate": 0
            },
            {
              "origin": [
                -2.0,
                27.0,
                4.0
              ],
              "size": [
                1.0,
                1.0,
                3.0
              ],
              "uv": [
                74,
                16
              ],
              "inflate": 0
            },
            {
              "origin": [
                -4.0,
                27.0,
                4.0
              ],
              "size": [
                1.0,
                1.0,
                3.0
              ],
              "uv": [
                0,
                74
              ],
              "inflate": 0
            },
            {
              "origin": [
                3.0,
                27.0,
                4.0
              ],
              "size": [
                1.0,
                1.0,
                3.0
              ],
              "uv": [
                72,
                73
              ],
              "inflate": 0
            },
            {
              "origin": [
                1.0,
                27.0,
                4.0
              ],
              "size": [
                1.0,
                1.0,
                3.0
              ],
              "uv": [
                26,
                73
              ],
              "inflate": 0
            },
            {
              "origin": [
                1.0,
                29.0,
                4.0
              ],
              "size": [
                1.0,
                1.0,
                3.0
              ],
              "uv": [
                67,
                72
              ],
              "inflate": 0
            },
            {
              "origin": [
                -4.0,
                29.0,
                4.0
              ],
              "size": [
                1.0,
                1.0,
                3.0
              ],
              "uv": [
                72,
                43
              ],
              "inflate": 0
            },
            {
              "origin": [
                -2.0,
                29.0,
                4.0
              ],
              "size": [
                1.0,
                1.0,
                3.0
              ],
              "uv": [
                71,
                24
              ],
              "inflate": 0
            },
            {
              "origin": [
                3.0,
                29.0,
                4.0
              ],
              "size": [
                1.0,
                1.0,
                3.0
              ],
              "uv": [
                71,
                12
              ],
              "inflate": 0
            },
            {
              "origin": [
                -2.0,
                25.0,
                4.0
              ],
              "size": [
                1.0,
                1.0,
                3.0
              ],
              "uv": [
                71,
                8
              ],
              "inflate": 0
            },
            {
              "origin": [
                -4.0,
                25.0,
                4.0
              ],
              "size": [
                1.0,
                1.0,
                3.0
              ],
              "uv": [
                71,
                4
              ],
              "inflate": 0
            },
            {
              "origin": [
                1.0,
                22.0,
                6.0
              ],
              "size": [
                1.0,
                1.0,
                3.0
              ],
              "pivot": [
                0.0,
                24.0,
                0.0
              ],
              "rotation": [
                27.5,
                0.0,
                0.0
              ],
              "uv": [
                62,
                70
              ],
              "inflate": 0
            },
            {
              "origin": [
                3.0,
                22.0,
                6.0
              ],
              "size": [
                1.0,
                1.0,
                3.0
              ],
              "pivot": [
                0.0,
                24.0,
                0.0
              ],
              "rotation": [
                27.5,
                0.0,
                0.0
              ],
              "uv": [
                70,
                57
              ],
              "inflate": 0
            },
            {
              "origin": [
                3.0,
                23.0,
                7.0
              ],
              "size": [
                1.0,
                1.0,
                3.0
              ],
              "pivot": [
                0.0,
                24.0,
                0.0
              ],
              "rotation": [
                32.5,
                0.0,
                0.0
              ],
              "uv": [
                70,
                53
              ],
              "inflate": 0
            },
            {
              "origin": [
                1.0,
                24.0,
                8.0
              ],
              "size": [
                1.0,
                1.0,
                3.0
              ],
              "pivot": [
                0.0,
                24.0,
                0.0
              ],
              "rotation": [
                37.5,
                0.0,
                0.0
              ],
              "uv": [
                70,
                49
              ],
              "inflate": 0
            },
            {
              "origin": [
                -2.0,
                24.0,
                8.0
              ],
              "size": [
                1.0,
                1.0,
                3.0
              ],
              "pivot": [
                0.0,
                24.0,
                0.0
              ],
              "rotation": [
                37.5,
                0.0,
                0.0
              ],
              "uv": [
                43,
                70
              ],
              "inflate": 0
            },
            {
              "origin": [
                -4.0,
                24.0,
                8.0
              ],
              "size": [
                1.0,
                1.0,
                3.0
              ],
              "pivot": [
                0.0,
                24.0,
                0.0
              ],
              "rotation": [
                37.5,
                0.0,
                0.0
              ],
              "uv": [
                67,
                0
              ],
              "inflate": 0
            },
            {
              "origin": [
                3.0,
                24.0,
                8.0
              ],
              "size": [
                1.0,
                1.0,
                3.0
              ],
              "pivot": [
                0.0,
                24.0,
                0.0
              ],
              "rotation": [
                37.5,
                0.0,
                0.0
              ],
              "uv": [
                18,
                65
              ],
              "inflate": 0
            },
            {
              "origin": [
                1.0,
                23.0,
                7.0
              ],
              "size": [
                1.0,
                1.0,
                3.0
              ],
              "pivot": [
                0.0,
                24.0,
                0.0
              ],
              "rotation": [
                32.5,
                0.0,
                0.0
              ],
              "uv": [
                60,
                16
              ],
              "inflate": 0
            },
            {
              "origin": [
                -2.0,
                23.0,
                7.0
              ],
              "size": [
                1.0,
                1.0,
                3.0
              ],
              "pivot": [
                0.0,
                24.0,
                0.0
              ],
              "rotation": [
                32.5,
                0.0,
                0.0
              ],
              "uv": [
                51,
                0
              ],
              "inflate": 0
            },
            {
              "origin": [
                -4.0,
                23.0,
                7.0
              ],
              "size": [
                1.0,
                1.0,
                3.0
              ],
              "pivot": [
                0.0,
                24.0,
                0.0
              ],
              "rotation": [
                32.5,
                0.0,
                0.0
              ],
              "uv": [
                34,
                44
              ],
              "inflate": 0
            },
            {
              "origin": [
                -2.0,
                22.0,
                6.0
              ],
              "size": [
                1.0,
                1.0,
                3.0
              ],
              "pivot": [
                0.0,
                24.0,
                0.0
              ],
              "rotation": [
                27.5,
                0.0,
                0.0
              ],
              "uv": [
                38,
                23
              ],
              "inflate": 0
            },
            {
              "origin": [
                -4.0,
                22.0,
                6.0
              ],
              "size": [
                1.0,
                1.0,
                3.0
              ],
              "pivot": [
                0.0,
                24.0,
                0.0
              ],
              "rotation": [
                27.5,
                0.0,
                0.0
              ],
              "uv": [
                34,
                0
              ],
              "inflate": 0
            },
            {
              "origin": [
                1.0,
                25.0,
                3.0
              ],
              "size": [
                1.0,
                1.0,
                4.0
              ],
              "pivot": [
                0.0,
                24.0,
                0.0
              ],
              "rotation": [
                -17.5,
                0.0,
                0.0
              ],
              "uv": [
                66,
                44
              ],
              "inflate": 0
            },
            {
              "origin": [
                -4.0,
                25.0,
                3.0
              ],
              "size": [
                1.0,
                1.0,
                4.0
              ],
              "pivot": [
                0.0,
                24.0,
                0.0
              ],
              "rotation": [
                -17.5,
                0.0,
                0.0
              ],
              "uv": [
                61,
                65
              ],
              "inflate": 0
            },
            {
              "origin": [
                3.0,
                25.0,
                3.0
              ],
              "size": [
                1.0,
                1.0,
                4.0
              ],
              "pivot": [
                0.0,
                24.0,
                0.0
              ],
              "rotation": [
                -17.5,
                0.0,
                0.0
              ],
              "uv": [
                22,
                65
              ],
              "inflate": 0
            },
            {
              "origin": [
                3.0,
                29.0,
                6.0
              ],
              "size": [
                1.0,
                1.0,
                4.0
              ],
              "pivot": [
                0.0,
                24.0,
                0.0
              ],
              "rotation": [
                17.5,
                0.0,
                0.0
              ],
              "uv": [
                12,
                65
              ],
              "inflate": 0
            },
            {
              "origin": [
                -4.0,
                29.0,
                6.0
              ],
              "size": [
                1.0,
                1.0,
                4.0
              ],
              "pivot": [
                0.0,
                24.0,
                0.0
              ],
              "rotation": [
                17.5,
                0.0,
                0.0
              ],
              "uv": [
                55,
                64
              ],
              "inflate": 0
            },
            {
              "origin": [
                -2.0,
                29.0,
                6.0
              ],
              "size": [
                1.0,
                1.0,
                4.0
              ],
              "pivot": [
                0.0,
                24.0,
                0.0
              ],
              "rotation": [
                17.5,
                0.0,
                0.0
              ],
              "uv": [
                0,
                37
              ],
              "inflate": 0
            },
            {
              "origin": [
                1.0,
                29.0,
                6.0
              ],
              "size": [
                1.0,
                1.0,
                4.0
              ],
              "pivot": [
                0.0,
                24.0,
                0.0
              ],
              "rotation": [
                17.5,
                0.0,
                0.0
              ],
              "uv": [
                32,
                23
              ],
              "inflate": 0
            },
            {
              "origin": [
                -2.0,
                25.0,
                3.0
              ],
              "size": [
                1.0,
                1.0,
                4.0
              ],
              "pivot": [
                0.0,
                24.0,
                0.0
              ],
              "rotation": [
                -17.5,
                0.0,
                0.0
              ],
              "uv": [
                0,
                32
              ],
              "inflate": 0
            }
          ],
          "parent": "body"
        },
        {
          "name": "rightLeg",
          "pivot": [
            -1.9,
            12,
            0
          ],
          "cubes": [
            {
              "origin": [
                -3.9,
                0.0,
                -2.0
              ],
              "size": [
                4.0,
                12.0,
                4.0
              ],
              "uv": [
                0,
                45
              ],
              "inflate": 0
            },
            {
              "origin": [
                -3.9,
                0.0,
                -2.0
              ],
              "size": [
                4.0,
                12.0,
                4.0
              ],
              "uv": [
                38,
                44
              ],
              "inflate": 0.25
            }
          ],
          "parent": "waist"
        },
        {
          "name": "leftLeg",
          "pivot": [
            1.9,
            12,
            0
          ],
          "cubes": [
            {
              "origin": [
                -0.1,
                0.0,
                -2.0
              ],
              "size": [
                4.0,
                12.0,
                4.0
              ],
              "uv": [
                22,
                44
              ],
              "inflate": 0
            },
            {
              "origin": [
                -0.1,
                0.0,
                -2.0
              ],
              "size": [
                4.0,
                12.0,
                4.0
              ],
              "uv": [
                39,
                0
              ],
              "inflate": 0.25
            }
          ],
          "parent": "waist"
        }
      ]
    }
  ]
}