{
  "format_version": "1.12.0",
  "minecraft:geometry": [
    {
      "description": {
        "identifier": "geometry.entity_flamethrower",
        "texture_width": 128,
        "texture_height": 128,
        "visible_bounds_width": 3,
        "visible_bounds_height": 3.5,
        "visible_bounds_offset": [
          0,
          1.25,
          0
        ]
      },
      "bones": [
        {
          "name": "root"
        },
        {
          "name": "waist",
          "pivot": [
            0,
            12,
            0
          ],
          "parent": "root"
        },
        {
          "name": "body",
          "pivot": [
            0,
            12,
            0
          ],
          "cubes": [
            {
              "origin": [
                -4.0,
                12.0,
                -2.0
              ],
              "size": [
                8.0,
                12.0,
                4.0
              ],
              "uv": [
                0,
                16
              ],
              "inflate": 0.25
            },
            {
              "origin": [
                -4.0,
                12.0,
                -2.0
              ],
              "size": [
                8.0,
                12.0,
                4.0
              ],
              "uv": [
                0,
                0
              ],
              "inflate": 0
            }
          ],
          "parent": "waist"
        },
        {
          "name": "rightArm",
          "pivot": [
            -5,
            22,
            0
          ],
          "cubes": [
            {
              "origin": [
                -8.0,
                12.0,
                -2.0
              ],
              "size": [
                4.0,
                12.0,
                4.0
              ],
              "uv": [
                48,
                48
              ],
              "inflate": 0
            },
            {
              "origin": [
                -8.0,
                12.0,
                -2.0
              ],
              "size": [
                4.0,
                12.0,
                4.0
              ],
              "uv": [
                48,
                0
              ],
              "inflate": 0.25
            },
            {
              "origin": [
                -7.0,
                8.0,
                -2.0
              ],
              "size": [
                3.0,
                4.0,
                3.0
              ],
              "uv": [
                60,
                16
              ],
              "inflate": 0
            },
            {
              "origin": [
                -7.0,
                1.0,
                -2.0
              ],
              "size": [
                2.0,
                7.0,
                2.0
              ],
              "uv": [
                16,
                32
              ],
              "inflate": 0
            }
          ],
          "parent": "body"
        },
        {
          "name": "rightItem",
          "pivot": [
            -6,
            15,
            1
          ],
          "parent": "rightArm"
        },
        {
          "name": "leftArm",
          "pivot": [
            5,
            22,
            0
          ],
          "cubes": [
            {
              "origin": [
                4.0,
                12.0,
                -2.0
              ],
              "size": [
                4.0,
                12.0,
                4.0
              ],
              "uv": [
                0,
                48
              ],
              "inflate": 0
            },
            {
              "origin": [
                4.0,
                12.0,
                -2.0
              ],
              "size": [
                4.0,
                12.0,
                4.0
              ],
              "uv": [
                44,
                20
              ],
              "inflate": 0.25
            },
            {
              "origin": [
                4.0,
                8.0,
                -2.0
              ],
              "size": [
                3.0,
                4.0,
                3.0
              ],
              "uv": [
                60,
                26
              ],
              "inflate": 0
            },
            {
              "origin": [
                5.0,
                1.0,
                -2.0
              ],
              "size": [
                2.0,
                7.0,
                2.0
              ],
              "uv": [
                42,
                62
              ],
              "inflate": 0
            }
          ],
          "parent": "body"
        },
        {
          "name": "leftItem",
          "pivot": [
            6,
            15,
            1
          ],
          "parent": "leftArm"
        },
        {
          "name": "head",
          "pivot": [
            0,
            24,
            0
          ],
          "cubes": [
            {
              "origin": [
                -4.0,
                23.6,
                0.0
              ],
              "size": [
                8.0,
                8.0,
                4.0
              ],
              "uv": [
                24,
                12
              ],
              "inflate": 0
            },
            {
              "origin": [
                -4.0,
                23.6,
                0.0
              ],
              "size": [
                8.0,
                8.0,
                4.0
              ],
              "uv": [
                24,
                0
              ],
              "inflate": 0.5
            },
            {
              "origin": [
                -4.0,
                24.0,
                -3.0
              ],
              "size": [
                3.0,
                9.0,
                3.0
              ],
              "uv": [
                16,
                56
              ],
              "inflate": 0
            },
            {
              "origin": [
                -1.0,
                24.0,
                -5.0
              ],
              "size": [
                2.0,
                9.0,
                2.0
              ],
              "uv": [
                32,
                52
              ],
              "inflate": 0
            },
            {
              "origin": [
                1.0,
                24.0,
                -3.0
              ],
              "size": [
                3.0,
                9.0,
                3.0
              ],
              "uv": [
                52,
                36
              ],
              "inflate": 0
            },
            {
              "origin": [
                -1.0,
                32.0,
                1.0
              ],
              "size": [
                2.0,
                1.0,
                2.0
              ],
              "uv": [
                0,
                0
              ],
              "inflate": 0
            },
            {
              "origin": [
                -4.0,
                32.0,
                1.0
              ],
              "size": [
                6.0,
                1.0,
                1.0
              ],
              "pivot": [
                0.0,
                24.0,
                0.0
              ],
              "rotation": [
                0.0,
                -52.5,
                0.0
              ],
              "uv": [
                0,
                0
              ],
              "inflate": 0
            }
          ],
          "parent": "body"
        },
        {
          "name": "rightLeg",
          "pivot": [
            -1.9,
            12,
            0
          ],
          "cubes": [
            {
              "origin": [
                -3.9,
                0.0,
                -2.0
              ],
              "size": [
                4.0,
                12.0,
                4.0
              ],
              "uv": [
                16,
                40
              ],
              "inflate": 0
            },
            {
              "origin": [
                -3.9,
                0.0,
                -2.0
              ],
              "size": [
                4.0,
                12.0,
                4.0
              ],
              "uv": [
                36,
                36
              ],
              "inflate": 0.25
            }
          ],
          "parent": "waist"
        },
        {
          "name": "leftLeg",
          "pivot": [
            1.9,
            12,
            0
          ],
          "cubes": [
            {
              "origin": [
                -0.1,
                0.0,
                -2.0
              ],
              "size": [
                4.0,
                12.0,
                4.0
              ],
              "uv": [
                0,
                32
              ],
              "inflate": 0
            },
            {
              "origin": [
                -0.1,
                0.0,
                -2.0
              ],
              "size": [
                4.0,
                12.0,
                4.0
              ],
              "uv": [
                24,
                24
              ],
              "inflate": 0.25
            }
          ],
          "parent": "waist"
        }
      ]
    }
  ]
}