{
  "format_version": "1.12.0",
  "minecraft:geometry": [
    {
      "description": {
        "identifier": "geometry.entity_muscle_devil",
        "texture_width": 32,
        "texture_height": 32,
        "visible_bounds_width": 3,
        "visible_bounds_height": 1.5,
        "visible_bounds_offset": [
          0,
          0.25,
          0
        ]
      },
      "bones": [
        {
          "name": "bb_main",
          "cubes": [
            {
              "origin": [
                -2.0,
                0.0,
                -7.0
              ],
              "size": [
                5.0,
                5.0,
                7.0
              ],
              "uv": [
                3,
                18
              ],
              "inflate": 0
            },
            {
              "origin": [
                -2.0,
                0.0,
                -1.0
              ],
              "size": [
                5.0,
                5.0,
                10.0
              ],
              "pivot": [
                0.0,
                0.0,
                0.0
              ],
              "rotation": [
                0.0,
                37.5,
                0.0
              ],
              "uv": [
                0,
                0
              ],
              "inflate": 0
            }
          ]
        }
      ]
    }
  ]
}