{
  "format_version": "1.12.0",
  "minecraft:geometry": [
    {
      "description": {
        "identifier": "geometry.entity_knife",
        "texture_width": 128,
        "texture_height": 128,
        "visible_bounds_width": 3,
        "visible_bounds_height": 3.5,
        "visible_bounds_offset": [
          0,
          1.25,
          0
        ]
      },
      "bones": [
        {
          "name": "root"
        },
        {
          "name": "waist",
          "pivot": [
            0,
            12,
            0
          ],
          "parent": "root"
        },
        {
          "name": "body",
          "pivot": [
            0,
            12,
            0
          ],
          "cubes": [
            {
              "origin": [
                -4.0,
                12.0,
                -2.0
              ],
              "size": [
                8.0,
                12.0,
                4.0
              ],
              "uv": [
                0,
                33
              ],
              "inflate": 0.25
            },
            {
              "origin": [
                -4.0,
                12.0,
                -2.0
              ],
              "size": [
                8.0,
                12.0,
                4.0
              ],
              "uv": [
                32,
                0
              ],
              "inflate": 0
            }
          ],
          "parent": "waist"
        },
        {
          "name": "rightArm",
          "pivot": [
            -5,
            22,
            0
          ],
          "cubes": [
            {
              "origin": [
                -8.0,
                12.0,
                -2.0
              ],
              "size": [
                4.0,
                12.0,
                4.0
              ],
              "uv": [
                48,
                61
              ],
              "inflate": 0
            },
            {
              "origin": [
                -8.0,
                12.0,
                -2.0
              ],
              "size": [
                4.0,
                12.0,
                4.0
              ],
              "uv": [
                60,
                16
              ],
              "inflate": 0.25
            },
            {
              "origin": [
                -7.0,
                1.0,
                -1.0
              ],
              "size": [
                1.0,
                11.0,
                2.0
              ],
              "uv": [
                61,
                32
              ],
              "inflate": 0
            }
          ],
          "parent": "body"
        },
        {
          "name": "rightItem",
          "pivot": [
            -6,
            15,
            1
          ],
          "parent": "rightArm"
        },
        {
          "name": "leftArm",
          "pivot": [
            5,
            22,
            0
          ],
          "cubes": [
            {
              "origin": [
                4.0,
                12.0,
                -2.0
              ],
              "size": [
                4.0,
                12.0,
                4.0
              ],
              "uv": [
                56,
                0
              ],
              "inflate": 0
            },
            {
              "origin": [
                4.0,
                12.0,
                -2.0
              ],
              "size": [
                4.0,
                12.0,
                4.0
              ],
              "uv": [
                52,
                45
              ],
              "inflate": 0.25
            },
            {
              "origin": [
                6.0,
                1.0,
                -1.0
              ],
              "size": [
                1.0,
                11.0,
                2.0
              ],
              "uv": [
                16,
                60
              ],
              "inflate": 0
            }
          ],
          "parent": "body"
        },
        {
          "name": "leftItem",
          "pivot": [
            6,
            15,
            1
          ],
          "parent": "leftArm"
        },
        {
          "name": "head",
          "pivot": [
            0,
            24,
            0
          ],
          "cubes": [
            {
              "origin": [
                -4.0,
                23.6,
                -4.0
              ],
              "size": [
                8.0,
                8.0,
                8.0
              ],
              "uv": [
                0,
                16
              ],
              "inflate": 0
            },
            {
              "origin": [
                -4.0,
                23.6,
                -4.0
              ],
              "size": [
                8.0,
                8.0,
                8.0
              ],
              "uv": [
                0,
                0
              ],
              "inflate": 0.5
            },
            {
              "origin": [
                0.0,
                29.0,
                -17.0
              ],
              "size": [
                2.0,
                1.0,
                13.0
              ],
              "uv": [
                19,
                19
              ],
              "inflate": 0
            },
            {
              "origin": [
                -1.0,
                29.0,
                -16.0
              ],
              "size": [
                1.0,
                1.0,
                12.0
              ],
              "uv": [
                24,
                33
              ],
              "inflate": 0
            },
            {
              "origin": [
                -2.0,
                29.0,
                -15.0
              ],
              "size": [
                1.0,
                1.0,
                11.0
              ],
              "uv": [
                36,
                16
              ],
              "inflate": 0
            }
          ],
          "parent": "body"
        },
        {
          "name": "rightLeg",
          "pivot": [
            -1.9,
            12,
            0
          ],
          "cubes": [
            {
              "origin": [
                -3.9,
                0.0,
                -2.0
              ],
              "size": [
                4.0,
                12.0,
                4.0
              ],
              "uv": [
                0,
                49
              ],
              "inflate": 0
            },
            {
              "origin": [
                -3.9,
                0.0,
                -2.0
              ],
              "size": [
                4.0,
                12.0,
                4.0
              ],
              "uv": [
                36,
                46
              ],
              "inflate": 0.25
            }
          ],
          "parent": "waist"
        },
        {
          "name": "leftLeg",
          "pivot": [
            1.9,
            12,
            0
          ],
          "cubes": [
            {
              "origin": [
                -0.1,
                0.0,
                -2.0
              ],
              "size": [
                4.0,
                12.0,
                4.0
              ],
              "uv": [
                20,
                46
              ],
              "inflate": 0
            },
            {
              "origin": [
                -0.1,
                0.0,
                -2.0
              ],
              "size": [
                4.0,
                12.0,
                4.0
              ],
              "uv": [
                45,
                29
              ],
              "inflate": 0.25
            }
          ],
          "parent": "waist"
        }
      ]
    }
  ]
}