{
  "format_version": "1.12.0",
  "minecraft:geometry": [
    {
      "description": {
        "identifier": "geometry.entity_leech_devil",
        "texture_width": 128,
        "texture_height": 128,
        "visible_bounds_width": 4,
        "visible_bounds_height": 4.5,
        "visible_bounds_offset": [
          0,
          1.75,
          0
        ]
      },
      "bones": [
        {
          "name": "root"
        },
        {
          "name": "waist",
          "pivot": [
            0,
            12,
            0
          ],
          "parent": "root"
        },
        {
          "name": "body",
          "pivot": [
            0,
            12,
            0
          ],
          "cubes": [
            {
              "origin": [
                -4.0,
                -3.0,
                7.0
              ],
              "size": [
                8.0,
                17.0,
                4.0
              ],
              "pivot": [
                0.0,
                0.0,
                0.0
              ],
              "rotation": [
                45.0,
                0.0,
                0.0
              ],
              "uv": [
                28,
                28
              ],
              "inflate": 0.25
            },
            {
              "origin": [
                -4.0,
                -2.0,
                7.0
              ],
              "size": [
                8.0,
                12.0,
                4.0
              ],
              "pivot": [
                0.0,
                0.0,
                0.0
              ],
              "rotation": [
                42.5,
                0.0,
                0.0
              ],
              "uv": [
                0,
                32
              ],
              "inflate": 0
            },
            {
              "origin": [
                -4.0,
                -0.4,
                8.0
              ],
              "size": [
                8.0,
                8.0,
                8.0
              ],
              "uv": [
                0,
                16
              ],
              "inflate": 0
            },
            {
              "origin": [
                -4.0,
                -0.4,
                8.0
              ],
              "size": [
                8.0,
                8.0,
                8.0
              ],
              "uv": [
                0,
                0
              ],
              "inflate": 0.5
            }
          ],
          "parent": "waist",
          "rotation": [
            170,
            0,
            0
          ]
        },
        {
          "name": "1",
          "pivot": [
            -8,
            13,
            -1
          ],
          "cubes": [
            {
              "origin": [
                -9.0,
                3.0,
                -1.0
              ],
              "size": [
                2.0,
                16.0,
                2.0
              ],
              "uv": [
                64,
                10
              ],
              "inflate": 0
            },
            {
              "origin": [
                -9.0,
                3.0,
                -1.0
              ],
              "size": [
                2.0,
                19.0,
                2.0
              ],
              "uv": [
                48,
                61
              ],
              "inflate": 0.25
            }
          ],
          "parent": "body",
          "rotation": [
            35.57639,
            9.30727,
            -23.30696
          ]
        },
        {
          "name": "rightItem",
          "pivot": [
            -9,
            6,
            0
          ],
          "parent": "1"
        },
        {
          "name": "4",
          "pivot": [
            8,
            12,
            1
          ],
          "cubes": [
            {
              "origin": [
                8.0,
                2.0,
                0.0
              ],
              "size": [
                2.0,
                22.0,
                2.0
              ],
              "uv": [
                32,
                0
              ],
              "inflate": 0
            },
            {
              "origin": [
                8.0,
                2.0,
                0.0
              ],
              "size": [
                2.0,
                22.0,
                2.0
              ],
              "uv": [
                40,
                0
              ],
              "inflate": 0.25
            }
          ],
          "parent": "body",
          "rotation": [
            41.2478,
            -26.47447,
            20.18035
          ]
        },
        {
          "name": "leftItem",
          "pivot": [
            9,
            5,
            2
          ],
          "parent": "4"
        },
        {
          "name": "5",
          "pivot": [
            -5.9,
            12,
            -4
          ],
          "cubes": [
            {
              "origin": [
                -7.9,
                0.0,
                -6.0
              ],
              "size": [
                4.0,
                12.0,
                4.0
              ],
              "uv": [
                32,
                49
              ],
              "inflate": 0
            },
            {
              "origin": [
                -7.9,
                0.0,
                -6.0
              ],
              "size": [
                4.0,
                12.0,
                4.0
              ],
              "uv": [
                48,
                45
              ],
              "inflate": 0.25
            },
            {
              "origin": [
                -5.9,
                -6.0,
                -15.0
              ],
              "size": [
                4.0,
                6.0,
                4.0
              ],
              "pivot": [
                -4.0,
                0.0,
                -4.0
              ],
              "rotation": [
                -123.62702,
                15.46973,
                -8.28342
              ],
              "uv": [
                64,
                0
              ],
              "inflate": 0.25
            },
            {
              "origin": [
                -7.9,
                0.0,
                4.0
              ],
              "size": [
                4.0,
                12.0,
                4.0
              ],
              "uv": [
                0,
                48
              ],
              "inflate": 0.25
            },
            {
              "origin": [
                -3.9,
                -16.0,
                -6.0
              ],
              "size": [
                4.0,
                7.0,
                4.0
              ],
              "pivot": [
                -4.0,
                0.0,
                -4.0
              ],
              "rotation": [
                135.68718,
                -8.80348,
                -8.90928
              ],
              "uv": [
                60,
                57
              ],
              "inflate": 0.25
            },
            {
              "origin": [
                -13.1,
                0.0,
                -6.0
              ],
              "size": [
                5.0,
                2.0,
                4.0
              ],
              "uv": [
                60,
                43
              ],
              "inflate": 0.25
            },
            {
              "origin": [
                -8.1,
                0.0,
                8.0
              ],
              "size": [
                4.0,
                2.0,
                4.0
              ],
              "uv": [
                64,
                28
              ],
              "inflate": 0.25
            }
          ],
          "parent": "waist"
        },
        {
          "name": "7",
          "pivot": [
            5.9,
            12,
            -4
          ],
          "cubes": [
            {
              "origin": [
                3.9,
                0.0,
                -6.0
              ],
              "size": [
                4.0,
                12.0,
                4.0
              ],
              "uv": [
                48,
                16
              ],
              "inflate": 0
            },
            {
              "origin": [
                3.9,
                0.0,
                -6.0
              ],
              "size": [
                4.0,
                12.0,
                4.0
              ],
              "uv": [
                48,
                48
              ],
              "inflate": 0.25
            },
            {
              "origin": [
                0.9,
                -9.0,
                -13.0
              ],
              "size": [
                4.0,
                7.0,
                4.0
              ],
              "pivot": [
                4.0,
                0.0,
                -4.0
              ],
              "rotation": [
                -139.74943,
                -14.98328,
                16.98216
              ],
              "uv": [
                48,
                64
              ],
              "inflate": 0.25
            },
            {
              "origin": [
                3.9,
                0.0,
                4.0
              ],
              "size": [
                4.0,
                12.0,
                4.0
              ],
              "uv": [
                48,
                0
              ],
              "inflate": 0.25
            },
            {
              "origin": [
                -3.1,
                -14.0,
                -6.0
              ],
              "size": [
                4.0,
                7.0,
                4.0
              ],
              "pivot": [
                4.0,
                0.0,
                -4.0
              ],
              "rotation": [
                143.34004,
                17.26588,
                21.741
              ],
              "uv": [
                48,
                32
              ],
              "inflate": 0.25
            },
            {
              "origin": [
                7.9,
                0.0,
                -6.0
              ],
              "size": [
                5.0,
                2.0,
                4.0
              ],
              "uv": [
                48,
                64
              ],
              "inflate": 0.25
            },
            {
              "origin": [
                3.9,
                0.0,
                8.0
              ],
              "size": [
                4.0,
                2.0,
                4.0
              ],
              "uv": [
                48,
                49
              ],
              "inflate": 0.25
            }
          ],
          "parent": "waist"
        }
      ]
    }
  ]
}