{
  "format_version": "1.12.0",
  "minecraft:geometry": [
    {
      "description": {
        "identifier": "geometry.entity_spear",
        "texture_width": 128,
        "texture_height": 128,
        "visible_bounds_width": 3,
        "visible_bounds_height": 3.5,
        "visible_bounds_offset": [
          0,
          1.25,
          0
        ]
      },
      "bones": [
        {
          "name": "root"
        },
        {
          "name": "waist",
          "pivot": [
            0,
            12,
            0
          ],
          "parent": "root"
        },
        {
          "name": "body",
          "pivot": [
            0,
            12,
            0
          ],
          "cubes": [
            {
              "origin": [
                -4.0,
                12.0,
                -2.0
              ],
              "size": [
                8.0,
                12.0,
                4.0
              ],
              "uv": [
                0,
                43
              ],
              "inflate": 0.25
            },
            {
              "origin": [
                -4.0,
                12.0,
                -2.0
              ],
              "size": [
                8.0,
                12.0,
                4.0
              ],
              "uv": [
                40,
                0
              ],
              "inflate": 0
            }
          ],
          "parent": "waist"
        },
        {
          "name": "rightArm",
          "pivot": [
            -5,
            22,
            0
          ],
          "cubes": [
            {
              "origin": [
                -8.0,
                12.0,
                -2.0
              ],
              "size": [
                4.0,
                12.0,
                4.0
              ],
              "uv": [
                32,
                59
              ],
              "inflate": 0
            },
            {
              "origin": [
                -8.0,
                12.0,
                -2.0
              ],
              "size": [
                4.0,
                12.0,
                4.0
              ],
              "uv": [
                16,
                59
              ],
              "inflate": 0.25
            },
            {
              "origin": [
                -14.0,
                12.0,
                5.0
              ],
              "size": [
                26.0,
                2.0,
                2.0
              ],
              "pivot": [
                0.0,
                0.0,
                0.0
              ],
              "rotation": [
                0.0,
                -90.0,
                0.0
              ],
              "uv": [
                0,
                23
              ],
              "inflate": 0
            },
            {
              "origin": [
                0.0,
                12.0,
                -12.0
              ],
              "size": [
                2.0,
                2.0,
                3.0
              ],
              "pivot": [
                -5.0,
                22.0,
                0.0
              ],
              "rotation": [
                0.0,
                32.5,
                0.0
              ],
              "uv": [
                0,
                0
              ],
              "inflate": 0
            },
            {
              "origin": [
                -15.0,
                12.0,
                -10.0
              ],
              "size": [
                2.0,
                2.0,
                3.0
              ],
              "pivot": [
                -5.0,
                22.0,
                0.0
              ],
              "rotation": [
                0.0,
                -37.5,
                0.0
              ],
              "uv": [
                0,
                6.5
              ],
              "inflate": 0
            }
          ],
          "parent": "body",
          "rotation": [
            -40,
            0,
            0
          ]
        },
        {
          "name": "rightItem",
          "pivot": [
            -6,
            15,
            1
          ],
          "parent": "rightArm"
        },
        {
          "name": "leftArm",
          "pivot": [
            5,
            22,
            0
          ],
          "cubes": [
            {
              "origin": [
                4.0,
                12.0,
                -2.0
              ],
              "size": [
                4.0,
                12.0,
                4.0
              ],
              "uv": [
                0,
                59
              ],
              "inflate": 0
            },
            {
              "origin": [
                4.0,
                12.0,
                -2.0
              ],
              "size": [
                4.0,
                12.0,
                4.0
              ],
              "uv": [
                56,
                19
              ],
              "inflate": 0.25
            }
          ],
          "parent": "body",
          "rotation": [
            -27.5,
            0,
            0
          ]
        },
        {
          "name": "leftItem",
          "pivot": [
            6,
            15,
            1
          ],
          "parent": "leftArm"
        },
        {
          "name": "head",
          "pivot": [
            0,
            24,
            0
          ],
          "cubes": [
            {
              "origin": [
                -4.0,
                23.6,
                -4.0
              ],
              "size": [
                8.0,
                8.0,
                8.0
              ],
              "uv": [
                32,
                27
              ],
              "inflate": 0
            },
            {
              "origin": [
                -4.0,
                23.6,
                -4.0
              ],
              "size": [
                8.0,
                8.0,
                8.0
              ],
              "uv": [
                0,
                27
              ],
              "inflate": 0.5
            },
            {
              "origin": [
                -5.0,
                28.0,
                -13.0
              ],
              "size": [
                10.0,
                3.0,
                20.0
              ],
              "uv": [
                0,
                0
              ],
              "inflate": 0
            }
          ],
          "parent": "body"
        },
        {
          "name": "rightLeg",
          "pivot": [
            -1.9,
            12,
            0
          ],
          "cubes": [
            {
              "origin": [
                -3.9,
                0.0,
                -2.0
              ],
              "size": [
                4.0,
                12.0,
                4.0
              ],
              "uv": [
                52,
                55
              ],
              "inflate": 0
            },
            {
              "origin": [
                -3.9,
                0.0,
                -2.0
              ],
              "size": [
                4.0,
                12.0,
                4.0
              ],
              "uv": [
                40,
                43
              ],
              "inflate": 0.25
            }
          ],
          "parent": "waist"
        },
        {
          "name": "leftLeg",
          "pivot": [
            1.9,
            12,
            0
          ],
          "cubes": [
            {
              "origin": [
                -0.1,
                0.0,
                -2.0
              ],
              "size": [
                4.0,
                12.0,
                4.0
              ],
              "uv": [
                24,
                43
              ],
              "inflate": 0
            },
            {
              "origin": [
                -0.1,
                0.0,
                -2.0
              ],
              "size": [
                4.0,
                12.0,
                4.0
              ],
              "uv": [
                0,
                0
              ],
              "inflate": 0.25
            }
          ],
          "parent": "waist"
        }
      ]
    }
  ]
}