{
  "format_version": "1.10.0",
  "geometry.entity_eternal_devil1": {
    "texturewidth": 64,
    "textureheight": 64,
    "visible_bounds_width": 3,
    "visible_bounds_height": 3,
    "visible_bounds_offset": [
      0,
      1.5,
      0
    ],
    "bones": [
      {
        "name": "bone",
        "pivot": [
          0,
          -1,
          0
        ],
        "cubes": [
          {
            "origin": [
              -4.0,
              1.0,
              -4.0
            ],
            "size": [
              8.0,
              8.0,
              8.0
            ],
            "uv": [
              0,
              0
            ],
            "inflate": 0
          },
          {
            "origin": [
              -6.0,
              0.0,
              -3.0
            ],
            "size": [
              4.0,
              1.0,
              6.0
            ],
            "uv": [
              33,
              0
            ],
            "inflate": 0
          },
          {
            "origin": [
              -12.0,
              0.0,
              -3.0
            ],
            "size": [
              4.0,
              1.0,
              6.0
            ],
            "uv": [
              29,
              11
            ],
            "inflate": 0
          },
          {
            "origin": [
              -11.0,
              1.0,
              -3.0
            ],
            "size": [
              3.0,
              1.0,
              6.0
            ],
            "uv": [
              0,
              42
            ],
            "inflate": 0
          },
          {
            "origin": [
              -8.0,
              1.0,
              -3.0
            ],
            "size": [
              2.0,
              2.0,
              6.0
            ],
            "uv": [
              45,
              40
            ],
            "inflate": 0
          },
          {
            "origin": [
              -6.0,
              1.0,
              -3.0
            ],
            "size": [
              2.0,
              3.0,
              6.0
            ],
            "uv": [
              40,
              20
            ],
            "inflate": 0
          },
          {
            "origin": [
              6.0,
              1.0,
              -3.0
            ],
            "size": [
              2.0,
              2.0,
              6.0
            ],
            "uv": [
              45,
              30
            ],
            "inflate": 0
          },
          {
            "origin": [
              4.0,
              1.0,
              -3.0
            ],
            "size": [
              2.0,
              3.0,
              6.0
            ],
            "uv": [
              34,
              36
            ],
            "inflate": 0
          },
          {
            "origin": [
              7.0,
              1.0,
              -3.0
            ],
            "size": [
              2.0,
              2.0,
              6.0
            ],
            "uv": [
              13,
              45
            ],
            "inflate": 0
          },
          {
            "origin": [
              10.0,
              0.0,
              -3.0
            ],
            "size": [
              4.0,
              1.0,
              6.0
            ],
            "uv": [
              25,
              27
            ],
            "inflate": 0
          },
          {
            "origin": [
              3.0,
              0.0,
              -3.0
            ],
            "size": [
              4.0,
              1.0,
              6.0
            ],
            "uv": [
              0,
              33
            ],
            "inflate": 0
          }
        ]
      },
      {
        "name": "bone4",
        "pivot": [
          0,
          -1,
          0
        ],
        "cubes": [
          {
            "origin": [
              3.0,
              4.0,
              1.0
            ],
            "size": [
              3.0,
              3.0,
              1.0
            ],
            "uv": [
              35,
              20
            ],
            "inflate": 0
          }
        ],
        "parent": "bone",
        "rotation": [
          0,
          25,
          0
        ]
      },
      {
        "name": "bone5",
        "pivot": [
          -4,
          4,
          -2
        ],
        "cubes": [
          {
            "origin": [
              -6.0,
              4.0,
              -2.0
            ],
            "size": [
              3.0,
              3.0,
              1.0
            ],
            "uv": [
              25,
              0
            ],
            "inflate": 0
          }
        ],
        "parent": "bone4",
        "rotation": [
          0,
          -50,
          0
        ]
      },
      {
        "name": "bone2",
        "pivot": [
          0,
          -2,
          0
        ],
        "cubes": [
          {
            "origin": [
              -8.0,
              -2.0,
              -3.0
            ],
            "size": [
              2.0,
              1.0,
              6.0
            ],
            "uv": [
              41,
              49
            ],
            "inflate": 0
          },
          {
            "origin": [
              6.76382,
              3.60521,
              -3.0
            ],
            "size": [
              3.0,
              2.0,
              6.0
            ],
            "uv": [
              15,
              36
            ],
            "inflate": 0
          },
          {
            "origin": [
              1.0,
              4.7,
              -3.0
            ],
            "size": [
              11.0,
              1.0,
              6.0
            ],
            "uv": [
              0,
              17
            ],
            "inflate": 0
          }
        ],
        "parent": "bone",
        "rotation": [
          0,
          0,
          20
        ]
      },
      {
        "name": "bone3",
        "pivot": [
          -1,
          3,
          0
        ],
        "cubes": [
          {
            "origin": [
              -9.2,
              2.9,
              -3.0
            ],
            "size": [
              2.0,
              1.0,
              6.0
            ],
            "uv": [
              30,
              46
            ],
            "inflate": 0
          },
          {
            "origin": [
              -11.9,
              4.5,
              -3.0
            ],
            "size": [
              9.0,
              1.0,
              6.0
            ],
            "uv": [
              0,
              25
            ],
            "inflate": 0
          },
          {
            "origin": [
              5.56382,
              -2.30521,
              -3.0
            ],
            "size": [
              2.0,
              1.0,
              6.0
            ],
            "uv": [
              44,
              9
            ],
            "inflate": 0
          }
        ],
        "parent": "bone",
        "rotation": [
          0,
          0,
          -20
        ]
      }
    ]
  }
}