{
  "format_version": "1.12.0",
  "minecraft:geometry": [
    {
      "description": {
        "identifier": "geometry.entity_cucumber_devil",
        "texture_width": 128,
        "texture_height": 128,
        "visible_bounds_width": 3,
        "visible_bounds_height": 3.5,
        "visible_bounds_offset": [
          0,
          1.25,
          0
        ]
      },
      "bones": [
        {
          "name": "bb_main",
          "cubes": [
            {
              "origin": [
                -7.0,
                0.0,
                -7.0
              ],
              "size": [
                14.0,
                5.0,
                14.0
              ],
              "uv": [
                0,
                0
              ],
              "inflate": 0
            },
            {
              "origin": [
                -6.0,
                5.0,
                -6.0
              ],
              "size": [
                12.0,
                9.0,
                12.0
              ],
              "uv": [
                0,
                19
              ],
              "inflate": 0
            },
            {
              "origin": [
                -5.0,
                14.0,
                -5.0
              ],
              "size": [
                10.0,
                13.0,
                10.0
              ],
              "uv": [
                38,
                30
              ],
              "inflate": 0
            },
            {
              "origin": [
                -4.0,
                27.0,
                -4.0
              ],
              "size": [
                8.0,
                3.0,
                8.0
              ],
              "uv": [
                36,
                19
              ],
              "inflate": 0
            },
            {
              "origin": [
                1.0,
                17.0,
                -7.0
              ],
              "size": [
                6.0,
                6.0,
                6.0
              ],
              "pivot": [
                0.0,
                0.0,
                0.0
              ],
              "rotation": [
                -0.17583,
                1.61888,
                -12.39638
              ],
              "uv": [
                0,
                40
              ],
              "inflate": 0
            },
            {
              "origin": [
                -5.0,
                11.0,
                -5.0
              ],
              "size": [
                1.0,
                1.0,
                4.0
              ],
              "pivot": [
                0.0,
                0.0,
                0.0
              ],
              "rotation": [
                20.0,
                0.0,
                0.0
              ],
              "uv": [
                0,
                24
              ],
              "inflate": 0
            },
            {
              "origin": [
                -9.0,
                11.0,
                -6.0
              ],
              "size": [
                1.0,
                1.0,
                4.0
              ],
              "pivot": [
                0.0,
                0.0,
                0.0
              ],
              "rotation": [
                43.56431,
                60.24584,
                39.54682
              ],
              "uv": [
                0,
                5
              ],
              "inflate": 0
            },
            {
              "origin": [
                -9.0,
                20.0,
                -7.0
              ],
              "size": [
                1.0,
                1.0,
                4.0
              ],
              "pivot": [
                0.0,
                0.0,
                0.0
              ],
              "rotation": [
                96.83392,
                69.85071,
                97.27481
              ],
              "uv": [
                0,
                0
              ],
              "inflate": 0
            },
            {
              "origin": [
                4.0,
                23.0,
                0.0
              ],
              "size": [
                1.0,
                1.0,
                4.0
              ],
              "pivot": [
                0.0,
                0.0,
                0.0
              ],
              "rotation": [
                20.0,
                0.0,
                0.0
              ],
              "uv": [
                0,
                19
              ],
              "inflate": 0
            }
          ]
        }
      ]
    }
  ]
}