{
  "format_version": "1.12.0",
  "minecraft:geometry": [
    {
      "description": {
        "identifier": "geometry.item_zhifu",
        "texture_width": 32,
        "texture_height": 32,
        "visible_bounds_width": 7,
        "visible_bounds_height": 3,
        "visible_bounds_offset": [
          0,
          1.5,
          0
        ]
      },
      "bones": [
        {
          "name": "body",
          "pivot": [
            0,
            24,
            0
          ]
        },
        {
          "name": "jacket",
          "pivot": [
            0,
            24,
            0
          ],
          "parent": "body"
        },
        {
          "name": "waist",
          "pivot": [
            0,
            12,
            0
          ],
          "parent": "body"
        },
        {
          "name": "head",
          "pivot": [
            0,
            24,
            0
          ]
        },
        {
          "name": "hat",
          "pivot": [
            0,
            24,
            0
          ],
          "parent": "head"
        },
        {
          "name": "leftArm",
          "pivot": [
            5,
            22,
            0
          ]
        },
        {
          "name": "leftSleeve",
          "pivot": [
            5,
            22,
            0
          ],
          "parent": "leftArm"
        },
        {
          "name": "leftItem",
          "pivot": [
            6,
            15,
            1
          ],
          "parent": "leftArm"
        },
        {
          "name": "rightArm",
          "pivot": [
            -5,
            22,
            0
          ]
        },
        {
          "name": "bone",
          "pivot": [
            -2,
            6,
            1
          ],
          "parent": "rightArm"
        },
        {
          "name": "bone2",
          "pivot": [
            -2.4056,
            6.6624,
            -0.1088
          ],
          "cubes": [
            {
              "origin": [
                -6.65039,
                4.76971,
                -5.23741
              ],
              "size": [
                0.51537,
                4.74223,
                1.03073
              ],
              "pivot": [
                -6.37563,
                12.78021,
                -5.99686
              ],
              "rotation": [
                90.0,
                0.0,
                0.0
              ],
              "uv": {
                "north": {
                  "uv": [
                    22,
                    23
                  ],
                  "uv_size": [
                    0.5,
                    4.5
                  ]
                },
                "east": {
                  "uv": [
                    0,
                    22
                  ],
                  "uv_size": [
                    1,
                    4.5
                  ]
                },
                "south": {
                  "uv": [
                    23,
                    23
                  ],
                  "uv_size": [
                    0.5,
                    4.5
                  ]
                },
                "west": {
                  "uv": [
                    1,
                    22
                  ],
                  "uv_size": [
                    1,
                    4.5
                  ]
                },
                "up": {
                  "uv": [
                    4,
                    25
                  ],
                  "uv_size": [
                    0.5,
                    1
                  ]
                },
                "down": {
                  "uv": [
                    5,
                    26
                  ],
                  "uv_size": [
                    0.5,
                    -1
                  ]
                }
              },
              "inflate": 0
            },
            {
              "origin": [
                -6.60192,
                8.50542,
                -5.18894
              ],
              "size": [
                0.41844,
                0.4323,
                0.93382
              ],
              "pivot": [
                -6.37563,
                12.78021,
                -5.99686
              ],
              "rotation": [
                90.0,
                0.0,
                0.0
              ],
              "uv": {
                "north": {
                  "uv": [
                    21,
                    25
                  ],
                  "uv_size": [
                    0.5,
                    0.5
                  ]
                },
                "east": {
                  "uv": [
                    6,
                    25
                  ],
                  "uv_size": [
                    1,
                    0.5
                  ]
                },
                "south": {
                  "uv": [
                    25,
                    21
                  ],
                  "uv_size": [
                    0.5,
                    0.5
                  ]
                },
                "west": {
                  "uv": [
                    7,
                    25
                  ],
                  "uv_size": [
                    1,
                    0.5
                  ]
                },
                "up": {
                  "uv": [
                    8,
                    25
                  ],
                  "uv_size": [
                    0.5,
                    1
                  ]
                },
                "down": {
                  "uv": [
                    9,
                    26
                  ],
                  "uv_size": [
                    0.5,
                    -1
                  ]
                }
              },
              "inflate": 0.1
            },
            {
              "origin": [
                -6.60192,
                7.45159,
                -5.18894
              ],
              "size": [
                0.41844,
                0.4323,
                0.93382
              ],
              "pivot": [
                -6.37563,
                12.78021,
                -5.99686
              ],
              "rotation": [
                90.0,
                0.0,
                0.0
              ],
              "uv": {
                "north": {
                  "uv": [
                    25,
                    22
                  ],
                  "uv_size": [
                    0.5,
                    0.5
                  ]
                },
                "east": {
                  "uv": [
                    25,
                    9
                  ],
                  "uv_size": [
                    1,
                    0.5
                  ]
                },
                "south": {
                  "uv": [
                    25,
                    23
                  ],
                  "uv_size": [
                    0.5,
                    0.5
                  ]
                },
                "west": {
                  "uv": [
                    25,
                    10
                  ],
                  "uv_size": [
                    1,
                    0.5
                  ]
                },
                "up": {
                  "uv": [
                    25,
                    11
                  ],
                  "uv_size": [
                    0.5,
                    1
                  ]
                },
                "down": {
                  "uv": [
                    12,
                    26
                  ],
                  "uv_size": [
                    0.5,
                    -1
                  ]
                }
              },
              "inflate": 0.1
            },
            {
              "origin": [
                -6.60192,
                6.39776,
                -5.18894
              ],
              "size": [
                0.41844,
                0.4323,
                0.93382
              ],
              "pivot": [
                -6.37563,
                12.78021,
                -5.99686
              ],
              "rotation": [
                90.0,
                0.0,
                0.0
              ],
              "uv": {
                "north": {
                  "uv": [
                    24,
                    25
                  ],
                  "uv_size": [
                    0.5,
                    0.5
                  ]
                },
                "east": {
                  "uv": [
                    25,
                    12
                  ],
                  "uv_size": [
                    1,
                    0.5
                  ]
                },
                "south": {
                  "uv": [
                    25,
                    24
                  ],
                  "uv_size": [
                    0.5,
                    0.5
                  ]
                },
                "west": {
                  "uv": [
                    13,
                    25
                  ],
                  "uv_size": [
                    1,
                    0.5
                  ]
                },
                "up": {
                  "uv": [
                    25,
                    13
                  ],
                  "uv_size": [
                    0.5,
                    1
                  ]
                },
                "down": {
                  "uv": [
                    14,
                    26
                  ],
                  "uv_size": [
                    0.5,
                    -1
                  ]
                }
              },
              "inflate": 0.1
            },
            {
              "origin": [
                -6.60192,
                5.34395,
                -5.18894
              ],
              "size": [
                0.41844,
                0.4323,
                0.93382
              ],
              "pivot": [
                -6.37563,
                12.78021,
                -5.99686
              ],
              "rotation": [
                90.0,
                0.0,
                0.0
              ],
              "uv": {
                "north": {
                  "uv": [
                    25,
                    25
                  ],
                  "uv_size": [
                    0.5,
                    0.5
                  ]
                },
                "east": {
                  "uv": [
                    25,
                    14
                  ],
                  "uv_size": [
                    1,
                    0.5
                  ]
                },
                "south": {
                  "uv": [
                    26,
                    0
                  ],
                  "uv_size": [
                    0.5,
                    0.5
                  ]
                },
                "west": {
                  "uv": [
                    15,
                    25
                  ],
                  "uv_size": [
                    1,
                    0.5
                  ]
                },
                "up": {
                  "uv": [
                    25,
                    15
                  ],
                  "uv_size": [
                    0.5,
                    1
                  ]
                },
                "down": {
                  "uv": [
                    25,
                    17
                  ],
                  "uv_size": [
                    0.5,
                    -1
                  ]
                }
              },
              "inflate": 0.1
            },
            {
              "origin": [
                -6.90808,
                3.71589,
                -5.23741
              ],
              "size": [
                1.03073,
                0.81514,
                1.03073
              ],
              "pivot": [
                -6.37563,
                12.78021,
                -5.99686
              ],
              "rotation": [
                90.0,
                0.0,
                0.0
              ],
              "uv": {
                "north": {
                  "uv": [
                    20,
                    18
                  ],
                  "uv_size": [
                    1,
                    1
                  ]
                },
                "east": {
                  "uv": [
                    12,
                    24
                  ],
                  "uv_size": [
                    1,
                    1
                  ]
                },
                "south": {
                  "uv": [
                    13,
                    24
                  ],
                  "uv_size": [
                    1,
                    1
                  ]
                },
                "west": {
                  "uv": [
                    24,
                    13
                  ],
                  "uv_size": [
                    1,
                    1
                  ]
                },
                "up": {
                  "uv": [
                    14,
                    24
                  ],
                  "uv_size": [
                    1,
                    1
                  ]
                },
                "down": {
                  "uv": [
                    24,
                    15
                  ],
                  "uv_size": [
                    1,
                    -1
                  ]
                }
              },
              "inflate": 0
            },
            {
              "origin": [
                -6.90808,
                4.48149,
                -5.23741
              ],
              "size": [
                1.03073,
                0.81514,
                1.03073
              ],
              "pivot": [
                -6.37563,
                12.78021,
                -5.99686
              ],
              "rotation": [
                90.0,
                0.0,
                0.0
              ],
              "uv": {
                "north": {
                  "uv": [
                    15,
                    24
                  ],
                  "uv_size": [
                    1,
                    1
                  ]
                },
                "east": {
                  "uv": [
                    24,
                    15
                  ],
                  "uv_size": [
                    1,
                    1
                  ]
                },
                "south": {
                  "uv": [
                    24,
                    16
                  ],
                  "uv_size": [
                    1,
                    1
                  ]
                },
                "west": {
                  "uv": [
                    24,
                    17
                  ],
                  "uv_size": [
                    1,
                    1
                  ]
                },
                "up": {
                  "uv": [
                    24,
                    18
                  ],
                  "uv_size": [
                    1,
                    1
                  ]
                },
                "down": {
                  "uv": [
                    24,
                    20
                  ],
                  "uv_size": [
                    1,
                    -1
                  ]
                }
              },
              "inflate": 0
            },
            {
              "origin": [
                -6.90808,
                9.51195,
                -5.23741
              ],
              "size": [
                1.03073,
                1.05382,
                1.03073
              ],
              "pivot": [
                -6.37563,
                12.78021,
                -5.99686
              ],
              "rotation": [
                90.0,
                0.0,
                0.0
              ],
              "uv": {
                "north": {
                  "uv": [
                    24,
                    20
                  ],
                  "uv_size": [
                    1,
                    1
                  ]
                },
                "east": {
                  "uv": [
                    21,
                    24
                  ],
                  "uv_size": [
                    1,
                    1
                  ]
                },
                "south": {
                  "uv": [
                    24,
                    21
                  ],
                  "uv_size": [
                    1,
                    1
                  ]
                },
                "west": {
                  "uv": [
                    24,
                    22
                  ],
                  "uv_size": [
                    1,
                    1
                  ]
                },
                "up": {
                  "uv": [
                    24,
                    23
                  ],
                  "uv_size": [
                    1,
                    1
                  ]
                },
                "down": {
                  "uv": [
                    24,
                    25
                  ],
                  "uv_size": [
                    1,
                    -1
                  ]
                }
              },
              "inflate": 0
            },
            {
              "origin": [
                -6.81115,
                10.13346,
                -5.14048
              ],
              "size": [
                0.83689,
                0.33768,
                0.83689
              ],
              "pivot": [
                -6.37563,
                12.78021,
                -5.99686
              ],
              "rotation": [
                90.0,
                0.0,
                0.0
              ],
              "uv": {
                "north": {
                  "uv": [
                    25,
                    17
                  ],
                  "uv_size": [
                    1,
                    0.5
                  ]
                },
                "east": {
                  "uv": [
                    25,
                    18
                  ],
                  "uv_size": [
                    1,
                    0.5
                  ]
                },
                "south": {
                  "uv": [
                    25,
                    19
                  ],
                  "uv_size": [
                    1,
                    0.5
                  ]
                },
                "west": {
                  "uv": [
                    25,
                    20
                  ],
                  "uv_size": [
                    1,
                    0.5
                  ]
                },
                "up": {
                  "uv": [
                    25,
                    0
                  ],
                  "uv_size": [
                    1,
                    1
                  ]
                },
                "down": {
                  "uv": [
                    25,
                    2
                  ],
                  "uv_size": [
                    1,
                    -1
                  ]
                }
              },
              "inflate": 0.2
            },
            {
              "origin": [
                -7.42344,
                10.61958,
                -8.79935
              ],
              "size": [
                2.06148,
                2.05382,
                7.90438
              ],
              "pivot": [
                -6.37563,
                12.78021,
                -5.99686
              ],
              "rotation": [
                90.0,
                0.0,
                0.0
              ],
              "uv": {
                "north": {
                  "uv": [
                    2,
                    22
                  ],
                  "uv_size": [
                    2,
                    2
                  ]
                },
                "east": {
                  "uv": [
                    16,
                    0
                  ],
                  "uv_size": [
                    8,
                    2
                  ]
                },
                "south": {
                  "uv": [
                    4,
                    22
                  ],
                  "uv_size": [
                    2,
                    2
                  ]
                },
                "west": {
                  "uv": [
                    16,
                    2
                  ],
                  "uv_size": [
                    8,
                    2
                  ]
                },
                "up": {
                  "uv": [
                    16,
                    4
                  ],
                  "uv_size": [
                    2,
                    8
                  ]
                },
                "down": {
                  "uv": [
                    16,
                    20
                  ],
                  "uv_size": [
                    2,
                    -8
                  ]
                }
              },
              "inflate": 0
            },
            {
              "origin": [
                -5.42344,
                9.61958,
                -5.79935
              ],
              "size": [
                1.06148,
                3.05382,
                1.90438
              ],
              "pivot": [
                -6.37563,
                12.78021,
                -5.99686
              ],
              "rotation": [
                42.5,
                0.0,
                0.0
              ],
              "uv": {
                "north": {
                  "uv": [
                    22,
                    14
                  ],
                  "uv_size": [
                    1,
                    3
                  ]
                },
                "east": {
                  "uv": [
                    18,
                    16
                  ],
                  "uv_size": [
                    2,
                    3
                  ]
                },
                "south": {
                  "uv": [
                    22,
                    17
                  ],
                  "uv_size": [
                    1,
                    3
                  ]
                },
                "west": {
                  "uv": [
                    0,
                    19
                  ],
                  "uv_size": [
                    2,
                    3
                  ]
                },
                "up": {
                  "uv": [
                    24,
                    0
                  ],
                  "uv_size": [
                    1,
                    2
                  ]
                },
                "down": {
                  "uv": [
                    2,
                    26
                  ],
                  "uv_size": [
                    1,
                    -2
                  ]
                }
              },
              "inflate": 0
            },
            {
              "origin": [
                -8.42344,
                9.61958,
                -5.79935
              ],
              "size": [
                1.06148,
                3.05382,
                1.90438
              ],
              "pivot": [
                -6.37563,
                12.78021,
                -5.99686
              ],
              "rotation": [
                42.5,
                0.0,
                0.0
              ],
              "uv": {
                "north": {
                  "uv": [
                    23,
                    17
                  ],
                  "uv_size": [
                    1,
                    3
                  ]
                },
                "east": {
                  "uv": [
                    8,
                    21
                  ],
                  "uv_size": [
                    2,
                    3
                  ]
                },
                "south": {
                  "uv": [
                    23,
                    20
                  ],
                  "uv_size": [
                    1,
                    3
                  ]
                },
                "west": {
                  "uv": [
                    10,
                    21
                  ],
                  "uv_size": [
                    2,
                    3
                  ]
                },
                "up": {
                  "uv": [
                    11,
                    24
                  ],
                  "uv_size": [
                    1,
                    2
                  ]
                },
                "down": {
                  "uv": [
                    24,
                    13
                  ],
                  "uv_size": [
                    1,
                    -2
                  ]
                }
              },
              "inflate": 0
            },
            {
              "origin": [
                -5.42344,
                7.61958,
                -4.79935
              ],
              "size": [
                1.06148,
                3.05382,
                1.90438
              ],
              "pivot": [
                -6.37563,
                12.78021,
                -5.99686
              ],
              "rotation": [
                120.0,
                0.0,
                0.0
              ],
              "uv": {
                "north": {
                  "uv": [
                    22,
                    20
                  ],
                  "uv_size": [
                    1,
                    3
                  ]
                },
                "east": {
                  "uv": [
                    2,
                    19
                  ],
                  "uv_size": [
                    2,
                    3
                  ]
                },
                "south": {
                  "uv": [
                    23,
                    14
                  ],
                  "uv_size": [
                    1,
                    3
                  ]
                },
                "west": {
                  "uv": [
                    4,
                    19
                  ],
                  "uv_size": [
                    2,
                    3
                  ]
                },
                "up": {
                  "uv": [
                    24,
                    2
                  ],
                  "uv_size": [
                    1,
                    2
                  ]
                },
                "down": {
                  "uv": [
                    3,
                    26
                  ],
                  "uv_size": [
                    1,
                    -2
                  ]
                }
              },
              "inflate": 0
            },
            {
              "origin": [
                -8.42344,
                7.61958,
                -4.79935
              ],
              "size": [
                1.06148,
                3.05382,
                1.90438
              ],
              "pivot": [
                -6.37563,
                12.78021,
                -5.99686
              ],
              "rotation": [
                120.0,
                0.0,
                0.0
              ],
              "uv": {
                "north": {
                  "uv": [
                    16,
                    23
                  ],
                  "uv_size": [
                    1,
                    3
                  ]
                },
                "east": {
                  "uv": [
                    16,
                    20
                  ],
                  "uv_size": [
                    2,
                    3
                  ]
                },
                "south": {
                  "uv": [
                    17,
                    23
                  ],
                  "uv_size": [
                    1,
                    3
                  ]
                },
                "west": {
                  "uv": [
                    6,
                    21
                  ],
                  "uv_size": [
                    2,
                    3
                  ]
                },
                "up": {
                  "uv": [
                    24,
                    9
                  ],
                  "uv_size": [
                    1,
                    2
                  ]
                },
                "down": {
                  "uv": [
                    10,
                    26
                  ],
                  "uv_size": [
                    1,
                    -2
                  ]
                }
              },
              "inflate": 0
            },
            {
              "origin": [
                -7.42344,
                12.61958,
                -7.79935
              ],
              "size": [
                2.06148,
                19.05382,
                5.90438
              ],
              "pivot": [
                -6.37563,
                12.78021,
                -5.99686
              ],
              "rotation": [
                90.0,
                0.0,
                0.0
              ],
              "uv": {
                "north": {
                  "uv": [
                    12,
                    0
                  ],
                  "uv_size": [
                    2,
                    19
                  ]
                },
                "east": {
                  "uv": [
                    0,
                    0
                  ],
                  "uv_size": [
                    6,
                    19
                  ]
                },
                "south": {
                  "uv": [
                    14,
                    0
                  ],
                  "uv_size": [
                    2,
                    19
                  ]
                },
                "west": {
                  "uv": [
                    6,
                    0
                  ],
                  "uv_size": [
                    6,
                    19
                  ]
                },
                "up": {
                  "uv": [
                    18,
                    4
                  ],
                  "uv_size": [
                    2,
                    6
                  ]
                },
                "down": {
                  "uv": [
                    18,
                    16
                  ],
                  "uv_size": [
                    2,
                    -6
                  ]
                }
              },
              "inflate": 0
            },
            {
              "origin": [
                -7.42344,
                24.61958,
                5.20065
              ],
              "size": [
                2.06148,
                2.05382,
                2.90438
              ],
              "pivot": [
                -6.37563,
                12.78021,
                -5.99686
              ],
              "rotation": [
                130.0,
                0.0,
                0.0
              ],
              "uv": {
                "north": {
                  "uv": [
                    22,
                    6
                  ],
                  "uv_size": [
                    2,
                    2
                  ]
                },
                "east": {
                  "uv": [
                    6,
                    19
                  ],
                  "uv_size": [
                    3,
                    2
                  ]
                },
                "south": {
                  "uv": [
                    22,
                    8
                  ],
                  "uv_size": [
                    2,
                    2
                  ]
                },
                "west": {
                  "uv": [
                    9,
                    19
                  ],
                  "uv_size": [
                    3,
                    2
                  ]
                },
                "up": {
                  "uv": [
                    12,
                    19
                  ],
                  "uv_size": [
                    2,
                    3
                  ]
                },
                "down": {
                  "uv": [
                    14,
                    22
                  ],
                  "uv_size": [
                    2,
                    -3
                  ]
                }
              },
              "inflate": 0
            },
            {
              "origin": [
                -7.42344,
                25.61958,
                4.20065
              ],
              "size": [
                2.06148,
                2.05382,
                2.90438
              ],
              "pivot": [
                -6.37563,
                12.78021,
                -5.99686
              ],
              "rotation": [
                130.0,
                0.0,
                0.0
              ],
              "uv": {
                "north": {
                  "uv": [
                    22,
                    10
                  ],
                  "uv_size": [
                    2,
                    2
                  ]
                },
                "east": {
                  "uv": [
                    18,
                    19
                  ],
                  "uv_size": [
                    3,
                    2
                  ]
                },
                "south": {
                  "uv": [
                    12,
                    22
                  ],
                  "uv_size": [
                    2,
                    2
                  ]
                },
                "west": {
                  "uv": [
                    20,
                    4
                  ],
                  "uv_size": [
                    3,
                    2
                  ]
                },
                "up": {
                  "uv": [
                    20,
                    6
                  ],
                  "uv_size": [
                    2,
                    3
                  ]
                },
                "down": {
                  "uv": [
                    20,
                    12
                  ],
                  "uv_size": [
                    2,
                    -3
                  ]
                }
              },
              "inflate": 0
            },
            {
              "origin": [
                -7.42344,
                24.61958,
                6.20065
              ],
              "size": [
                2.06148,
                1.05382,
                2.90438
              ],
              "pivot": [
                -6.37563,
                12.78021,
                -5.99686
              ],
              "rotation": [
                130.0,
                0.0,
                0.0
              ],
              "uv": {
                "north": {
                  "uv": [
                    4,
                    24
                  ],
                  "uv_size": [
                    2,
                    1
                  ]
                },
                "east": {
                  "uv": [
                    23,
                    4
                  ],
                  "uv_size": [
                    3,
                    1
                  ]
                },
                "south": {
                  "uv": [
                    6,
                    24
                  ],
                  "uv_size": [
                    2,
                    1
                  ]
                },
                "west": {
                  "uv": [
                    23,
                    5
                  ],
                  "uv_size": [
                    3,
                    1
                  ]
                },
                "up": {
                  "uv": [
                    20,
                    12
                  ],
                  "uv_size": [
                    2,
                    3
                  ]
                },
                "down": {
                  "uv": [
                    20,
                    18
                  ],
                  "uv_size": [
                    2,
                    -3
                  ]
                }
              },
              "inflate": 0
            },
            {
              "origin": [
                -7.42344,
                25.61958,
                6.20065
              ],
              "size": [
                2.06148,
                1.05382,
                1.90438
              ],
              "pivot": [
                -6.37563,
                12.78021,
                -5.99686
              ],
              "rotation": [
                137.5,
                0.0,
                0.0
              ],
              "uv": {
                "north": {
                  "uv": [
                    24,
                    6
                  ],
                  "uv_size": [
                    2,
                    1
                  ]
                },
                "east": {
                  "uv": [
                    24,
                    7
                  ],
                  "uv_size": [
                    2,
                    1
                  ]
                },
                "south": {
                  "uv": [
                    8,
                    24
                  ],
                  "uv_size": [
                    2,
                    1
                  ]
                },
                "west": {
                  "uv": [
                    24,
                    8
                  ],
                  "uv_size": [
                    2,
                    1
                  ]
                },
                "up": {
                  "uv": [
                    22,
                    12
                  ],
                  "uv_size": [
                    2,
                    2
                  ]
                },
                "down": {
                  "uv": [
                    14,
                    24
                  ],
                  "uv_size": [
                    2,
                    -2
                  ]
                }
              },
              "inflate": 0
            },
            {
              "origin": [
                -7.00501,
                4.6751,
                -5.33434
              ],
              "size": [
                1.22459,
                5.45837,
                1.22459
              ],
              "pivot": [
                -6.37563,
                12.78021,
                -5.99686
              ],
              "rotation": [
                90.0,
                0.0,
                0.0
              ],
              "uv": {
                "north": {
                  "uv": [
                    18,
                    21
                  ],
                  "uv_size": [
                    1,
                    5.5
                  ]
                },
                "east": {
                  "uv": [
                    21,
                    18
                  ],
                  "uv_size": [
                    1,
                    5.5
                  ]
                },
                "south": {
                  "uv": [
                    19,
                    21
                  ],
                  "uv_size": [
                    1,
                    5.5
                  ]
                },
                "west": {
                  "uv": [
                    20,
                    21
                  ],
                  "uv_size": [
                    1,
                    5.5
                  ]
                },
                "up": {
                  "uv": [
                    25,
                    2
                  ],
                  "uv_size": [
                    1,
                    1
                  ]
                },
                "down": {
                  "uv": [
                    25,
                    4
                  ],
                  "uv_size": [
                    1,
                    -1
                  ]
                }
              },
              "inflate": -0.2
            }
          ],
          "parent": "bone"
        },
        {
          "name": "bone9",
          "pivot": [
            -2.4056,
            7.62706,
            1.31705
          ],
          "parent": "bone2"
        },
        {
          "name": "rightSleeve",
          "pivot": [
            -5,
            22,
            0
          ],
          "parent": "rightArm"
        },
        {
          "name": "rightItem",
          "pivot": [
            -6,
            15,
            1
          ],
          "parent": "rightArm"
        },
        {
          "name": "leftLeg",
          "pivot": [
            1.9,
            12,
            0
          ]
        },
        {
          "name": "leftPants",
          "pivot": [
            1.9,
            12,
            0
          ],
          "parent": "leftLeg"
        },
        {
          "name": "rightLeg",
          "pivot": [
            -1.9,
            12,
            0
          ]
        },
        {
          "name": "rightPants",
          "pivot": [
            -1.9,
            12,
            0
          ],
          "parent": "rightLeg"
        }
      ]
    }
  ]
}