{
  "format_version": "1.12.0",
  "minecraft:geometry": [
    {
      "description": {
        "identifier": "geometry.item_tianzong",
        "texture_width": 64,
        "texture_height": 64,
        "visible_bounds_width": 7,
        "visible_bounds_height": 3,
        "visible_bounds_offset": [
          0,
          1.5,
          0
        ]
      },
      "bones": [
        {
          "name": "body",
          "pivot": [
            0,
            24,
            0
          ]
        },
        {
          "name": "jacket",
          "pivot": [
            0,
            24,
            0
          ],
          "parent": "body"
        },
        {
          "name": "waist",
          "pivot": [
            0,
            12,
            0
          ],
          "parent": "body"
        },
        {
          "name": "head",
          "pivot": [
            0,
            24,
            0
          ]
        },
        {
          "name": "hat",
          "pivot": [
            0,
            24,
            0
          ],
          "parent": "head"
        },
        {
          "name": "leftArm",
          "pivot": [
            5,
            22,
            0
          ]
        },
        {
          "name": "leftSleeve",
          "pivot": [
            5,
            22,
            0
          ],
          "parent": "leftArm"
        },
        {
          "name": "leftItem",
          "pivot": [
            6,
            15,
            1
          ],
          "parent": "leftArm"
        },
        {
          "name": "rightArm",
          "pivot": [
            -5,
            22,
            0
          ]
        },
        {
          "name": "bone",
          "pivot": [
            -2,
            6,
            1
          ],
          "parent": "rightArm"
        },
        {
          "name": "bone10",
          "pivot": [
            -2.4056,
            6.6624,
            -0.1088
          ],
          "cubes": [
            {
              "origin": [
                -7.65346,
                5.74414,
                -6.48416
              ],
              "size": [
                2.52152,
                18.22486,
                3.49326
              ],
              "pivot": [
                -6.37563,
                12.78021,
                -5.99686
              ],
              "rotation": [
                90.0,
                0.0,
                0.0
              ],
              "uv": {
                "north": {
                  "uv": [
                    8,
                    0
                  ],
                  "uv_size": [
                    2.5,
                    18.25
                  ]
                },
                "east": {
                  "uv": [
                    0,
                    0
                  ],
                  "uv_size": [
                    3.5,
                    18.25
                  ]
                },
                "south": {
                  "uv": [
                    11,
                    0
                  ],
                  "uv_size": [
                    2.5,
                    18.25
                  ]
                },
                "west": {
                  "uv": [
                    4,
                    0
                  ],
                  "uv_size": [
                    3.5,
                    18.25
                  ]
                },
                "up": {
                  "uv": [
                    18,
                    4
                  ],
                  "uv_size": [
                    2.5,
                    3.5
                  ]
                },
                "down": {
                  "uv": [
                    18,
                    11.5
                  ],
                  "uv_size": [
                    2.5,
                    -3.5
                  ]
                }
              },
              "inflate": -0.9
            },
            {
              "origin": [
                -7.65346,
                1.74414,
                -2.48416
              ],
              "size": [
                2.52152,
                3.22486,
                2.49326
              ],
              "pivot": [
                -6.37563,
                12.78021,
                -5.99686
              ],
              "rotation": [
                -122.5,
                0.0,
                0.0
              ],
              "uv": {
                "north": {
                  "uv": [
                    18,
                    12
                  ],
                  "uv_size": [
                    2.5,
                    3.25
                  ]
                },
                "east": {
                  "uv": [
                    18,
                    16
                  ],
                  "uv_size": [
                    2.5,
                    3.25
                  ]
                },
                "south": {
                  "uv": [
                    0,
                    19
                  ],
                  "uv_size": [
                    2.5,
                    3.25
                  ]
                },
                "west": {
                  "uv": [
                    3,
                    19
                  ],
                  "uv_size": [
                    2.5,
                    3.25
                  ]
                },
                "up": {
                  "uv": [
                    28,
                    0
                  ],
                  "uv_size": [
                    2.5,
                    2.5
                  ]
                },
                "down": {
                  "uv": [
                    12,
                    30.5
                  ],
                  "uv_size": [
                    2.5,
                    -2.5
                  ]
                }
              },
              "inflate": -0.9
            },
            {
              "origin": [
                -7.65346,
                1.74414,
                -2.48416
              ],
              "size": [
                2.52152,
                3.22486,
                2.49326
              ],
              "pivot": [
                -6.37563,
                12.78021,
                -5.99686
              ],
              "rotation": [
                -125.0,
                0.0,
                0.0
              ],
              "uv": {
                "north": {
                  "uv": [
                    27,
                    4
                  ],
                  "uv_size": [
                    2.5,
                    3.25
                  ]
                },
                "east": {
                  "uv": [
                    6,
                    27
                  ],
                  "uv_size": [
                    2.5,
                    3.25
                  ]
                },
                "south": {
                  "uv": [
                    27,
                    8
                  ],
                  "uv_size": [
                    2.5,
                    3.25
                  ]
                },
                "west": {
                  "uv": [
                    9,
                    27
                  ],
                  "uv_size": [
                    2.5,
                    3.25
                  ]
                },
                "up": {
                  "uv": [
                    30,
                    30
                  ],
                  "uv_size": [
                    2.5,
                    2.5
                  ]
                },
                "down": {
                  "uv": [
                    0,
                    33.5
                  ],
                  "uv_size": [
                    2.5,
                    -2.5
                  ]
                }
              },
              "inflate": -0.9
            },
            {
              "origin": [
                -7.65346,
                0.74414,
                -4.48416
              ],
              "size": [
                2.52152,
                3.22486,
                2.49326
              ],
              "pivot": [
                -6.37563,
                12.78021,
                -5.99686
              ],
              "rotation": [
                -115.0,
                0.0,
                0.0
              ],
              "uv": {
                "north": {
                  "uv": [
                    27,
                    12
                  ],
                  "uv_size": [
                    2.5,
                    3.25
                  ]
                },
                "east": {
                  "uv": [
                    27,
                    16
                  ],
                  "uv_size": [
                    2.5,
                    3.25
                  ]
                },
                "south": {
                  "uv": [
                    27,
                    20
                  ],
                  "uv_size": [
                    2.5,
                    3.25
                  ]
                },
                "west": {
                  "uv": [
                    27,
                    24
                  ],
                  "uv_size": [
                    2.5,
                    3.25
                  ]
                },
                "up": {
                  "uv": [
                    31,
                    0
                  ],
                  "uv_size": [
                    2.5,
                    2.5
                  ]
                },
                "down": {
                  "uv": [
                    3,
                    33.5
                  ],
                  "uv_size": [
                    2.5,
                    -2.5
                  ]
                }
              },
              "inflate": -0.9
            },
            {
              "origin": [
                -7.65346,
                13.74414,
                -3.48416
              ],
              "size": [
                2.52152,
                3.22486,
                2.49326
              ],
              "pivot": [
                -6.37563,
                12.78021,
                -5.99686
              ],
              "rotation": [
                120.0,
                0.0,
                0.0
              ],
              "uv": {
                "north": {
                  "uv": [
                    6,
                    19
                  ],
                  "uv_size": [
                    2.5,
                    3.25
                  ]
                },
                "east": {
                  "uv": [
                    9,
                    19
                  ],
                  "uv_size": [
                    2.5,
                    3.25
                  ]
                },
                "south": {
                  "uv": [
                    12,
                    20
                  ],
                  "uv_size": [
                    2.5,
                    3.25
                  ]
                },
                "west": {
                  "uv": [
                    15,
                    20
                  ],
                  "uv_size": [
                    2.5,
                    3.25
                  ]
                },
                "up": {
                  "uv": [
                    15,
                    28
                  ],
                  "uv_size": [
                    2.5,
                    2.5
                  ]
                },
                "down": {
                  "uv": [
                    18,
                    30.5
                  ],
                  "uv_size": [
                    2.5,
                    -2.5
                  ]
                }
              },
              "inflate": -0.9
            },
            {
              "origin": [
                -7.65346,
                15.74414,
                -2.48416
              ],
              "size": [
                2.52152,
                3.22486,
                2.49326
              ],
              "pivot": [
                -6.37563,
                12.78021,
                -5.99686
              ],
              "rotation": [
                120.0,
                0.0,
                0.0
              ],
              "uv": {
                "north": {
                  "uv": [
                    24,
                    16
                  ],
                  "uv_size": [
                    2.5,
                    3.25
                  ]
                },
                "east": {
                  "uv": [
                    18,
                    24
                  ],
                  "uv_size": [
                    2.5,
                    3.25
                  ]
                },
                "south": {
                  "uv": [
                    24,
                    20
                  ],
                  "uv_size": [
                    2.5,
                    3.25
                  ]
                },
                "west": {
                  "uv": [
                    21,
                    24
                  ],
                  "uv_size": [
                    2.5,
                    3.25
                  ]
                },
                "up": {
                  "uv": [
                    30,
                    18
                  ],
                  "uv_size": [
                    2.5,
                    2.5
                  ]
                },
                "down": {
                  "uv": [
                    30,
                    23.5
                  ],
                  "uv_size": [
                    2.5,
                    -2.5
                  ]
                }
              },
              "inflate": -0.9
            },
            {
              "origin": [
                -7.65346,
                17.74414,
                -1.48416
              ],
              "size": [
                2.52152,
                3.22486,
                2.49326
              ],
              "pivot": [
                -6.37563,
                12.78021,
                -5.99686
              ],
              "rotation": [
                120.0,
                0.0,
                0.0
              ],
              "uv": {
                "north": {
                  "uv": [
                    24,
                    24
                  ],
                  "uv_size": [
                    2.5,
                    3.25
                  ]
                },
                "east": {
                  "uv": [
                    25,
                    0
                  ],
                  "uv_size": [
                    2.5,
                    3.25
                  ]
                },
                "south": {
                  "uv": [
                    0,
                    27
                  ],
                  "uv_size": [
                    2.5,
                    3.25
                  ]
                },
                "west": {
                  "uv": [
                    3,
                    27
                  ],
                  "uv_size": [
                    2.5,
                    3.25
                  ]
                },
                "up": {
                  "uv": [
                    30,
                    24
                  ],
                  "uv_size": [
                    2.5,
                    2.5
                  ]
                },
                "down": {
                  "uv": [
                    30,
                    29.5
                  ],
                  "uv_size": [
                    2.5,
                    -2.5
                  ]
                }
              },
              "inflate": -0.9
            },
            {
              "origin": [
                -7.65346,
                11.74414,
                -4.48416
              ],
              "size": [
                2.52152,
                3.22486,
                2.49326
              ],
              "pivot": [
                -6.37563,
                12.78021,
                -5.99686
              ],
              "rotation": [
                120.0,
                0.0,
                0.0
              ],
              "uv": {
                "north": {
                  "uv": [
                    18,
                    20
                  ],
                  "uv_size": [
                    2.5,
                    3.25
                  ]
                },
                "east": {
                  "uv": [
                    21,
                    4
                  ],
                  "uv_size": [
                    2.5,
                    3.25
                  ]
                },
                "south": {
                  "uv": [
                    21,
                    8
                  ],
                  "uv_size": [
                    2.5,
                    3.25
                  ]
                },
                "west": {
                  "uv": [
                    21,
                    12
                  ],
                  "uv_size": [
                    2.5,
                    3.25
                  ]
                },
                "up": {
                  "uv": [
                    21,
                    28
                  ],
                  "uv_size": [
                    2.5,
                    2.5
                  ]
                },
                "down": {
                  "uv": [
                    24,
                    30.5
                  ],
                  "uv_size": [
                    2.5,
                    -2.5
                  ]
                }
              },
              "inflate": -0.9
            },
            {
              "origin": [
                -7.65346,
                10.74414,
                -5.48416
              ],
              "size": [
                2.52152,
                3.22486,
                2.49326
              ],
              "pivot": [
                -6.37563,
                12.78021,
                -5.99686
              ],
              "rotation": [
                120.0,
                0.0,
                0.0
              ],
              "uv": {
                "north": {
                  "uv": [
                    21,
                    16
                  ],
                  "uv_size": [
                    2.5,
                    3.25
                  ]
                },
                "east": {
                  "uv": [
                    21,
                    20
                  ],
                  "uv_size": [
                    2.5,
                    3.25
                  ]
                },
                "south": {
                  "uv": [
                    22,
                    0
                  ],
                  "uv_size": [
                    2.5,
                    3.25
                  ]
                },
                "west": {
                  "uv": [
                    0,
                    23
                  ],
                  "uv_size": [
                    2.5,
                    3.25
                  ]
                },
                "up": {
                  "uv": [
                    27,
                    28
                  ],
                  "uv_size": [
                    2.5,
                    2.5
                  ]
                },
                "down": {
                  "uv": [
                    30,
                    5.5
                  ],
                  "uv_size": [
                    2.5,
                    -2.5
                  ]
                }
              },
              "inflate": -0.9
            },
            {
              "origin": [
                -7.65346,
                8.74414,
                -6.48416
              ],
              "size": [
                2.52152,
                3.22486,
                2.49326
              ],
              "pivot": [
                -6.37563,
                12.78021,
                -5.99686
              ],
              "rotation": [
                120.0,
                0.0,
                0.0
              ],
              "uv": {
                "north": {
                  "uv": [
                    3,
                    23
                  ],
                  "uv_size": [
                    2.5,
                    3.25
                  ]
                },
                "east": {
                  "uv": [
                    6,
                    23
                  ],
                  "uv_size": [
                    2.5,
                    3.25
                  ]
                },
                "south": {
                  "uv": [
                    9,
                    23
                  ],
                  "uv_size": [
                    2.5,
                    3.25
                  ]
                },
                "west": {
                  "uv": [
                    24,
                    4
                  ],
                  "uv_size": [
                    2.5,
                    3.25
                  ]
                },
                "up": {
                  "uv": [
                    30,
                    6
                  ],
                  "uv_size": [
                    2.5,
                    2.5
                  ]
                },
                "down": {
                  "uv": [
                    30,
                    11.5
                  ],
                  "uv_size": [
                    2.5,
                    -2.5
                  ]
                }
              },
              "inflate": -0.9
            },
            {
              "origin": [
                -7.65346,
                6.74414,
                -7.48416
              ],
              "size": [
                2.52152,
                3.22486,
                2.49326
              ],
              "pivot": [
                -6.37563,
                12.78021,
                -5.99686
              ],
              "rotation": [
                120.0,
                0.0,
                0.0
              ],
              "uv": {
                "north": {
                  "uv": [
                    24,
                    8
                  ],
                  "uv_size": [
                    2.5,
                    3.25
                  ]
                },
                "east": {
                  "uv": [
                    12,
                    24
                  ],
                  "uv_size": [
                    2.5,
                    3.25
                  ]
                },
                "south": {
                  "uv": [
                    24,
                    12
                  ],
                  "uv_size": [
                    2.5,
                    3.25
                  ]
                },
                "west": {
                  "uv": [
                    15,
                    24
                  ],
                  "uv_size": [
                    2.5,
                    3.25
                  ]
                },
                "up": {
                  "uv": [
                    30,
                    12
                  ],
                  "uv_size": [
                    2.5,
                    2.5
                  ]
                },
                "down": {
                  "uv": [
                    30,
                    17.5
                  ],
                  "uv_size": [
                    2.5,
                    -2.5
                  ]
                }
              },
              "inflate": -0.9
            }
          ],
          "parent": "bone"
        },
        {
          "name": "bone2",
          "pivot": [
            -2.4056,
            6.6624,
            -0.1088
          ],
          "cubes": [
            {
              "origin": [
                -6.60192,
                5.34395,
                -5.18894
              ],
              "size": [
                0.41844,
                0.4323,
                0.93382
              ],
              "pivot": [
                -6.37563,
                12.78021,
                -5.99686
              ],
              "rotation": [
                90.0,
                0.0,
                0.0
              ],
              "uv": {
                "north": {
                  "uv": [
                    33,
                    22
                  ],
                  "uv_size": [
                    0.5,
                    0.5
                  ]
                },
                "east": {
                  "uv": [
                    12,
                    19
                  ],
                  "uv_size": [
                    1,
                    0.5
                  ]
                },
                "south": {
                  "uv": [
                    23,
                    33
                  ],
                  "uv_size": [
                    0.5,
                    0.5
                  ]
                },
                "west": {
                  "uv": [
                    13,
                    19
                  ],
                  "uv_size": [
                    1,
                    0.5
                  ]
                },
                "up": {
                  "uv": [
                    28,
                    3
                  ],
                  "uv_size": [
                    0.5,
                    1
                  ]
                },
                "down": {
                  "uv": [
                    29,
                    4
                  ],
                  "uv_size": [
                    0.5,
                    -1
                  ]
                }
              },
              "inflate": 0.1
            },
            {
              "origin": [
                -8.90808,
                3.71589,
                -6.23741
              ],
              "size": [
                4.03073,
                3.81514,
                4.03073
              ],
              "pivot": [
                -6.37563,
                12.78021,
                -5.99686
              ],
              "rotation": [
                90.0,
                0.0,
                0.0
              ],
              "uv": {
                "north": {
                  "uv": [
                    14,
                    8
                  ],
                  "uv_size": [
                    4,
                    3.75
                  ]
                },
                "east": {
                  "uv": [
                    14,
                    12
                  ],
                  "uv_size": [
                    4,
                    3.75
                  ]
                },
                "south": {
                  "uv": [
                    14,
                    16
                  ],
                  "uv_size": [
                    4,
                    3.75
                  ]
                },
                "west": {
                  "uv": [
                    18,
                    0
                  ],
                  "uv_size": [
                    4,
                    3.75
                  ]
                },
                "up": {
                  "uv": [
                    14,
                    0
                  ],
                  "uv_size": [
                    4,
                    4
                  ]
                },
                "down": {
                  "uv": [
                    14,
                    8
                  ],
                  "uv_size": [
                    4,
                    -4
                  ]
                }
              },
              "inflate": 0
            }
          ],
          "parent": "bone"
        },
        {
          "name": "bone4",
          "pivot": [
            -8.4448,
            14.9459,
            1.58838
          ],
          "cubes": [
            {
              "origin": [
                -9.91567,
                12.16198,
                1.43857
              ],
              "size": [
                0.671,
                0.55031,
                0.54875
              ],
              "pivot": [
                -9.57459,
                12.71272,
                2.00869
              ],
              "rotation": [
                90.0,
                0.0,
                0.0
              ],
              "uv": {
                "north": {
                  "uv": [
                    6,
                    31
                  ],
                  "uv_size": [
                    0.75,
                    0.5
                  ]
                },
                "east": {
                  "uv": [
                    33,
                    23
                  ],
                  "uv_size": [
                    0.5,
                    0.5
                  ]
                },
                "south": {
                  "uv": [
                    7,
                    31
                  ],
                  "uv_size": [
                    0.75,
                    0.5
                  ]
                },
                "west": {
                  "uv": [
                    24,
                    33
                  ],
                  "uv_size": [
                    0.5,
                    0.5
                  ]
                },
                "up": {
                  "uv": [
                    8,
                    31
                  ],
                  "uv_size": [
                    0.75,
                    0.5
                  ]
                },
                "down": {
                  "uv": [
                    9,
                    31.5
                  ],
                  "uv_size": [
                    0.75,
                    -0.5
                  ]
                }
              },
              "inflate": -0.1
            },
            {
              "origin": [
                -9.64067,
                12.24833,
                1.43857
              ],
              "size": [
                0.671,
                0.55031,
                0.54875
              ],
              "pivot": [
                -9.57459,
                12.71272,
                2.00869
              ],
              "rotation": [
                90.0,
                -47.5,
                0.0
              ],
              "uv": {
                "north": {
                  "uv": [
                    10,
                    31
                  ],
                  "uv_size": [
                    0.75,
                    0.5
                  ]
                },
                "east": {
                  "uv": [
                    33,
                    24
                  ],
                  "uv_size": [
                    0.5,
                    0.5
                  ]
                },
                "south": {
                  "uv": [
                    11,
                    31
                  ],
                  "uv_size": [
                    0.75,
                    0.5
                  ]
                },
                "west": {
                  "uv": [
                    25,
                    33
                  ],
                  "uv_size": [
                    0.5,
                    0.5
                  ]
                },
                "up": {
                  "uv": [
                    12,
                    31
                  ],
                  "uv_size": [
                    0.75,
                    0.5
                  ]
                },
                "down": {
                  "uv": [
                    13,
                    31.5
                  ],
                  "uv_size": [
                    0.75,
                    -0.5
                  ]
                }
              },
              "inflate": -0.1
            },
            {
              "origin": [
                -9.56381,
                12.33941,
                1.43857
              ],
              "size": [
                0.671,
                0.55031,
                0.54875
              ],
              "pivot": [
                -9.57459,
                12.71272,
                2.00869
              ],
              "rotation": [
                90.0,
                -70.0,
                0.0
              ],
              "uv": {
                "north": {
                  "uv": [
                    14,
                    31
                  ],
                  "uv_size": [
                    0.75,
                    0.5
                  ]
                },
                "east": {
                  "uv": [
                    33,
                    25
                  ],
                  "uv_size": [
                    0.5,
                    0.5
                  ]
                },
                "south": {
                  "uv": [
                    15,
                    31
                  ],
                  "uv_size": [
                    0.75,
                    0.5
                  ]
                },
                "west": {
                  "uv": [
                    26,
                    33
                  ],
                  "uv_size": [
                    0.5,
                    0.5
                  ]
                },
                "up": {
                  "uv": [
                    16,
                    31
                  ],
                  "uv_size": [
                    0.75,
                    0.5
                  ]
                },
                "down": {
                  "uv": [
                    17,
                    31.5
                  ],
                  "uv_size": [
                    0.75,
                    -0.5
                  ]
                }
              },
              "inflate": -0.1
            },
            {
              "origin": [
                -9.70213,
                12.20944,
                1.43857
              ],
              "size": [
                0.671,
                0.55031,
                0.54875
              ],
              "pivot": [
                -9.57459,
                12.71272,
                2.00869
              ],
              "rotation": [
                90.0,
                -35.0,
                0.0
              ],
              "uv": {
                "north": {
                  "uv": [
                    18,
                    31
                  ],
                  "uv_size": [
                    0.75,
                    0.5
                  ]
                },
                "east": {
                  "uv": [
                    33,
                    26
                  ],
                  "uv_size": [
                    0.5,
                    0.5
                  ]
                },
                "south": {
                  "uv": [
                    19,
                    31
                  ],
                  "uv_size": [
                    0.75,
                    0.5
                  ]
                },
                "west": {
                  "uv": [
                    27,
                    33
                  ],
                  "uv_size": [
                    0.5,
                    0.5
                  ]
                },
                "up": {
                  "uv": [
                    20,
                    31
                  ],
                  "uv_size": [
                    0.75,
                    0.5
                  ]
                },
                "down": {
                  "uv": [
                    21,
                    31.5
                  ],
                  "uv_size": [
                    0.75,
                    -0.5
                  ]
                }
              },
              "inflate": -0.1
            },
            {
              "origin": [
                -9.54616,
                12.38563,
                1.43857
              ],
              "size": [
                0.671,
                0.55031,
                0.54875
              ],
              "pivot": [
                -9.57459,
                12.71272,
                2.00869
              ],
              "rotation": [
                90.0,
                -80.0,
                0.0
              ],
              "uv": {
                "north": {
                  "uv": [
                    22,
                    31
                  ],
                  "uv_size": [
                    0.75,
                    0.5
                  ]
                },
                "east": {
                  "uv": [
                    33,
                    27
                  ],
                  "uv_size": [
                    0.5,
                    0.5
                  ]
                },
                "south": {
                  "uv": [
                    23,
                    31
                  ],
                  "uv_size": [
                    0.75,
                    0.5
                  ]
                },
                "west": {
                  "uv": [
                    28,
                    33
                  ],
                  "uv_size": [
                    0.5,
                    0.5
                  ]
                },
                "up": {
                  "uv": [
                    24,
                    31
                  ],
                  "uv_size": [
                    0.75,
                    0.5
                  ]
                },
                "down": {
                  "uv": [
                    25,
                    31.5
                  ],
                  "uv_size": [
                    0.75,
                    -0.5
                  ]
                }
              },
              "inflate": -0.1
            },
            {
              "origin": [
                -9.59199,
                12.29618,
                1.43857
              ],
              "size": [
                0.671,
                0.55031,
                0.54875
              ],
              "pivot": [
                -9.57459,
                12.71272,
                2.00869
              ],
              "rotation": [
                90.0,
                -60.0,
                0.0
              ],
              "uv": {
                "north": {
                  "uv": [
                    26,
                    31
                  ],
                  "uv_size": [
                    0.75,
                    0.5
                  ]
                },
                "east": {
                  "uv": [
                    33,
                    28
                  ],
                  "uv_size": [
                    0.5,
                    0.5
                  ]
                },
                "south": {
                  "uv": [
                    27,
                    31
                  ],
                  "uv_size": [
                    0.75,
                    0.5
                  ]
                },
                "west": {
                  "uv": [
                    29,
                    33
                  ],
                  "uv_size": [
                    0.5,
                    0.5
                  ]
                },
                "up": {
                  "uv": [
                    28,
                    31
                  ],
                  "uv_size": [
                    0.75,
                    0.5
                  ]
                },
                "down": {
                  "uv": [
                    29,
                    31.5
                  ],
                  "uv_size": [
                    0.75,
                    -0.5
                  ]
                }
              },
              "inflate": -0.1
            },
            {
              "origin": [
                -9.54714,
                12.49316,
                1.43857
              ],
              "size": [
                0.671,
                0.55031,
                0.54875
              ],
              "pivot": [
                -9.57459,
                12.71272,
                2.00869
              ],
              "rotation": [
                -90.0,
                -77.5,
                180.0
              ],
              "uv": {
                "north": {
                  "uv": [
                    6,
                    32
                  ],
                  "uv_size": [
                    0.75,
                    0.5
                  ]
                },
                "east": {
                  "uv": [
                    33,
                    29
                  ],
                  "uv_size": [
                    0.5,
                    0.5
                  ]
                },
                "south": {
                  "uv": [
                    7,
                    32
                  ],
                  "uv_size": [
                    0.75,
                    0.5
                  ]
                },
                "west": {
                  "uv": [
                    30,
                    33
                  ],
                  "uv_size": [
                    0.5,
                    0.5
                  ]
                },
                "up": {
                  "uv": [
                    8,
                    32
                  ],
                  "uv_size": [
                    0.75,
                    0.5
                  ]
                },
                "down": {
                  "uv": [
                    9,
                    32.5
                  ],
                  "uv_size": [
                    0.75,
                    -0.5
                  ]
                }
              },
              "inflate": -0.1
            },
            {
              "origin": [
                -9.87269,
                12.70995,
                1.43683
              ],
              "size": [
                0.671,
                0.55031,
                0.54875
              ],
              "pivot": [
                -9.57459,
                12.71272,
                2.00869
              ],
              "rotation": [
                -90.23487,
                -5.01104,
                -179.95078
              ],
              "uv": {
                "north": {
                  "uv": [
                    10,
                    32
                  ],
                  "uv_size": [
                    0.75,
                    0.5
                  ]
                },
                "east": {
                  "uv": [
                    33,
                    30
                  ],
                  "uv_size": [
                    0.5,
                    0.5
                  ]
                },
                "south": {
                  "uv": [
                    11,
                    32
                  ],
                  "uv_size": [
                    0.75,
                    0.5
                  ]
                },
                "west": {
                  "uv": [
                    31,
                    33
                  ],
                  "uv_size": [
                    0.5,
                    0.5
                  ]
                },
                "up": {
                  "uv": [
                    12,
                    32
                  ],
                  "uv_size": [
                    0.75,
                    0.5
                  ]
                },
                "down": {
                  "uv": [
                    13,
                    32.5
                  ],
                  "uv_size": [
                    0.75,
                    -0.5
                  ]
                }
              },
              "inflate": -0.1
            },
            {
              "origin": [
                -9.93684,
                12.71245,
                1.43857
              ],
              "size": [
                0.671,
                0.55031,
                0.54875
              ],
              "pivot": [
                -9.57459,
                12.71272,
                2.00869
              ],
              "rotation": [
                -90.0,
                5.0,
                -180.0
              ],
              "uv": {
                "north": {
                  "uv": [
                    14,
                    32
                  ],
                  "uv_size": [
                    0.75,
                    0.5
                  ]
                },
                "east": {
                  "uv": [
                    33,
                    31
                  ],
                  "uv_size": [
                    0.5,
                    0.5
                  ]
                },
                "south": {
                  "uv": [
                    15,
                    32
                  ],
                  "uv_size": [
                    0.75,
                    0.5
                  ]
                },
                "west": {
                  "uv": [
                    32,
                    33
                  ],
                  "uv_size": [
                    0.5,
                    0.5
                  ]
                },
                "up": {
                  "uv": [
                    16,
                    32
                  ],
                  "uv_size": [
                    0.75,
                    0.5
                  ]
                },
                "down": {
                  "uv": [
                    17,
                    32.5
                  ],
                  "uv_size": [
                    0.75,
                    -0.5
                  ]
                }
              },
              "inflate": -0.1
            },
            {
              "origin": [
                -9.55363,
                12.36223,
                1.43857
              ],
              "size": [
                0.671,
                0.55031,
                0.54875
              ],
              "pivot": [
                -9.57459,
                12.71272,
                2.00869
              ],
              "rotation": [
                90.0,
                -75.0,
                0.0
              ],
              "uv": {
                "north": {
                  "uv": [
                    18,
                    32
                  ],
                  "uv_size": [
                    0.75,
                    0.5
                  ]
                },
                "east": {
                  "uv": [
                    33,
                    32
                  ],
                  "uv_size": [
                    0.5,
                    0.5
                  ]
                },
                "south": {
                  "uv": [
                    19,
                    32
                  ],
                  "uv_size": [
                    0.75,
                    0.5
                  ]
                },
                "west": {
                  "uv": [
                    33,
                    33
                  ],
                  "uv_size": [
                    0.5,
                    0.5
                  ]
                },
                "up": {
                  "uv": [
                    20,
                    32
                  ],
                  "uv_size": [
                    0.75,
                    0.5
                  ]
                },
                "down": {
                  "uv": [
                    21,
                    32.5
                  ],
                  "uv_size": [
                    0.75,
                    -0.5
                  ]
                }
              },
              "inflate": -0.1
            },
            {
              "origin": [
                -9.57664,
                12.31734,
                1.43857
              ],
              "size": [
                0.671,
                0.55031,
                0.54875
              ],
              "pivot": [
                -9.57459,
                12.71272,
                2.00869
              ],
              "rotation": [
                90.0,
                -65.0,
                0.0
              ],
              "uv": {
                "north": {
                  "uv": [
                    22,
                    32
                  ],
                  "uv_size": [
                    0.75,
                    0.5
                  ]
                },
                "east": {
                  "uv": [
                    0,
                    34
                  ],
                  "uv_size": [
                    0.5,
                    0.5
                  ]
                },
                "south": {
                  "uv": [
                    23,
                    32
                  ],
                  "uv_size": [
                    0.75,
                    0.5
                  ]
                },
                "west": {
                  "uv": [
                    34,
                    0
                  ],
                  "uv_size": [
                    0.5,
                    0.5
                  ]
                },
                "up": {
                  "uv": [
                    24,
                    32
                  ],
                  "uv_size": [
                    0.75,
                    0.5
                  ]
                },
                "down": {
                  "uv": [
                    25,
                    32.5
                  ],
                  "uv_size": [
                    0.75,
                    -0.5
                  ]
                }
              },
              "inflate": -0.1
            },
            {
              "origin": [
                -9.66388,
                12.23158,
                1.43857
              ],
              "size": [
                0.671,
                0.55031,
                0.54875
              ],
              "pivot": [
                -9.57459,
                12.71272,
                2.00869
              ],
              "rotation": [
                90.0,
                -42.5,
                0.0
              ],
              "uv": {
                "north": {
                  "uv": [
                    26,
                    32
                  ],
                  "uv_size": [
                    0.75,
                    0.5
                  ]
                },
                "east": {
                  "uv": [
                    1,
                    34
                  ],
                  "uv_size": [
                    0.5,
                    0.5
                  ]
                },
                "south": {
                  "uv": [
                    27,
                    32
                  ],
                  "uv_size": [
                    0.75,
                    0.5
                  ]
                },
                "west": {
                  "uv": [
                    34,
                    1
                  ],
                  "uv_size": [
                    0.5,
                    0.5
                  ]
                },
                "up": {
                  "uv": [
                    28,
                    32
                  ],
                  "uv_size": [
                    0.75,
                    0.5
                  ]
                },
                "down": {
                  "uv": [
                    29,
                    32.5
                  ],
                  "uv_size": [
                    0.75,
                    -0.5
                  ]
                }
              },
              "inflate": -0.1
            },
            {
              "origin": [
                -9.80399,
                12.17349,
                1.43857
              ],
              "size": [
                0.671,
                0.55031,
                0.54875
              ],
              "pivot": [
                -9.57459,
                12.71272,
                2.00869
              ],
              "rotation": [
                90.0,
                -17.5,
                0.0
              ],
              "uv": {
                "north": {
                  "uv": [
                    33,
                    3
                  ],
                  "uv_size": [
                    0.75,
                    0.5
                  ]
                },
                "east": {
                  "uv": [
                    2,
                    34
                  ],
                  "uv_size": [
                    0.5,
                    0.5
                  ]
                },
                "south": {
                  "uv": [
                    33,
                    4
                  ],
                  "uv_size": [
                    0.75,
                    0.5
                  ]
                },
                "west": {
                  "uv": [
                    34,
                    2
                  ],
                  "uv_size": [
                    0.5,
                    0.5
                  ]
                },
                "up": {
                  "uv": [
                    33,
                    5
                  ],
                  "uv_size": [
                    0.75,
                    0.5
                  ]
                },
                "down": {
                  "uv": [
                    6,
                    33.5
                  ],
                  "uv_size": [
                    0.75,
                    -0.5
                  ]
                }
              },
              "inflate": -0.1
            },
            {
              "origin": [
                -9.72966,
                12.19683,
                1.43857
              ],
              "size": [
                0.671,
                0.55031,
                0.54875
              ],
              "pivot": [
                -9.57459,
                12.71272,
                2.00869
              ],
              "rotation": [
                90.0,
                -30.0,
                0.0
              ],
              "uv": {
                "north": {
                  "uv": [
                    33,
                    6
                  ],
                  "uv_size": [
                    0.75,
                    0.5
                  ]
                },
                "east": {
                  "uv": [
                    3,
                    34
                  ],
                  "uv_size": [
                    0.5,
                    0.5
                  ]
                },
                "south": {
                  "uv": [
                    7,
                    33
                  ],
                  "uv_size": [
                    0.75,
                    0.5
                  ]
                },
                "west": {
                  "uv": [
                    34,
                    3
                  ],
                  "uv_size": [
                    0.5,
                    0.5
                  ]
                },
                "up": {
                  "uv": [
                    33,
                    7
                  ],
                  "uv_size": [
                    0.75,
                    0.5
                  ]
                },
                "down": {
                  "uv": [
                    8,
                    33.5
                  ],
                  "uv_size": [
                    0.75,
                    -0.5
                  ]
                }
              },
              "inflate": -0.1
            },
            {
              "origin": [
                -9.60977,
                12.2761,
                1.43857
              ],
              "size": [
                0.671,
                0.55031,
                0.54875
              ],
              "pivot": [
                -9.57459,
                12.71272,
                2.00869
              ],
              "rotation": [
                90.0,
                -55.0,
                0.0
              ],
              "uv": {
                "north": {
                  "uv": [
                    33,
                    8
                  ],
                  "uv_size": [
                    0.75,
                    0.5
                  ]
                },
                "east": {
                  "uv": [
                    4,
                    34
                  ],
                  "uv_size": [
                    0.5,
                    0.5
                  ]
                },
                "south": {
                  "uv": [
                    9,
                    33
                  ],
                  "uv_size": [
                    0.75,
                    0.5
                  ]
                },
                "west": {
                  "uv": [
                    34,
                    4
                  ],
                  "uv_size": [
                    0.5,
                    0.5
                  ]
                },
                "up": {
                  "uv": [
                    33,
                    9
                  ],
                  "uv_size": [
                    0.75,
                    0.5
                  ]
                },
                "down": {
                  "uv": [
                    10,
                    33.5
                  ],
                  "uv_size": [
                    0.75,
                    -0.5
                  ]
                }
              },
              "inflate": -0.1
            },
            {
              "origin": [
                -9.61953,
                12.26651,
                1.43857
              ],
              "size": [
                0.671,
                0.55031,
                0.54875
              ],
              "pivot": [
                -9.57459,
                12.71272,
                2.00869
              ],
              "rotation": [
                90.0,
                -52.5,
                0.0
              ],
              "uv": {
                "north": {
                  "uv": [
                    33,
                    10
                  ],
                  "uv_size": [
                    0.75,
                    0.5
                  ]
                },
                "east": {
                  "uv": [
                    5,
                    34
                  ],
                  "uv_size": [
                    0.5,
                    0.5
                  ]
                },
                "south": {
                  "uv": [
                    11,
                    33
                  ],
                  "uv_size": [
                    0.75,
                    0.5
                  ]
                },
                "west": {
                  "uv": [
                    34,
                    5
                  ],
                  "uv_size": [
                    0.5,
                    0.5
                  ]
                },
                "up": {
                  "uv": [
                    33,
                    11
                  ],
                  "uv_size": [
                    0.75,
                    0.5
                  ]
                },
                "down": {
                  "uv": [
                    12,
                    33.5
                  ],
                  "uv_size": [
                    0.75,
                    -0.5
                  ]
                }
              },
              "inflate": -0.1
            },
            {
              "origin": [
                -9.6148,
                12.60107,
                1.43683
              ],
              "size": [
                0.671,
                0.55031,
                0.54875
              ],
              "pivot": [
                -9.57459,
                12.71272,
                2.00869
              ],
              "rotation": [
                -90.38444,
                -52.51046,
                -179.66626
              ],
              "uv": {
                "north": {
                  "uv": [
                    33,
                    12
                  ],
                  "uv_size": [
                    0.75,
                    0.5
                  ]
                },
                "east": {
                  "uv": [
                    6,
                    34
                  ],
                  "uv_size": [
                    0.5,
                    0.5
                  ]
                },
                "south": {
                  "uv": [
                    13,
                    33
                  ],
                  "uv_size": [
                    0.75,
                    0.5
                  ]
                },
                "west": {
                  "uv": [
                    34,
                    6
                  ],
                  "uv_size": [
                    0.5,
                    0.5
                  ]
                },
                "up": {
                  "uv": [
                    33,
                    13
                  ],
                  "uv_size": [
                    0.75,
                    0.5
                  ]
                },
                "down": {
                  "uv": [
                    14,
                    33.5
                  ],
                  "uv_size": [
                    0.75,
                    -0.5
                  ]
                }
              },
              "inflate": -0.1
            },
            {
              "origin": [
                -9.56797,
                12.53866,
                1.43683
              ],
              "size": [
                0.671,
                0.55031,
                0.54875
              ],
              "pivot": [
                -9.57459,
                12.71272,
                2.00869
              ],
              "rotation": [
                -90.61168,
                -67.50992,
                -179.40614
              ],
              "uv": {
                "north": {
                  "uv": [
                    33,
                    14
                  ],
                  "uv_size": [
                    0.75,
                    0.5
                  ]
                },
                "east": {
                  "uv": [
                    7,
                    34
                  ],
                  "uv_size": [
                    0.5,
                    0.5
                  ]
                },
                "south": {
                  "uv": [
                    15,
                    33
                  ],
                  "uv_size": [
                    0.75,
                    0.5
                  ]
                },
                "west": {
                  "uv": [
                    34,
                    7
                  ],
                  "uv_size": [
                    0.5,
                    0.5
                  ]
                },
                "up": {
                  "uv": [
                    33,
                    15
                  ],
                  "uv_size": [
                    0.75,
                    0.5
                  ]
                },
                "down": {
                  "uv": [
                    16,
                    33.5
                  ],
                  "uv_size": [
                    0.75,
                    -0.5
                  ]
                }
              },
              "inflate": -0.1
            },
            {
              "origin": [
                -9.54666,
                12.48119,
                1.43683
              ],
              "size": [
                0.671,
                0.55031,
                0.54875
              ],
              "pivot": [
                -9.57459,
                12.71272,
                2.00869
              ],
              "rotation": [
                -91.34866,
                -80.00837,
                -178.64309
              ],
              "uv": {
                "north": {
                  "uv": [
                    33,
                    16
                  ],
                  "uv_size": [
                    0.75,
                    0.5
                  ]
                },
                "east": {
                  "uv": [
                    8,
                    34
                  ],
                  "uv_size": [
                    0.5,
                    0.5
                  ]
                },
                "south": {
                  "uv": [
                    17,
                    33
                  ],
                  "uv_size": [
                    0.75,
                    0.5
                  ]
                },
                "west": {
                  "uv": [
                    34,
                    8
                  ],
                  "uv_size": [
                    0.5,
                    0.5
                  ]
                },
                "up": {
                  "uv": [
                    33,
                    17
                  ],
                  "uv_size": [
                    0.75,
                    0.5
                  ]
                },
                "down": {
                  "uv": [
                    18,
                    33.5
                  ],
                  "uv_size": [
                    0.75,
                    -0.5
                  ]
                }
              },
              "inflate": -0.1
            },
            {
              "origin": [
                -9.56236,
                12.52746,
                1.43683
              ],
              "size": [
                0.671,
                0.55031,
                0.54875
              ],
              "pivot": [
                -9.57459,
                12.71272,
                2.00869
              ],
              "rotation": [
                -90.68444,
                -70.00976,
                -179.3281
              ],
              "uv": {
                "north": {
                  "uv": [
                    33,
                    18
                  ],
                  "uv_size": [
                    0.75,
                    0.5
                  ]
                },
                "east": {
                  "uv": [
                    9,
                    34
                  ],
                  "uv_size": [
                    0.5,
                    0.5
                  ]
                },
                "south": {
                  "uv": [
                    19,
                    33
                  ],
                  "uv_size": [
                    0.75,
                    0.5
                  ]
                },
                "west": {
                  "uv": [
                    34,
                    9
                  ],
                  "uv_size": [
                    0.5,
                    0.5
                  ]
                },
                "up": {
                  "uv": [
                    33,
                    19
                  ],
                  "uv_size": [
                    0.75,
                    0.5
                  ]
                },
                "down": {
                  "uv": [
                    20,
                    33.5
                  ],
                  "uv_size": [
                    0.75,
                    -0.5
                  ]
                }
              },
              "inflate": -0.1
            },
            {
              "origin": [
                -9.56236,
                12.52746,
                1.43683
              ],
              "size": [
                0.671,
                0.55031,
                0.54875
              ],
              "pivot": [
                -9.57459,
                12.71272,
                2.00869
              ],
              "rotation": [
                -90.68444,
                -70.00976,
                -179.3281
              ],
              "uv": {
                "north": {
                  "uv": [
                    33,
                    20
                  ],
                  "uv_size": [
                    0.75,
                    0.5
                  ]
                },
                "east": {
                  "uv": [
                    10,
                    34
                  ],
                  "uv_size": [
                    0.5,
                    0.5
                  ]
                },
                "south": {
                  "uv": [
                    21,
                    33
                  ],
                  "uv_size": [
                    0.75,
                    0.5
                  ]
                },
                "west": {
                  "uv": [
                    34,
                    10
                  ],
                  "uv_size": [
                    0.5,
                    0.5
                  ]
                },
                "up": {
                  "uv": [
                    33,
                    21
                  ],
                  "uv_size": [
                    0.75,
                    0.5
                  ]
                },
                "down": {
                  "uv": [
                    22,
                    33.5
                  ],
                  "uv_size": [
                    0.75,
                    -0.5
                  ]
                }
              },
              "inflate": -0.1
            }
          ],
          "parent": "bone2",
          "rotation": [
            0,
            0,
            -90
          ]
        },
        {
          "name": "bone9",
          "pivot": [
            -2.4056,
            7.62706,
            1.31705
          ],
          "parent": "bone2"
        },
        {
          "name": "rightSleeve",
          "pivot": [
            -5,
            22,
            0
          ],
          "parent": "rightArm"
        },
        {
          "name": "rightItem",
          "pivot": [
            -6,
            15,
            1
          ],
          "parent": "rightArm"
        },
        {
          "name": "leftLeg",
          "pivot": [
            1.9,
            12,
            0
          ]
        },
        {
          "name": "leftPants",
          "pivot": [
            1.9,
            12,
            0
          ],
          "parent": "leftLeg"
        },
        {
          "name": "rightLeg",
          "pivot": [
            -1.9,
            12,
            0
          ]
        },
        {
          "name": "rightPants",
          "pivot": [
            -1.9,
            12,
            0
          ],
          "parent": "rightLeg"
        }
      ]
    }
  ]
}