{
  "format_version": "1.10.0",
  "geometry.item_pocta": {
    "texturewidth": 128,
    "textureheight": 128,
    "visible_bounds_width": 3,
    "visible_bounds_height": 3,
    "visible_bounds_offset": [
      0,
      1.5,
      0
    ],
    "bones": [
      {
        "name": "boki",
        "pivot": [
          -9,
          10,
          0
        ],
        "cubes": [
          {
            "origin": [
              -11.12836,
              10.0,
              -11.17391
            ],
            "size": [
              1.06418,
              1.06418,
              1.06418
            ],
            "uv": [
              43,
              25
            ],
            "inflate": 0
          },
          {
            "origin": [
              -11.12836,
              10.0,
              -6.38509
            ],
            "size": [
              1.06418,
              1.06418,
              1.06418
            ],
            "uv": [
              9,
              34
            ],
            "inflate": 0
          },
          {
            "origin": [
              -4.74327,
              10.0,
              -11.17391
            ],
            "size": [
              1.06418,
              1.06418,
              1.06418
            ],
            "uv": [
              10,
              35
            ],
            "inflate": 0
          },
          {
            "origin": [
              -7.77735,
              15.63472,
              -13.77455
            ],
            "size": [
              1.06418,
              1.06418,
              1.06418
            ],
            "uv": [
              23,
              79
            ],
            "inflate": 0
          },
          {
            "origin": [
              -7.77735,
              15.20128,
              -20.27615
            ],
            "size": [
              1.06418,
              0.63074,
              0.63074
            ],
            "uv": [
              31,
              79
            ],
            "inflate": 0
          },
          {
            "origin": [
              -7.77735,
              13.03408,
              -15.50831
            ],
            "size": [
              1.06418,
              1.06418,
              1.06418
            ],
            "uv": [
              25,
              76
            ],
            "inflate": 0
          },
          {
            "origin": [
              -7.77735,
              13.03408,
              -13.77455
            ],
            "size": [
              1.06418,
              1.06418,
              1.06418
            ],
            "uv": [
              25,
              77
            ],
            "inflate": 0
          },
          {
            "origin": [
              -7.77735,
              13.03408,
              -18.97583
            ],
            "size": [
              1.06418,
              1.06418,
              1.06418
            ],
            "uv": [
              28,
              81
            ],
            "inflate": 0
          },
          {
            "origin": [
              -7.77735,
              13.03408,
              -17.24207
            ],
            "size": [
              1.06418,
              1.06418,
              1.06418
            ],
            "uv": [
              19,
              75
            ],
            "inflate": 0
          },
          {
            "origin": [
              -7.77735,
              13.90096,
              -20.27615
            ],
            "size": [
              1.06418,
              0.63074,
              0.63074
            ],
            "uv": [
              21,
              77
            ],
            "inflate": 0
          },
          {
            "origin": [
              -7.77735,
              15.63472,
              -18.97583
            ],
            "size": [
              1.06418,
              1.06418,
              1.06418
            ],
            "uv": [
              23,
              81
            ],
            "inflate": 0
          },
          {
            "origin": [
              -7.77735,
              15.63472,
              -17.24207
            ],
            "size": [
              1.06418,
              1.06418,
              1.06418
            ],
            "uv": [
              25,
              78
            ],
            "inflate": 0
          },
          {
            "origin": [
              -7.77735,
              15.63472,
              -15.50831
            ],
            "size": [
              1.06418,
              1.06418,
              1.06418
            ],
            "uv": [
              23,
              77
            ],
            "inflate": 0
          },
          {
            "origin": [
              -10.06418,
              11.59627,
              -11.706
            ],
            "size": [
              5.32091,
              4.78882,
              7.98136
            ],
            "uv": [
              30,
              16
            ],
            "inflate": 0
          },
          {
            "origin": [
              -4.74327,
              10.0,
              -6.38509
            ],
            "size": [
              1.06418,
              1.06418,
              1.06418
            ],
            "uv": [
              15,
              32
            ],
            "inflate": 0
          },
          {
            "origin": [
              -11.12836,
              10.0,
              -10.10973
            ],
            "size": [
              1.06418,
              2.12836,
              1.06418
            ],
            "uv": [
              40,
              16
            ],
            "inflate": 0
          },
          {
            "origin": [
              -11.12836,
              10.0,
              -5.32091
            ],
            "size": [
              1.06418,
              2.12836,
              1.06418
            ],
            "uv": [
              13,
              31
            ],
            "inflate": 0
          },
          {
            "origin": [
              -9.53209,
              13.72464,
              -3.72464
            ],
            "size": [
              1.06418,
              1.06418,
              1.06418
            ],
            "uv": [
              30,
              76
            ],
            "inflate": 0
          },
          {
            "origin": [
              -6.33955,
              13.72464,
              -3.72464
            ],
            "size": [
              1.06418,
              1.06418,
              1.06418
            ],
            "uv": [
              21,
              78
            ],
            "inflate": 0
          },
          {
            "origin": [
              -9.53209,
              13.72464,
              -2.66045
            ],
            "size": [
              4.25673,
              1.06418,
              1.06418
            ],
            "uv": [
              23,
              77
            ],
            "inflate": 0
          },
          {
            "origin": [
              -4.74327,
              10.0,
              -10.10973
            ],
            "size": [
              1.06418,
              2.12836,
              1.06418
            ],
            "uv": [
              9,
              29
            ],
            "inflate": 0
          },
          {
            "origin": [
              -4.74327,
              10.0,
              -5.32091
            ],
            "size": [
              1.06418,
              2.12836,
              1.06418
            ],
            "uv": [
              9,
              30
            ],
            "inflate": 0
          },
          {
            "origin": [
              -7.93582,
              13.72464,
              -19.68736
            ],
            "size": [
              1.06418,
              2.12836,
              7.98136
            ],
            "uv": [
              22,
              60
            ],
            "inflate": 0
          },
          {
            "origin": [
              -11.12836,
              14.78882,
              -7.98136
            ],
            "size": [
              1.06418,
              3.19255,
              1.06418
            ],
            "uv": [
              26,
              75
            ],
            "inflate": 0
          },
          {
            "origin": [
              -4.74327,
              14.78882,
              -7.98136
            ],
            "size": [
              1.06418,
              3.19255,
              1.06418
            ],
            "uv": [
              29,
              77
            ],
            "inflate": 0
          },
          {
            "origin": [
              -10.06418,
              16.91718,
              -7.98136
            ],
            "size": [
              5.32091,
              1.06418,
              1.06418
            ],
            "uv": [
              21,
              79
            ],
            "inflate": 0
          }
        ]
      }
    ]
  }
}