{
	"format_version": "1.8.0",
	"animations": {
		"animation.bs": {
			"loop": "hold_on_last_frame",
			"animation_length": 1.58333,
			"bones": {
				"root": {
					"rotation": [0, 0, 0],
					"position": [0, 0, 0]
				},
				"rightArm": {
					"rotation": {
						"0.0": [0, 0, 0],
						"0.3333": [-69.61114, -67.35323, -7.49522],
						"0.375": [-69.61, -67.35, -7.5],
						"0.5": [-81.42331, -25.88369, 7.66664],
						"0.625": [-64.01344, 72.16094, 36.32947],
						"0.8333": [-64.01, 72.16, 36.33],
						"1.3333": [0, 0, 0]
					},
					"position": [0, 0, 0]
				},
				"bone": {
					"position": {
						"0.0": [0, 6, 0],
						"0.6667": [0, 0, 0],
						"0.7083": [0, -2, -25],
						"0.75": [0, -2, -13],
						"0.7917": [0, 0, 0]
					},
					"scale": {
						"0.0": [0, 0, 0],
						"0.6667": [0, 0, 0],
						"0.7917": [1, 1, 1]
					}
				},
				"bone2": {
					"position": {
						"0.0": [0, 4, 0],
						"0.6667": [0, 0, 0],
						"0.7083": [2, -3, -27],
						"0.75": [0, -3, -13],
						"0.7917": [0, 0, 0]
					},
					"scale": {
						"0.0": [0, 0, 0],
						"0.6667": [0, 0, 0],
						"0.7917": [1, 1, 1]
					}
				},
				"head": {
					"rotation": [0, 0, 0],
					"position": [0, 0, 0],
					"scale": {
						"0.0": [0, 0, 0],
						"0.625": [0, 0, 0],
						"0.75": [1, 1, 1]
					}
				},
				"head2": {
					"scale": {
						"0.625": [1, 1, 1],
						"0.7083": [0, 0, 0]
					}
				},
				"bone5": {
					"rotation": {
						"0.4167": [0, 0, 0],
						"0.4583": [0, 12.5, 0],
						"0.5": [0, 32.5, 0],
						"0.6667": [0, 0, 0]
					},
					"position": {
						"0.375": [0, 0, 0],
						"0.4167": [0, 0, 0.8],
						"0.4583": [2, 0, 5.8],
						"0.5": [6.3, 0, 7.8],
						"0.6667": [0, 0, 0]
					},
					"scale": {
						"0.375": [1, 1, 1],
						"0.4167": [1, 1, 2.1],
						"0.4583": [1, 1, 5.2],
						"0.5": [1, 1, 7],
						"0.6667": [1, 1, 1]
					}
				}
			},
			"sound_effects": {
				"0.0": {
					"effect": "yes"
				}
			}
		}
	}
}