{
  "format_version": "1.8.0",
  "minecraft:client_entity": {
    "description": {
      "identifier": "entity:gun_majindie",
      "materials": {
        "default": "skeleton"
      },
      "textures": {
        "default": "textures/entity/pamobile/entity_gun_majindie"
      },
      "geometry": {
        "default": "geometry.entity_gun_majindie"
      },
      "scripts": {
        "pre_animation": [
          "variable.tcos0 = (Math.cos(query.modified_distance_moved * 38.17) * query.modified_move_speed / variable.gliding_speed_value) * 57.3;"
        ]
      },
      "spawn_egg": {
        "texture": "entity:gun_majindie",
        "texture_index": 0
      },
      "render_controllers": [
        "controller.render.skeleton"
      ],
      "enable_attachables": true
    }
  }
}