{
  "format_version": "1.10.0",
  "minecraft:entity": {
    "description": {
      "identifier": "entity:typhoon_devil",
      "is_spawnable": true,
      "is_summonable": true,
      "is_experimental": false
    },
    "component_groups": {
      "become_zombie": {
        "minecraft:transformation": {
          "into": "minecraft:zombie_villager"
        }
      },
      "baby": {
        "minecraft:is_baby": {},
        "minecraft:scale": {
          "value": 0.5
        },
        "minecraft:ageable": {
          "duration": 1200,
          "grow_up": {
            "event": "minecraft:ageable_grow_up",
            "target": "self"
          }
        },
        "minecraft:behavior.take_flower": {
          "priority": 7
        },
        "minecraft:behavior.play": {
          "priority": 8,
          "speed_multiplier": 0.32
        }
      },
      "adult": {
        "minecraft:behavior.make_love": {
          "priority": 6
        },
        "minecraft:behavior.receive_love": {
          "priority": 7
        }
      },
      "minecraft:pig_transform": {
        "minecraft:transformation": {
          "into": "minecraft:zombie_villager"
        }
      }
    },
    "components": {
      "minecraft:type_family": {
        "family": [
          "baddevil"
        ]
      },
      "minecraft:breathable": {
        "totalSupply": 15,
        "suffocateTime": 0
      },
      "minecraft:health": {
        "value": 400,
        "max": 400
      },
      "minecraft:collision_box": {
        "height": 1.8,
        "width": 0.6
      },
      "minecraft:nameable": {
        "alwaysShow": false,
        "allowNameTagRenaming": false
      },
      "minecraft:movement": {
        "value": 0.4
      },
      "minecraft:navigation.walk": {
        "is_amphibious": true,
        "can_path_over_water": true,
        "can_pass_doors": true,
        "can_open_doors": true,
        "can_walk": true,
        "avoid_water": true
      },
      "minecraft:annotation.open_door": {},
      "minecraft:movement.basic": {},
      "minecraft:jump.static": {},
      "minecraft:can_climb": {},
      "minecraft:damage_sensor": [
        {
          "on_damage": {
            "filters": {
              "test": "is_family",
              "subject": "other",
              "value": "lightning"
            },
            "event": "become_witch"
          },
          "deals_damage": false
        },
        {
          "on_damage": {
            "filters": {
              "test": "is_family",
              "subject": "other",
              "value": "lightning"
            },
            "event": "become_zombie"
          },
          "deals_damage": true
        }
      ],
      "minecraft:behavior.move_indoors": {
        "priority": 4,
        "speed_multiplier": 0.8
      },
      "minecraft:behavior.restrict_open_door": {
        "priority": 5
      },
      "minecraft:behavior.move_towards_restriction": {
        "priority": 7,
        "speed_multiplier": 0.6
      },
      "minecraft:behavior.share_items": {
        "priority": 8,
        "max_dist": 3,
        "goal_radius": 2.0,
        "speed_multiplier": 0.5,
        "entity_types": [
          {
            "filters": {
              "test": "is_family",
              "subject": "other",
              "value": "villager"
            }
          }
        ]
      },
      "minecraft:behavior.pickup_items": {
        "can_pickup_any_item": false,
        "can_pickup_to_hand_or_equipment": false,
        "goal_radius": "2",
        "max_dist": "3",
        "pickup_based_on_chance": false,
        "speed_multiplier": "0.5",
        "track_target": false
      },
      "minecraft:behavior.random_stroll": {
        "priority": 11,
        "speed_multiplier": 0.6
      },
      "minecraft:behavior.look_at_player": {
        "priority": 12,
        "look_distance": 8,
        "probability": 0.02
      },
      "minecraft:physics": {},
      "minecraft:experience_reward": {
        "on_death": "query.last_hit_by_player ? 0 : 0"
      },
      "minecraft:underwater_movement": {
        "value": 0.02
      },
      "minecraft:scale": {
        "value": 1.7
      },
      "minecraft:attack": {
        "damage": 50
      },
      "minecraft:behavior.nearest_attackable_target": {
        "priority": 3,
        "within_radius": 25,
        "must_reach": false,
        "entity_types": [
          {
            "filters": {
              "any_of": [
                {
                  "test": "is_family",
                  "subject": "other",
                  "value": "player"
                },
                {
                  "test": "is_family",
                  "subject": "other",
                  "value": "illager"
                },
                {
                  "test": "is_family",
                  "subject": "other",
                  "value": "vex"
                },
                {
                  "test": "is_family",
                  "subject": "other",
                  "value": "mankind"
                },
                {
                  "test": "is_family",
                  "subject": "other",
                  "value": "badmankind"
                }
              ]
            },
            "max_dist": 35.0,
            "must_see": false
          }
        ],
        "must_see": false,
        "speed_multiplier": 1.0
      },
      "minecraft:behavior.hurt_by_target": {
        "priority": 3
      },
      "minecraft:behavior.owner_hurt_by_target": {
        "priority": 1
      },
      "minecraft:behavior.owner_hurt_target": {
        "priority": 2
      },
      "minecraft:equip_item": {},
      "minecraft:behavior.melee_attack": {
        "priority": 2,
        "speed_multiplier": 1.0,
        "target_dist": 0.0,
        "max_dist": 3,
        "random_stop_interval": 100,
        "track_target": false,
        "reach_multiplier": 1.4
      },
      "minecraft:transformed": {
        "minecraft:transformation": {
          "into": "minecraft:zombie_villager"
        }
      },
      "minecraft:break_blocks": {
        "breakable_blocks": [
          "food:toast",
          "weopon:chainsaw",
          "item:spear",
          "item:zhifu",
          "item:tianzhong",
          "food:meat",
          "item:gun_meat",
          "item:take_pocta",
          "item:recover_pocta",
          "item:pocta",
          "armor:soldier",
          "armor:pubilc_pants",
          "weopon:spear",
          "weopon:spear1",
          "item:sword_attack",
          "item:recover_sword",
          "item:sword",
          "armor:sword",
          "item:recover_spear",
          "armor:spear",
          "item:recover_lash",
          "item:lash_attack",
          "armor:lash",
          "item:juhezhan",
          "item:lash",
          "block:blood",
          "item:blood",
          "item:boom",
          "item:knife",
          "item:chainsaw_man",
          "item:hell",
          "item:mould_devil",
          "armor:night_vision",
          "item:chainsaw_range",
          "weapon:boom1",
          "item:recover_boom",
          "armor:boom",
          "item:recover_knife",
          "armor:knife",
          "item:recover_man",
          "armor:chainsaw_man1",
          "item:future_devil",
          "block:astronaut_under",
          "block:astronaut_up",
          "item:kou",
          "armor:public",
          "block:wooden_chair",
          "block:table",
          "armor:combat_boots",
          "block:laptop",
          "block:scp012",
          "armor:bulletproof_helmet",
          "block:washbasin",
          "block:telephone",
          "block:railing",
          "block:monitor",
          "block:dispenser",
          "block:conditioner",
          "block:scp148",
          "block:scp178",
          "block:gatea",
          "block:gateb",
          "glock:scp178",
          "armor:scp178",
          "armor:vest",
          "glock:coffee_machine",
          "glock:telephone",
          "glock:washbasin",
          "glock:monitor",
          "glock:railing",
          "block:bottle",
          "block:radio",
          "block:computer",
          "block:plate",
          "block:wastebucket",
          "block:table2",
          "block:table1",
          "block:scp330",
          "block:scp458",
          "block:files",
          "block:carton",
          "block:cup",
          "block:nightstool",
          "gun:p90",
          "gun:p90_clip",
          "item:kill",
          "food:scp500",
          "block:red_top",
          "block:red_bottom",
          "block:bule_bottom",
          "block:bule_top",
          "block:o5_top",
          "block:o5_bottom",
          "block:o5block_bottom",
          "block:office_top",
          "block:office_bottom",
          "block:o5block_top",
          "block:wall4",
          "item:mastercard",
          "item:coin",
          "item:syringe2",
          "item:syringe",
          "item:firstaid2",
          "item:firstaid",
          "item:ylb",
          "block:ez_ceiling",
          "block:grey_roof",
          "block:wall3",
          "item:card0",
          "item:scp178",
          "item:card7",
          "item:scp1025",
          "block:lamp",
          "block:metal_crate",
          "item:scp063",
          "block:office_ceiling",
          "block:zfloor",
          "block:zwall",
          "block:wall",
          "block:wall2",
          "block:wall1",
          "block:office_wall2",
          "block:office_wall1",
          "block:floor",
          "item:card6",
          "item:card5",
          "item:card4",
          "item:card3",
          "item:card2",
          "item:card1",
          "tadpole_bucket",
          "disc_fragment_5",
          "echo_shard",
          "frog_spawn",
          "goat_horn",
          "managrove_planks",
          "mangrove_log",
          "mangrove_boat",
          "mangrove_leaves",
          "mangrove_propagule",
          "mangrove_roots",
          "mud_bricks",
          "mud",
          "muddy_mangrove_roots",
          "ochre_froglight",
          "packed_mud",
          "pearlescent_froglight",
          "recovery_compass",
          "reinforced_deepslate",
          "sculk_catalyst",
          "sculk_shrieker",
          "sculk_vein",
          "sculk",
          "stripped_mangrove_log",
          "verdant_froglight",
          "amethyst_cluster",
          "amethyst_shard",
          "azalea",
          "azalea_leaves",
          "big_dripleaf",
          "amethyst_block",
          "copper_block",
          "raw_copper_block",
          "raw_gold_block",
          "raw_iron_block",
          "axolotl_bucket",
          "powder_snow_bucket",
          "budding_amethyst",
          "calcite",
          "chiseled_deepslate",
          "cobbled_deepslate",
          "cobbled_deepslate_slab",
          "cobbled_deepslate_stairs",
          "cobbled_deepslate_wall",
          "copper_ingot",
          "copper_ore",
          "cracked_deepslate_bricks",
          "cracked_deepslate_tiles",
          "deepslate",
          "deepslate_brick_slab",
          "deepslate_brick_stairs",
          "deepslate_brick_wall",
          "deepslate_bricks",
          "deepslate_coal_ore",
          "deepslate_copper_ore",
          "deepslate_diamond_ore",
          "deepslate_emerald_ore",
          "deepslate_gold_ore",
          "deepslate_iron_ore",
          "deepslate_lapis_ore",
          "deepslate_redstone_ore",
          "deepslate_tile_slab",
          "deepslate_tile_stairs",
          "deepslate_tile_wall",
          "deepslate_tiles",
          "dripstone_block",
          "exposed_copper",
          "exposed_cut_copper",
          "exposed_cut_copper_slab",
          "exposed_cut_copper_stairs",
          "flowering_azalea",
          "azalea_leaves_flowered",
          "glow_berries",
          "glow_ink_sac",
          "glow_item_frame",
          "glow_lichen",
          "hanging_roots",
          "infested_deepslate",
          "large_amethyst_bud",
          "lightning_rod",
          "medium_amethyst_bud",
          "moss_block",
          "moss_carpet",
          "oxidized_copper",
          "oxidized_cut_copper",
          "oxidized_cut_copper_slab",
          "oxidized_cut_copper_stairs",
          "pointed_dripstone",
          "polished_deepslate",
          "polished_deepslate_slab",
          "polished_deepslate_stairs",
          "polished_deepslate_wall",
          "powder_snow",
          "raw_copper",
          "raw_gold",
          "raw_iron",
          "rooted_dirt",
          "small_amethyst_bud",
          "small_dripleaf",
          "smooth_basalt",
          "spore_blossom",
          "spyglass",
          "tinted_glass",
          "tuff",
          "waxed_copper_block",
          "waxed_cut_copper",
          "waxed_cut_copper_slab",
          "waxed_cut_copper_stairs",
          "waxed_exposed_copper",
          "waxed_exposed_cut_copper",
          "waxed_exposed_cut_copper_slab",
          "waxed_exposed_cut_copper_stairs",
          "waxed_oxidized_copper",
          "waxed_oxidized_cut_copper",
          "waxed_oxidized_cut_copper_slab",
          "waxed_oxidized_cut_copper_stairs",
          "waxed_weathered_copper",
          "waxed_weathered_cut_copper",
          "waxed_weathered_cut_copper_slab",
          "waxed_weathered_cut_copper_stairs",
          "weathered_copper",
          "weathered_cut_copper",
          "weathered_cut_copper_slab",
          "weathered_cut_copper_stairs",
          "acacia_button",
          "acacia_door",
          "acacia_fence_gate",
          "acacia_pressure_plate",
          "acacia_sign",
          "acacia_stairs",
          "acacia_trapdoor",
          "activator_rail",
          "air",
          "ancient_debris",
          "andesite_stairs",
          "anvil",
          "apple",
          "appleenchanted",
          "armor_stand",
          "arrow",
          "baked_potato",
          "bamboo",
          "banner",
          "banner_pattern",
          "barrel",
          "barrier",
          "basalt",
          "beacon",
          "bed",
          "bedrock",
          "bee_nest",
          "beef",
          "beehive",
          "beetroot",
          "beetroot_seeds",
          "beetroot_soup",
          "bell",
          "birch_button",
          "birch_door",
          "birch_fence_gate",
          "birch_pressure_plate",
          "birch_sign",
          "birch_stairs",
          "birch_trapdoor",
          "black_glazed_terracotta",
          "blackstone",
          "blackstone_slab",
          "blackstone_stairs",
          "blackstone_wall",
          "blast_furnace",
          "blaze_powder",
          "blaze_rod",
          "blue_glazed_terracotta",
          "blue_ice",
          "boat",
          "bone",
          "bone_block",
          "book",
          "bookshelf",
          "bow",
          "bowl",
          "bread",
          "brewing_stand",
          "brick",
          "brick_block",
          "brick_stairs",
          "brown_glazed_terracotta",
          "brown_mushroom",
          "brown_mushroom_block",
          "bucket",
          "cactus",
          "cake",
          "campfire",
          "carpet",
          "carrot",
          "carrotonastick",
          "cartography_table",
          "carved_pumpkin",
          "cauldron",
          "chain",
          "chain_command_block",
          "chainmail_boots",
          "chainmail_chestplate",
          "chainmail_helmet",
          "chainmail_leggings",
          "chest",
          "chest_minecart",
          "chicken",
          "chiseled_nether_bricks",
          "chiseled_polished_blackstone",
          "chorus_flower",
          "chorus_fruit",
          "chorus_fruit_popped",
          "chorus_plant",
          "clay",
          "clay_ball",
          "clock",
          "clownfish",
          "coal",
          "coal_block",
          "coal_ore",
          "cobblestone",
          "cobblestone_wall",
          "command_block",
          "command_block_minecart",
          "comparator",
          "compass",
          "composter",
          "concrete",
          "concretepowder",
          "conduit",
          "cooked_beef",
          "cooked_chicken",
          "cooked_fish",
          "cooked_porkchop",
          "cooked_rabbit",
          "cooked_salmon",
          "cookie",
          "coral",
          "coral_block",
          "coral_fan",
          "coral_fan_dead",
          "cracked_nether_bricks",
          "cracked_polished_blackstone_bricks",
          "crafting_table",
          "crimson_button",
          "crimson_door",
          "crimson_fence",
          "crimson_fence_gate",
          "crimson_fungus",
          "crimson_hyphae",
          "crimson_nylium",
          "crimson_planks",
          "crimson_pressure_plate",
          "crimson_roots",
          "crimson_sign",
          "crimson_slab",
          "crimson_stairs",
          "crimson_stem",
          "crimson_trapdoor",
          "crossbow",
          "crying_obsidian",
          "cyan_glazed_terracotta",
          "dark_oak_button",
          "dark_oak_door",
          "dark_oak_fence_gate",
          "dark_oak_pressure_plate",
          "dark_oak_stairs",
          "dark_oak_trapdoor",
          "dark_prismarine_stairs",
          "darkoak_sign",
          "daylight_detector",
          "deadbush",
          "detector_rail",
          "diamond",
          "diamond_axe",
          "diamond_block",
          "diamond_boots",
          "diamond_chestplate",
          "diamond_helmet",
          "diamond_hoe",
          "diamond_leggings",
          "diamond_ore",
          "diamond_pickaxe",
          "diamond_shovel",
          "diamond_sword",
          "diorite_stairs",
          "dirt",
          "dispenser",
          "double_plant",
          "dragon_breath",
          "dragon_egg",
          "dried_kelp",
          "dried_kelp_block",
          "dropper",
          "dye",
          "egg",
          "element_0",
          "element_1",
          "element_10",
          "element_100",
          "element_101",
          "element_102",
          "element_103",
          "element_104",
          "element_105",
          "element_106",
          "element_107",
          "element_108",
          "element_109",
          "element_11",
          "element_110",
          "element_111",
          "element_112",
          "element_113",
          "element_114",
          "element_115",
          "element_116",
          "element_117",
          "element_118",
          "element_12",
          "element_13",
          "element_14",
          "element_15",
          "element_16",
          "element_17",
          "element_18",
          "element_19",
          "element_2",
          "element_20",
          "element_21",
          "element_22",
          "element_23",
          "element_24",
          "element_25",
          "element_26",
          "element_27",
          "element_28",
          "element_29",
          "element_3",
          "element_30",
          "element_31",
          "element_32",
          "element_33",
          "element_34",
          "element_35",
          "element_36",
          "element_37",
          "element_38",
          "element_39",
          "element_4",
          "element_40",
          "element_41",
          "element_42",
          "element_43",
          "element_44",
          "element_45",
          "element_46",
          "element_47",
          "element_48",
          "element_49",
          "element_5",
          "element_50",
          "element_51",
          "element_52",
          "element_53",
          "element_54",
          "element_55",
          "element_56",
          "element_57",
          "element_58",
          "element_59",
          "element_6",
          "element_60",
          "element_61",
          "element_62",
          "element_63",
          "element_64",
          "element_65",
          "element_66",
          "element_67",
          "element_68",
          "element_69",
          "element_7",
          "element_70",
          "element_71",
          "element_72",
          "element_73",
          "element_74",
          "element_75",
          "element_76",
          "element_77",
          "element_78",
          "element_79",
          "element_8",
          "element_80",
          "element_81",
          "element_82",
          "element_83",
          "element_84",
          "element_85",
          "element_86",
          "element_87",
          "element_88",
          "element_89",
          "element_9",
          "element_90",
          "element_91",
          "element_92",
          "element_93",
          "element_94",
          "element_95",
          "element_96",
          "element_97",
          "element_98",
          "element_99",
          "elytra",
          "emerald",
          "emerald_block",
          "emerald_ore",
          "emptymap",
          "enchanted_book",
          "enchanting_table",
          "end_brick_stairs",
          "end_bricks",
          "end_crystal",
          "end_portal_frame",
          "end_rod",
          "monster_egg",
          "end_stone",
          "ender_chest",
          "ender_eye",
          "ender_pearl",
          "experience_bottle",
          "feather",
          "fence",
          "fence_gate",
          "fermented_spider_eye",
          "fireball",
          "fireworks",
          "fireworkscharge",
          "fish",
          "fishing_rod",
          "fletching_table",
          "flint",
          "flint_and_steel",
          "flower_pot",
          "frame",
          "furnace",
          "ghast_tear",
          "gilded_blackstone",
          "glass",
          "glass_bottle",
          "glass_pane",
          "glowstone",
          "glowstone_dust",
          "gold_block",
          "gold_ingot",
          "gold_nugget",
          "gold_ore",
          "golden_apple",
          "golden_axe",
          "golden_boots",
          "golden_carrot",
          "golden_chestplate",
          "golden_helmet",
          "golden_hoe",
          "golden_leggings",
          "golden_pickaxe",
          "golden_rail",
          "golden_shovel",
          "golden_sword",
          "granite_stairs",
          "grass",
          "grass_path",
          "gravel",
          "gray_glazed_terracotta",
          "green_glazed_terracotta",
          "grindstone",
          "gunpowder",
          "hardened_clay",
          "hay_block",
          "heart_of_the_sea",
          "heavy_weighted_pressure_plate",
          "honey_block",
          "honey_bottle",
          "honeycomb",
          "honeycomb_block",
          "hopper",
          "hopper_minecart",
          "horsearmordiamond",
          "horsearmorgold",
          "horsearmoriron",
          "horsearmorleather",
          "ice",
          "iron_axe",
          "iron_bars",
          "iron_block",
          "iron_boots",
          "iron_chestplate",
          "iron_door",
          "iron_helmet",
          "iron_hoe",
          "iron_ingot",
          "iron_leggings",
          "iron_nugget",
          "iron_ore",
          "iron_pickaxe",
          "iron_shovel",
          "iron_sword",
          "iron_trapdoor",
          "jukebox",
          "jungle_button",
          "jungle_door",
          "jungle_fence_gate",
          "jungle_pressure_plate",
          "jungle_sign",
          "jungle_stairs",
          "jungle_trapdoor",
          "kelp",
          "ladder",
          "lantern",
          "lapis_block",
          "lapis_ore",
          "lava",
          "lead",
          "leather",
          "leather_boots",
          "leather_chestplate",
          "leather_helmet",
          "leather_leggings",
          "leaves",
          "leaves2",
          "lectern",
          "lever",
          "light_blue_glazed_terracotta",
          "light_weighted_pressure_plate",
          "lime_glazed_terracotta",
          "lingering_potion",
          "lit_pumpkin",
          "lodestone",
          "log",
          "log2",
          "loom",
          "magenta_glazed_terracotta",
          "magma",
          "magma_cream",
          "melon",
          "melon_block",
          "melon_seeds",
          "minecart",
          "mob_spawner",
          "mossy_cobblestone",
          "mossy_cobblestone_stairs",
          "mossy_stone_brick_stairs",
          "mushroom_stew",
          "muttoncooked",
          "muttonraw",
          "mycelium",
          "name_tag",
          "nautilus_shell",
          "nether_brick",
          "nether_brick_fence",
          "nether_brick_stairs",
          "nether_gold_ore",
          "nether_sprouts",
          "nether_wart",
          "nether_wart_block",
          "netherbrick",
          "netherite_axe",
          "netherite_block",
          "netherite_boots",
          "netherite_chestplate",
          "netherite_helmet",
          "netherite_hoe",
          "netherite_ingot",
          "netherite_leggings",
          "netherite_pickaxe",
          "netherite_scrap",
          "netherite_shovel",
          "netherite_sword",
          "netherrack",
          "netherstar",
          "normal_stone_stairs",
          "noteblock",
          "oak_stairs",
          "observer",
          "obsidian",
          "orange_glazed_terracotta",
          "packed_ice",
          "painting",
          "paper",
          "phantom_membrane",
          "pink_glazed_terracotta",
          "piston",
          "planks",
          "podzol",
          "poisonous_potato",
          "polished_andesite_stairs",
          "polished_basalt",
          "polished_blackstone",
          "polished_blackstone_brick_slab",
          "polished_blackstone_brick_stairs",
          "polished_blackstone_brick_wall",
          "polished_blackstone_bricks",
          "polished_blackstone_button",
          "polished_blackstone_pressure_plate",
          "polished_blackstone_slab",
          "polished_blackstone_stairs",
          "polished_blackstone_wall",
          "polished_diorite_stairs",
          "polished_granite_stairs",
          "porkchop",
          "potato",
          "potion",
          "prismarine",
          "prismarine_bricks_stairs",
          "prismarine_crystals",
          "prismarine_shard",
          "prismarine_stairs",
          "pufferfish",
          "pumpkin",
          "pumpkin_pie",
          "pumpkin_seeds",
          "purple_glazed_terracotta",
          "purpur_block",
          "purpur_stairs",
          "quartz",
          "quartz_block",
          "quartz_bricks",
          "quartz_ore",
          "quartz_stairs",
          "rabbit",
          "rabbit_foot",
          "rabbit_hide",
          "rabbit_stew",
          "rail",
          "record_11",
          "record_13",
          "record_blocks",
          "record_cat",
          "record_chirp",
          "record_far",
          "record_mall",
          "record_mellohi",
          "record_pigstep",
          "record_stal",
          "record_strad",
          "record_wait",
          "record_ward",
          "red_flower",
          "red_glazed_terracotta",
          "red_mushroom",
          "red_mushroom_block",
          "red_nether_brick",
          "red_nether_brick_stairs",
          "red_sandstone",
          "red_sandstone_stairs",
          "redstone",
          "redstone_block",
          "redstone_lamp",
          "redstone_ore",
          "redstone_torch",
          "reeds",
          "repeater",
          "repeating_command_block",
          "respawn_anchor",
          "rotten_flesh",
          "saddle",
          "salmon",
          "sand",
          "sandstone",
          "sandstone_stairs",
          "sapling",
          "scaffolding",
          "sea_pickle",
          "seagrass",
          "sealantern",
          "shears",
          "shield",
          "shroomlight",
          "shulker_box",
          "shulker_shell",
          "sign",
          "silver_glazed_terracotta",
          "skull",
          "slime",
          "slime_ball",
          "smithing_table",
          "smoker",
          "smooth_quartz_stairs",
          "smooth_red_sandstone_stairs",
          "smooth_sandstone_stairs",
          "smooth_stone",
          "snow",
          "snow_layer",
          "snowball",
          "soul_campfire",
          "soul_lantern",
          "soul_sand",
          "soul_soil",
          "soul_torch",
          "spawn_egg",
          "speckled_melon",
          "spider_eye",
          "splash_potion",
          "sponge",
          "spruce_button",
          "spruce_door",
          "spruce_fence_gate",
          "spruce_pressure_plate",
          "spruce_sign",
          "spruce_stairs",
          "spruce_trapdoor",
          "stained_glass",
          "stained_glass_pane",
          "stained_hardened_clay",
          "stick",
          "sticky_piston",
          "stone",
          "stone_axe",
          "stone_brick_stairs",
          "stone_button",
          "stone_hoe",
          "stone_pickaxe",
          "stone_pressure_plate",
          "stone_shovel",
          "stone_slab",
          "stone_slab2",
          "stone_slab3",
          "stone_slab4",
          "stone_stairs",
          "stone_sword",
          "stonebrick",
          "stonecutter_block",
          "string",
          "stripped_acacia_log",
          "stripped_birch_log",
          "stripped_crimson_hyphae",
          "stripped_crimson_stem",
          "stripped_dark_oak_log",
          "stripped_jungle_log",
          "stripped_oak_log",
          "stripped_spruce_log",
          "stripped_warped_hyphae",
          "stripped_warped_stem",
          "structure_block",
          "sugar",
          "sweet_berries",
          "tallgrass",
          "target",
          "tnt",
          "tnt_minecart",
          "torch",
          "totem",
          "trapdoor",
          "trapped_chest",
          "trident",
          "tripwire_hook",
          "turtle_egg",
          "turtle_helmet",
          "turtle_shell_piece",
          "twisting_vines",
          "undyed_shulker_box",
          "vine",
          "warped_button",
          "warped_door",
          "warped_fence",
          "warped_fence_gate",
          "warped_fungus",
          "warped_fungus_on_a_stick",
          "warped_hyphae",
          "warped_nylium",
          "warped_planks",
          "warped_pressure_plate",
          "warped_roots",
          "warped_sign",
          "warped_slab",
          "warped_stairs",
          "warped_stem",
          "warped_trapdoor",
          "warped_wart_block",
          "water",
          "waterlily",
          "web",
          "weeping_vines",
          "wheat",
          "wheat_seeds",
          "white_glazed_terracotta",
          "wither_rose",
          "wood",
          "wooden_axe",
          "wooden_button",
          "wooden_door",
          "wooden_hoe",
          "wooden_pickaxe",
          "wooden_pressure_plate",
          "wooden_shovel",
          "wooden_slab",
          "wooden_sword",
          "wool",
          "writable_book",
          "written_book",
          "yellow_flower",
          "yellow_glazed_terracotta"
        ]
      }
    },
    "events": {
      "become_zombie": {
        "remove": {},
        "add": {
          "component_groups": [
            "minecraft:pig_transform"
          ]
        }
      },
      "minecraft:entity_spawned": {
        "sequence": [
          {
            "filters": {
              "test": "has_component",
              "operator": "!=",
              "value": "minecraft:variant"
            },
            "randomize": [
              {
                "weight": 5,
                "add": {
                  "component_groups": [
                    "baby"
                  ]
                }
              },
              {
                "weight": 95,
                "add": {
                  "component_groups": [
                    "adult"
                  ]
                }
              }
            ]
          }
        ]
      },
      "minecraft:entity_transformed": {
        "sequence": [
          {
            "filters": {
              "test": "has_component",
              "subject": "other",
              "value": "minecraft:is_baby"
            },
            "add": {
              "component_groups": [
                "baby"
              ]
            }
          },
          {
            "filters": {
              "test": "has_component",
              "subject": "other",
              "operator": "!=",
              "value": "minecraft:is_baby"
            },
            "add": {
              "component_groups": [
                "adult"
              ]
            }
          }
        ]
      },
      "minecraft:entity_born": {
        "sequence": [
          {
            "add": {
              "component_groups": [
                "baby"
              ]
            }
          }
        ]
      },
      "minecraft:ageable_grow_up": {
        "sequence": [
          {
            "remove": {
              "component_groups": [
                "baby"
              ]
            },
            "add": {
              "component_groups": [
                "adult"
              ]
            }
          }
        ]
      },
      "on:death": {
        "run_command": {
          "command": []
        }
      },
      "on:hurt": {
        "run_command": {
          "command": []
        }
      },
      "on:hurt_by_player": {
        "run_command": {
          "command": []
        }
      },
      "on:ignite": {
        "run_command": {
          "command": []
        }
      },
      "on:target_acquired": {
        "run_command": {
          "command": []
        }
      },
      "on:target_escape": {
        "run_command": {
          "command": []
        }
      },
      "on:wake_with_owner": {
        "run_command": {
          "command": []
        }
      }
    }
  }
}