{
  "format_version": "1.11",
  "minecraft:entity": {
    "description": {
      "identifier": "minecraft:player",
      "is_spawnable": false,
      "is_summonable": false,
      "is_experimental": false,
      "scripts": {
        "animate": [
          "walk",
          "armor:public",
          "item:future_devil",
          "armor:chainsaw_man1",
          "armor:knife",
          "armor:boom",
          "weapon:boom1",
          "item:chainsaw_man",
          "item:boom",
          "item:knife",
          "item:lash",
          "armor:lash",
          "armor:spear",
          "item:spear",
          "item:sword",
          "armor:sword",
          "weopon:spear1",
          "armor:soldier",
          "armor:pubilc_pants"
        ]
      },
      "animations": {
        "walk": "controller.animation.walk",
        "armor:public": "controller.animation.armor_public",
        "item:future_devil": "controller.animation.item_future_devil",
        "armor:chainsaw_man1": "controller.animation.armor_chainsaw_man1",
        "armor:knife": "controller.animation.armor_knife",
        "armor:boom": "controller.animation.armor_boom",
        "weapon:boom1": "controller.animation.weapon_boom1",
        "item:chainsaw_man": "controller.animation.item_chainsaw_man",
        "item:boom": "controller.animation.item_boom",
        "item:knife": "controller.animation.item_knife",
        "item:lash": "controller.animation.item_lash",
        "armor:lash": "controller.animation.armor_lash",
        "armor:spear": "controller.animation.armor_spear",
        "item:spear": "controller.animation.item_spear",
        "item:sword": "controller.animation.item_sword",
        "armor:sword": "controller.animation.armor_sword",
        "weopon:spear1": "controller.animation.weopon_spear1",
        "armor:soldier": "controller.animation.armor_soldier",
        "armor:pubilc_pants": "controller.animation.armor_pubilc_pants"
      }
    },
    "component_groups": {
      "pamobile:respawn": {
        "minecraft:mark_variant": {
          "value": 99999
        },
        "minecraft:health": {
          "value": 20,
          "max": 20
        },
        "minecraft:movement": {
          "value": 0.1
        },
        "minecraft:attack": {
          "damage": 1
        },
        "minecraft:spell_effects": {
          "remove_effects": [
            "fire_resistance",
            "resistance",
            "haste",
            "hunger",
            "jump_boost",
            "strength"
          ]
        }
      },
      "ammo:1": {
        "minecraft:mark_variant": {
          "value": 1
        }
      },
      "armor:public_event_play": {
        "minecraft:health": {
          "value": 22,
          "max": 22
        },
        "minecraft:movement": {
          "value": 0.1
        },
        "minecraft:spell_effects": {
          "add_effects": []
        }
      },
      "item:future_devil_event_play": {
        "minecraft:health": {
          "value": 22,
          "max": 22
        },
        "minecraft:movement": {
          "value": 0.1
        },
        "minecraft:spell_effects": {
          "add_effects": [
            {
              "effect": "fire_resistance",
              "duration": 60000,
              "amplifier": 1
            },
            {
              "effect": "resistance",
              "duration": 60000,
              "amplifier": 2
            }
          ]
        }
      },
      "armor:chainsaw_man1_event_play": {
        "minecraft:health": {
          "value": 52,
          "max": 52
        },
        "minecraft:movement": {
          "value": 0.13
        },
        "minecraft:spell_effects": {
          "add_effects": [
            {
              "effect": "haste",
              "duration": 60000,
              "amplifier": 2
            },
            {
              "effect": "hunger",
              "duration": 60000,
              "amplifier": 3
            },
            {
              "effect": "jump_boost",
              "duration": 60000,
              "amplifier": 2
            },
            {
              "effect": "resistance",
              "duration": 60000,
              "amplifier": 2
            },
            {
              "effect": "strength",
              "duration": 60000,
              "amplifier": 2
            }
          ]
        }
      },
      "armor:knife_event_play": {
        "minecraft:health": {
          "value": 52,
          "max": 52
        },
        "minecraft:movement": {
          "value": 0.2
        },
        "minecraft:spell_effects": {
          "add_effects": [
            {
              "effect": "haste",
              "duration": 60000,
              "amplifier": 2
            },
            {
              "effect": "jump_boost",
              "duration": 60000,
              "amplifier": 2
            },
            {
              "effect": "resistance",
              "duration": 60000,
              "amplifier": 2
            },
            {
              "effect": "strength",
              "duration": 60000,
              "amplifier": 2
            }
          ]
        }
      },
      "armor:boom_event_play": {
        "minecraft:health": {
          "value": 52,
          "max": 52
        },
        "minecraft:movement": {
          "value": 0.12
        },
        "minecraft:spell_effects": {
          "add_effects": [
            {
              "effect": "jump_boost",
              "duration": 60000,
              "amplifier": 2
            },
            {
              "effect": "strength",
              "duration": 60000,
              "amplifier": 3
            }
          ]
        }
      },
      "weapon:boom1_fire": {
        "minecraft:spawn_entity": [
          {
            "min_wait_time": 0,
            "max_wait_time": 0,
            "single_use": true,
            "spawn_entity": "weapon:boom1",
            "num_to_spawn": 1
          }
        ]
      },
      "item:chainsaw_man_fire": {
        "minecraft:spawn_entity": [
          {
            "min_wait_time": 0,
            "max_wait_time": 0,
            "single_use": true,
            "spawn_entity": "item:chainsaw_man",
            "num_to_spawn": 1
          }
        ]
      },
      "item:boom_fire": {
        "minecraft:spawn_entity": [
          {
            "min_wait_time": 0,
            "max_wait_time": 0,
            "single_use": true,
            "spawn_entity": "item:boom",
            "num_to_spawn": 1
          }
        ]
      },
      "item:knife_fire": {
        "minecraft:spawn_entity": [
          {
            "min_wait_time": 0,
            "max_wait_time": 0,
            "single_use": true,
            "spawn_entity": "item:knife",
            "num_to_spawn": 1
          }
        ]
      },
      "item:lash_fire": {
        "minecraft:spawn_entity": [
          {
            "min_wait_time": 0,
            "max_wait_time": 0,
            "single_use": true,
            "spawn_entity": "item:lash",
            "num_to_spawn": 1
          }
        ]
      },
      "armor:lash_event_play": {
        "minecraft:health": {
          "value": 52,
          "max": 52
        },
        "minecraft:movement": {
          "value": 0.2
        },
        "minecraft:spell_effects": {
          "add_effects": [
            {
              "effect": "haste",
              "duration": 60000,
              "amplifier": 2
            },
            {
              "effect": "jump_boost",
              "duration": 60000,
              "amplifier": 2
            },
            {
              "effect": "resistance",
              "duration": 60000,
              "amplifier": 2
            },
            {
              "effect": "strength",
              "duration": 60000,
              "amplifier": 2
            }
          ]
        }
      },
      "armor:spear_event_play": {
        "minecraft:health": {
          "value": 52,
          "max": 52
        },
        "minecraft:movement": {
          "value": 0.13
        },
        "minecraft:spell_effects": {
          "add_effects": [
            {
              "effect": "haste",
              "duration": 60000,
              "amplifier": 2
            },
            {
              "effect": "hunger",
              "duration": 60000,
              "amplifier": 3
            },
            {
              "effect": "jump_boost",
              "duration": 60000,
              "amplifier": 2
            },
            {
              "effect": "resistance",
              "duration": 60000,
              "amplifier": 2
            },
            {
              "effect": "strength",
              "duration": 60000,
              "amplifier": 2
            }
          ]
        }
      },
      "item:spear_fire": {
        "minecraft:spawn_entity": [
          {
            "min_wait_time": 0,
            "max_wait_time": 0,
            "single_use": true,
            "spawn_entity": "item:spear",
            "num_to_spawn": 1
          }
        ]
      },
      "item:sword_fire": {
        "minecraft:spawn_entity": [
          {
            "min_wait_time": 0,
            "max_wait_time": 0,
            "single_use": true,
            "spawn_entity": "item:sword",
            "num_to_spawn": 1
          }
        ]
      },
      "armor:sword_event_play": {
        "minecraft:health": {
          "value": 52,
          "max": 52
        },
        "minecraft:movement": {
          "value": 0.2
        },
        "minecraft:spell_effects": {
          "add_effects": [
            {
              "effect": "haste",
              "duration": 60000,
              "amplifier": 2
            },
            {
              "effect": "jump_boost",
              "duration": 60000,
              "amplifier": 2
            },
            {
              "effect": "resistance",
              "duration": 60000,
              "amplifier": 2
            },
            {
              "effect": "strength",
              "duration": 60000,
              "amplifier": 2
            }
          ]
        }
      },
      "weopon:spear1_fire": {
        "minecraft:spawn_entity": [
          {
            "min_wait_time": 0,
            "max_wait_time": 0,
            "single_use": true,
            "spawn_entity": "weopon:spear1",
            "num_to_spawn": 1
          }
        ]
      },
      "item:pocta": {
        "minecraft:health": {
          "value": 22,
          "max": 22
        },
        "minecraft:movement": {
          "value": 0.1
        },
        "minecraft:spell_effects": {
          "add_effects": []
        }
      },
      "armor:soldier_event_play": {
        "minecraft:health": {
          "value": 25,
          "max": 25
        },
        "minecraft:movement": {
          "value": 0.1
        },
        "minecraft:spell_effects": {
          "add_effects": []
        }
      },
      "armor:pubilc_pants_event_play": {
        "minecraft:health": {
          "value": 22,
          "max": 22
        },
        "minecraft:movement": {
          "value": 0.1
        },
        "minecraft:spell_effects": {
          "add_effects": []
        }
      },
      "item:zhifu": {
        "minecraft:health": {
          "value": 22,
          "max": 22
        },
        "minecraft:movement": {
          "value": 0.1
        },
        "minecraft:spell_effects": {
          "add_effects": []
        }
      },
      "item:tianzong": {
        "minecraft:health": {
          "value": 22,
          "max": 22
        },
        "minecraft:movement": {
          "value": 0.1
        },
        "minecraft:spell_effects": {
          "add_effects": []
        }
      }
    },
    "components": {
      "minecraft:type_family": {
        "family": [
          "player"
        ]
      },
      "minecraft:loot": {
        "table": "loot_tables/empty.json"
      },
      "minecraft:collision_box": {
        "width": 0.6,
        "height": 1.8
      },
      "minecraft:can_climb": {},
      "minecraft:movement": {
        "value": 0.1
      },
      "minecraft:environment_sensor": [
        {
          "on_environment": {
            "filters": {
              "any_of": [
                {
                  "test": "is_family",
                  "subject": "self",
                  "value": "player"
                }
              ]
            },
            "event": "pamobile:refresh_player"
          }
        },
        {
          "on_environment": {
            "filters": {
              "all_of": [
                {
                  "test": "has_equipment",
                  "subject": "self",
                  "domain": "hand",
                  "value": "armor:public"
                }
              ]
            },
            "event": "armor:public_event_hold"
          }
        },
        {
          "on_environment": {
            "filters": {
              "all_of": [
                {
                  "test": "has_equipment",
                  "subject": "self",
                  "domain": "head",
                  "value": "armor:public"
                }
              ]
            },
            "event": "armor:public_event_play"
          }
        },
        {
          "on_environment": {
            "filters": {
              "all_of": [
                {
                  "test": "has_equipment",
                  "subject": "self",
                  "domain": "hand",
                  "value": "item:future_devil"
                }
              ]
            },
            "event": "item:future_devil_event_hold"
          }
        },
        {
          "on_environment": {
            "filters": {
              "all_of": [
                {
                  "test": "has_equipment",
                  "subject": "self",
                  "domain": "head",
                  "value": "item:future_devil"
                }
              ]
            },
            "event": "item:future_devil_event_play"
          }
        },
        {
          "on_environment": {
            "filters": {
              "all_of": [
                {
                  "test": "has_equipment",
                  "subject": "self",
                  "domain": "hand",
                  "value": "armor:chainsaw_man1"
                }
              ]
            },
            "event": "armor:chainsaw_man1_event_hold"
          }
        },
        {
          "on_environment": {
            "filters": {
              "all_of": [
                {
                  "test": "has_equipment",
                  "subject": "self",
                  "domain": "head",
                  "value": "armor:chainsaw_man1"
                }
              ]
            },
            "event": "armor:chainsaw_man1_event_play"
          }
        },
        {
          "on_environment": {
            "filters": {
              "all_of": [
                {
                  "test": "has_equipment",
                  "subject": "self",
                  "domain": "hand",
                  "value": "armor:knife"
                }
              ]
            },
            "event": "armor:knife_event_hold"
          }
        },
        {
          "on_environment": {
            "filters": {
              "all_of": [
                {
                  "test": "has_equipment",
                  "subject": "self",
                  "domain": "head",
                  "value": "armor:knife"
                }
              ]
            },
            "event": "armor:knife_event_play"
          }
        },
        {
          "on_environment": {
            "filters": {
              "all_of": [
                {
                  "test": "has_equipment",
                  "subject": "self",
                  "domain": "hand",
                  "value": "armor:boom"
                }
              ]
            },
            "event": "armor:boom_event_hold"
          }
        },
        {
          "on_environment": {
            "filters": {
              "all_of": [
                {
                  "test": "has_equipment",
                  "subject": "self",
                  "domain": "head",
                  "value": "armor:boom"
                }
              ]
            },
            "event": "armor:boom_event_play"
          }
        },
        {
          "on_environment": {
            "filters": {
              "all_of": [
                {
                  "test": "has_equipment",
                  "subject": "self",
                  "domain": "hand",
                  "value": "weapon:boom1"
                },
                {
                  "test": "is_family",
                  "subject": "self",
                  "value": "player"
                }
              ]
            },
            "event": "ammo:1"
          }
        },
        {
          "on_environment": {
            "filters": {
              "all_of": [
                {
                  "test": "has_equipment",
                  "subject": "self",
                  "domain": "hand",
                  "value": "item:chainsaw_man"
                },
                {
                  "test": "is_family",
                  "subject": "self",
                  "value": "player"
                }
              ]
            },
            "event": "ammo:1"
          }
        },
        {
          "on_environment": {
            "filters": {
              "all_of": [
                {
                  "test": "has_equipment",
                  "subject": "self",
                  "domain": "hand",
                  "value": "item:boom"
                },
                {
                  "test": "is_family",
                  "subject": "self",
                  "value": "player"
                }
              ]
            },
            "event": "ammo:1"
          }
        },
        {
          "on_environment": {
            "filters": {
              "all_of": [
                {
                  "test": "has_equipment",
                  "subject": "self",
                  "domain": "hand",
                  "value": "item:knife"
                },
                {
                  "test": "is_family",
                  "subject": "self",
                  "value": "player"
                }
              ]
            },
            "event": "ammo:1"
          }
        },
        {
          "on_environment": {
            "filters": {
              "all_of": [
                {
                  "test": "has_equipment",
                  "subject": "self",
                  "domain": "hand",
                  "value": "item:lash"
                },
                {
                  "test": "is_family",
                  "subject": "self",
                  "value": "player"
                }
              ]
            },
            "event": "ammo:1"
          }
        },
        {
          "on_environment": {
            "filters": {
              "all_of": [
                {
                  "test": "has_equipment",
                  "subject": "self",
                  "domain": "hand",
                  "value": "armor:lash"
                }
              ]
            },
            "event": "armor:lash_event_hold"
          }
        },
        {
          "on_environment": {
            "filters": {
              "all_of": [
                {
                  "test": "has_equipment",
                  "subject": "self",
                  "domain": "head",
                  "value": "armor:lash"
                }
              ]
            },
            "event": "armor:lash_event_play"
          }
        },
        {
          "on_environment": {
            "filters": {
              "all_of": [
                {
                  "test": "has_equipment",
                  "subject": "self",
                  "domain": "hand",
                  "value": "armor:spear"
                }
              ]
            },
            "event": "armor:spear_event_hold"
          }
        },
        {
          "on_environment": {
            "filters": {
              "all_of": [
                {
                  "test": "has_equipment",
                  "subject": "self",
                  "domain": "head",
                  "value": "armor:spear"
                }
              ]
            },
            "event": "armor:spear_event_play"
          }
        },
        {
          "on_environment": {
            "filters": {
              "all_of": [
                {
                  "test": "has_equipment",
                  "subject": "self",
                  "domain": "hand",
                  "value": "item:spear"
                },
                {
                  "test": "is_family",
                  "subject": "self",
                  "value": "player"
                }
              ]
            },
            "event": "ammo:1"
          }
        },
        {
          "on_environment": {
            "filters": {
              "all_of": [
                {
                  "test": "has_equipment",
                  "subject": "self",
                  "domain": "hand",
                  "value": "item:sword"
                },
                {
                  "test": "is_family",
                  "subject": "self",
                  "value": "player"
                }
              ]
            },
            "event": "ammo:1"
          }
        },
        {
          "on_environment": {
            "filters": {
              "all_of": [
                {
                  "test": "has_equipment",
                  "subject": "self",
                  "domain": "hand",
                  "value": "armor:sword"
                }
              ]
            },
            "event": "armor:sword_event_hold"
          }
        },
        {
          "on_environment": {
            "filters": {
              "all_of": [
                {
                  "test": "has_equipment",
                  "subject": "self",
                  "domain": "head",
                  "value": "armor:sword"
                }
              ]
            },
            "event": "armor:sword_event_play"
          }
        },
        {
          "on_environment": {
            "filters": {
              "all_of": [
                {
                  "test": "has_equipment",
                  "subject": "self",
                  "domain": "hand",
                  "value": "weopon:spear1"
                },
                {
                  "test": "is_family",
                  "subject": "self",
                  "value": "player"
                }
              ]
            },
            "event": "ammo:1"
          }
        },
        {
          "on_environment": {
            "filters": {
              "all_of": [
                {
                  "test": "has_equipment",
                  "subject": "self",
                  "domain": "hand",
                  "value": "item:pocta"
                }
              ]
            },
            "event": "item:pocta_event"
          }
        },
        {
          "on_environment": {
            "filters": {
              "all_of": [
                {
                  "test": "has_equipment",
                  "subject": "self",
                  "domain": "hand",
                  "value": "armor:soldier"
                }
              ]
            },
            "event": "armor:soldier_event_hold"
          }
        },
        {
          "on_environment": {
            "filters": {
              "all_of": [
                {
                  "test": "has_equipment",
                  "subject": "self",
                  "domain": "head",
                  "value": "armor:soldier"
                }
              ]
            },
            "event": "armor:soldier_event_play"
          }
        },
        {
          "on_environment": {
            "filters": {
              "all_of": [
                {
                  "test": "has_equipment",
                  "subject": "self",
                  "domain": "hand",
                  "value": "armor:pubilc_pants"
                }
              ]
            },
            "event": "armor:pubilc_pants_event_hold"
          }
        },
        {
          "on_environment": {
            "filters": {
              "all_of": [
                {
                  "test": "has_equipment",
                  "subject": "self",
                  "domain": "head",
                  "value": "armor:pubilc_pants"
                }
              ]
            },
            "event": "armor:pubilc_pants_event_play"
          }
        },
        {
          "on_environment": {
            "filters": {
              "all_of": [
                {
                  "test": "has_equipment",
                  "subject": "self",
                  "domain": "hand",
                  "value": "item:zhifu"
                }
              ]
            },
            "event": "item:zhifu_event"
          }
        },
        {
          "on_environment": {
            "filters": {
              "all_of": [
                {
                  "test": "has_equipment",
                  "subject": "self",
                  "domain": "hand",
                  "value": "item:tianzong"
                }
              ]
            },
            "event": "item:tianzong_event"
          }
        }
      ],
      "minecraft:player.saturation": {
        "value": 20
      },
      "minecraft:player.exhaustion": {
        "value": 0,
        "max": 4
      },
      "minecraft:player.level": {
        "value": 0,
        "max": 24791
      },
      "minecraft:player.experience": {
        "value": 0,
        "max": 1
      },
      "minecraft:breathable": {
        "totalSupply": 15,
        "suffocateTime": -1,
        "inhaleTime": 3.75,
        "generatesBubbles": false
      },
      "minecraft:nameable": {
        "alwaysShow": true,
        "allowNameTagRenaming": false
      },
      "minecraft:physics": {},
      "minecraft:insomnia": {
        "days_until_insomnia": 3
      },
      "minecraft:rideable": {
        "seat_count": 2,
        "family_types": [
          "parrot_tame"
        ],
        "pull_in_entities": true,
        "seats": [
          {
            "position": [
              0.4,
              -0.15,
              0.04
            ],
            "min_rider_count": 0,
            "max_rider_count": 0,
            "lock_rider_rotation": 0
          },
          {
            "position": [
              -0.4,
              -0.15,
              0.04
            ],
            "min_rider_count": 1,
            "max_rider_count": 2,
            "lock_rider_rotation": 0
          }
        ]
      },
      "minecraft:scaffolding_climber": {}
    },
    "events": {
      "pamobile:refresh_player": {
        "add": {
          "component_groups": [
            "pamobile:respawn"
          ]
        },
        "remove": {
          "component_groups": [
            "armor:public_event_hold",
            "armor:public_event_play",
            "item:future_devil_event_hold",
            "item:future_devil_event_play",
            "armor:chainsaw_man1_event_hold",
            "armor:chainsaw_man1_event_play",
            "armor:knife_event_hold",
            "armor:knife_event_play",
            "armor:boom_event_hold",
            "armor:boom_event_play",
            "armor:lash_event_hold",
            "armor:lash_event_play",
            "armor:spear_event_hold",
            "armor:spear_event_play",
            "armor:sword_event_hold",
            "armor:sword_event_play",
            "item:pocta",
            "armor:soldier_event_hold",
            "armor:soldier_event_play",
            "armor:pubilc_pants_event_hold",
            "armor:pubilc_pants_event_play",
            "item:zhifu",
            "item:tianzong"
          ]
        }
      },
      "minecraft:entity_spawned": {
        "add": {
          "component_groups": [
            "pamobile:respawn"
          ]
        },
        "remove": {}
      },
      "ammo:1": {
        "remove": {
          "component_groups": [
            "ammo:1"
          ]
        },
        "add": {
          "component_groups": [
            "ammo:1"
          ]
        }
      },
      "ammo:2": {
        "remove": {
          "component_groups": [
            "ammo:2"
          ]
        },
        "add": {
          "component_groups": [
            "ammo:2"
          ]
        }
      },
      "armor:public_event_hold": {
        "add": {
          "component_groups": [
            "armor:public_event_hold"
          ]
        }
      },
      "armor:public_event_play": {
        "add": {
          "component_groups": [
            "armor:public_event_play"
          ]
        }
      },
      "item:future_devil_event_hold": {
        "add": {
          "component_groups": [
            "item:future_devil_event_hold"
          ]
        }
      },
      "item:future_devil_event_play": {
        "add": {
          "component_groups": [
            "item:future_devil_event_play"
          ]
        }
      },
      "armor:chainsaw_man1_event_hold": {
        "add": {
          "component_groups": [
            "armor:chainsaw_man1_event_hold"
          ]
        }
      },
      "armor:chainsaw_man1_event_play": {
        "add": {
          "component_groups": [
            "armor:chainsaw_man1_event_play"
          ]
        }
      },
      "armor:knife_event_hold": {
        "add": {
          "component_groups": [
            "armor:knife_event_hold"
          ]
        }
      },
      "armor:knife_event_play": {
        "add": {
          "component_groups": [
            "armor:knife_event_play"
          ]
        }
      },
      "armor:boom_event_hold": {
        "add": {
          "component_groups": [
            "armor:boom_event_hold"
          ]
        }
      },
      "armor:boom_event_play": {
        "add": {
          "component_groups": [
            "armor:boom_event_play"
          ]
        }
      },
      "weapon:boom1_fire": {
        "add": {
          "component_groups": [
            "weapon:boom1_fire"
          ]
        }
      },
      "item:chainsaw_man_fire": {
        "add": {
          "component_groups": [
            "item:chainsaw_man_fire"
          ]
        }
      },
      "item:boom_fire": {
        "add": {
          "component_groups": [
            "item:boom_fire"
          ]
        }
      },
      "item:knife_fire": {
        "add": {
          "component_groups": [
            "item:knife_fire"
          ]
        }
      },
      "item:lash_fire": {
        "add": {
          "component_groups": [
            "item:lash_fire"
          ]
        }
      },
      "armor:lash_event_hold": {
        "add": {
          "component_groups": [
            "armor:lash_event_hold"
          ]
        }
      },
      "armor:lash_event_play": {
        "add": {
          "component_groups": [
            "armor:lash_event_play"
          ]
        }
      },
      "armor:spear_event_hold": {
        "add": {
          "component_groups": [
            "armor:spear_event_hold"
          ]
        }
      },
      "armor:spear_event_play": {
        "add": {
          "component_groups": [
            "armor:spear_event_play"
          ]
        }
      },
      "item:spear_fire": {
        "add": {
          "component_groups": [
            "item:spear_fire"
          ]
        }
      },
      "item:sword_fire": {
        "add": {
          "component_groups": [
            "item:sword_fire"
          ]
        }
      },
      "armor:sword_event_hold": {
        "add": {
          "component_groups": [
            "armor:sword_event_hold"
          ]
        }
      },
      "armor:sword_event_play": {
        "add": {
          "component_groups": [
            "armor:sword_event_play"
          ]
        }
      },
      "weopon:spear1_fire": {
        "add": {
          "component_groups": [
            "weopon:spear1_fire"
          ]
        }
      },
      "item:pocta_event": {
        "add": {
          "component_groups": [
            "item:pocta"
          ]
        }
      },
      "armor:soldier_event_hold": {
        "add": {
          "component_groups": [
            "armor:soldier_event_hold"
          ]
        }
      },
      "armor:soldier_event_play": {
        "add": {
          "component_groups": [
            "armor:soldier_event_play"
          ]
        }
      },
      "armor:pubilc_pants_event_hold": {
        "add": {
          "component_groups": [
            "armor:pubilc_pants_event_hold"
          ]
        }
      },
      "armor:pubilc_pants_event_play": {
        "add": {
          "component_groups": [
            "armor:pubilc_pants_event_play"
          ]
        }
      },
      "item:zhifu_event": {
        "add": {
          "component_groups": [
            "item:zhifu"
          ]
        }
      },
      "item:tianzong_event": {
        "add": {
          "component_groups": [
            "item:tianzong"
          ]
        }
      }
    }
  }
}