{
  "entity_sounds": {
    "entities": {
      "entity:chainsaw": {
        "volume": 1.0,
        "pitch": [
          0.8,
          1.2
        ],
        "events": {
          "ambient": "mob.entity_chainsaw.idle",
          "death": "mob.entity_chainsaw.death",
          "death.to.zombie": "mob.entity_chainsaw.death",
          "haggle": "mob.entity_chainsaw.haggle",
          "haggle.no": "mob.entity_chainsaw.no",
          "haggle.yes": "mob.entity_chainsaw.yes",
          "hurt": "mob.entity_chainsaw.hit"
        }
      },
      "entity:power": {
        "volume": 1.0,
        "pitch": [
          0.8,
          1.2
        ],
        "events": {
          "ambient": "mob.entity_chainsaw.idle",
          "death": "mob.entity_chainsaw.death",
          "death.to.zombie": "mob.entity_chainsaw.death",
          "haggle": "mob.entity_chainsaw.haggle",
          "haggle.no": "mob.entity_chainsaw.no",
          "haggle.yes": "mob.entity_chainsaw.yes",
          "hurt": "mob.entity_chainsaw.hit"
        }
      },
      "entity:zcq": {
        "volume": 1.0,
        "pitch": [
          0.8,
          1.2
        ],
        "events": {
          "ambient": "mob.entity_chainsaw.idle",
          "death": "mob.entity_chainsaw.death",
          "death.to.zombie": "mob.entity_chainsaw.death",
          "haggle": "mob.entity_chainsaw.haggle",
          "haggle.no": "mob.entity_chainsaw.no",
          "haggle.yes": "mob.entity_chainsaw.yes",
          "hurt": "mob.entity_chainsaw.hit"
        }
      }
    }
  }
}