{
  "format_version": "1.12.0",
  "minecraft:geometry": [
    {
      "description": {
        "identifier": "geometry.armor_boom",
        "texture_width": 128,
        "texture_height": 128,
        "visible_bounds_width": 3,
        "visible_bounds_height": 3.5,
        "visible_bounds_offset": [
          0,
          1.25,
          0
        ]
      },
      "bones": [
        {
          "name": "head",
          "pivot": [
            0,
            24,
            0
          ],
          "cubes": [
            {
              "origin": [
                -4.0,
                23.6,
                -4.0
              ],
              "size": [
                8.0,
                8.0,
                8.0
              ],
              "uv": [
                0,
                16
              ],
              "inflate": 0
            },
            {
              "origin": [
                -4.0,
                23.6,
                -4.0
              ],
              "size": [
                8.0,
                8.0,
                8.0
              ],
              "uv": [
                0,
                0
              ],
              "inflate": 0.5
            },
            {
              "origin": [
                -5.0,
                28.0,
                -9.0
              ],
              "size": [
                10.0,
                4.0,
                5.0
              ],
              "uv": [
                27,
                11
              ],
              "inflate": 0
            },
            {
              "origin": [
                -5.0,
                26.0,
                -9.0
              ],
              "size": [
                10.0,
                2.0,
                2.0
              ],
              "uv": [
                57,
                16
              ],
              "inflate": 0
            },
            {
              "origin": [
                -5.0,
                23.0,
                -6.0
              ],
              "size": [
                10.0,
                2.0,
                2.0
              ],
              "uv": [
                24,
                20
              ],
              "inflate": 0
            },
            {
              "origin": [
                -4.0,
                24.0,
                4.0
              ],
              "size": [
                8.0,
                7.0,
                2.0
              ],
              "uv": [
                32,
                0
              ],
              "inflate": 0
            },
            {
              "origin": [
                -8.0,
                28.0,
                2.0
              ],
              "size": [
                4.0,
                1.0,
                1.0
              ],
              "pivot": [
                0.0,
                0.0,
                0.0
              ],
              "rotation": [
                -3.56463,
                54.92219,
                -4.35299
              ],
              "uv": [
                32,
                26
              ],
              "inflate": 0
            },
            {
              "origin": [
                -9.0,
                28.0,
                0.0
              ],
              "size": [
                4.0,
                1.0,
                1.0
              ],
              "pivot": [
                0.0,
                0.0,
                0.0
              ],
              "rotation": [
                -173.20985,
                72.40979,
                -174.95913
              ],
              "uv": [
                32,
                24
              ],
              "inflate": 0
            },
            {
              "origin": [
                -8.0,
                25.0,
                2.0
              ],
              "size": [
                4.0,
                1.0,
                1.0
              ],
              "pivot": [
                0.0,
                0.0,
                0.0
              ],
              "rotation": [
                0.0,
                50.0,
                0.0
              ],
              "uv": [
                32,
                9
              ],
              "inflate": 0
            },
            {
              "origin": [
                -9.0,
                25.0,
                -3.0
              ],
              "size": [
                4.0,
                1.0,
                1.0
              ],
              "pivot": [
                0.0,
                0.0,
                0.0
              ],
              "rotation": [
                0.0,
                122.5,
                0.0
              ],
              "uv": [
                24,
                0
              ],
              "inflate": 0
            },
            {
              "origin": [
                -2.0,
                26.0,
                6.0
              ],
              "size": [
                1.0,
                1.0,
                4.0
              ],
              "uv": [
                38,
                60
              ],
              "inflate": 0
            },
            {
              "origin": [
                1.0,
                26.0,
                6.0
              ],
              "size": [
                1.0,
                1.0,
                4.0
              ],
              "uv": [
                28,
                60
              ],
              "inflate": 0
            }
          ]
        }
      ]
    }
  ]
}