{
  "format_version": "1.12.0",
  "minecraft:geometry": [
    {
      "description": {
        "identifier": "geometry.armor_spear",
        "texture_width": 128,
        "texture_height": 128,
        "visible_bounds_width": 3,
        "visible_bounds_height": 3.5,
        "visible_bounds_offset": [
          0,
          1.25,
          0
        ]
      },
      "bones": [
        {
          "name": "head",
          "pivot": [
            0,
            24,
            0
          ],
          "cubes": [
            {
              "origin": [
                -4.0,
                23.6,
                -4.0
              ],
              "size": [
                8.0,
                8.0,
                8.0
              ],
              "uv": [
                32,
                27
              ],
              "inflate": 0
            },
            {
              "origin": [
                -4.0,
                23.6,
                -4.0
              ],
              "size": [
                8.0,
                8.0,
                8.0
              ],
              "uv": [
                0,
                27
              ],
              "inflate": 0.5
            },
            {
              "origin": [
                -5.0,
                28.0,
                -13.0
              ],
              "size": [
                10.0,
                3.0,
                20.0
              ],
              "uv": [
                0,
                0
              ],
              "inflate": 0
            }
          ]
        }
      ]
    }
  ]
}