{
  "format_version": "1.10.0",
  "geometry.armor_power": {
    "texturewidth": 128,
    "textureheight": 128,
    "visible_bounds_width": 2,
    "visible_bounds_height": 3,
    "visible_bounds_offset": [
      0,
      1.5,
      0
    ],
    "bones": [
      {
        "name": "waist",
        "pivot": [
          0,
          12,
          0
        ]
      },
      {
        "name": "body",
        "pivot": [
          0,
          11,
          0
        ],
        "parent": "waist"
      },
      {
        "name": "head",
        "pivot": [
          0,
          24,
          0
        ],
        "parent": "body"
      },
      {
        "name": "bone2",
        "pivot": [
          -2,
          37,
          0
        ],
        "cubes": [
          {
            "origin": [
              -3.6,
              32.2,
              -1.0
            ],
            "size": [
              2.0,
              2.6,
              2.0
            ],
            "uv": [
              30,
              0
            ],
            "inflate": 0
          },
          {
            "origin": [
              1.0,
              32.2,
              -1.0
            ],
            "size": [
              2.0,
              2.5,
              2.0
            ],
            "uv": [
              0,
              0
            ],
            "inflate": 0
          }
        ],
        "parent": "head"
      },
      {
        "name": "bone7",
        "parent": "head"
      },
      {
        "name": "bone6",
        "pivot": [
          -18,
          8,
          1
        ],
        "parent": "head",
        "rotation": [
          0,
          0,
          37.5
        ]
      },
      {
        "name": "bone5",
        "pivot": [
          2,
          12,
          -16
        ],
        "parent": "head",
        "rotation": [
          -45,
          0,
          0
        ]
      },
      {
        "name": "bone3",
        "pivot": [
          -2,
          36,
          0
        ],
        "cubes": [
          {
            "origin": [
              -0.79081,
              31.55233,
              -1.0
            ],
            "size": [
              1.4,
              1.4,
              2.0
            ],
            "uv": [
              25,
              14
            ],
            "inflate": 0
          },
          {
            "origin": [
              -4.0435,
              34.90502,
              -1.0
            ],
            "size": [
              1.5,
              1.4,
              2.0
            ],
            "uv": [
              0,
              5
            ],
            "inflate": 0
          }
        ],
        "parent": "head",
        "rotation": [
          0,
          0,
          -45
        ]
      }
    ]
  }
}