{
  "format_version": "1.12.0",
  "minecraft:geometry": [
    {
      "description": {
        "identifier": "geometry.armor_soldier",
        "texture_width": 128,
        "texture_height": 128,
        "visible_bounds_width": 3,
        "visible_bounds_height": 3.5,
        "visible_bounds_offset": [
          0,
          1.25,
          0
        ]
      },
      "bones": [
        {
          "name": "head",
          "pivot": [
            0,
            24,
            0
          ],
          "cubes": [
            {
              "origin": [
                -5.0,
                32.0,
                -6.0
              ],
              "size": [
                10.0,
                1.0,
                11.0
              ],
              "uv": [
                86,
                51
              ],
              "inflate": 0
            },
            {
              "origin": [
                -5.0,
                25.0,
                4.0
              ],
              "size": [
                10.0,
                7.0,
                1.0
              ],
              "uv": [
                106,
                64
              ],
              "inflate": 0
            },
            {
              "origin": [
                -5.0,
                28.0,
                -2.0
              ],
              "size": [
                1.0,
                5.0,
                3.0
              ],
              "pivot": [
                0.0,
                24.0,
                0.0
              ],
              "rotation": [
                -25.0,
                0.0,
                0.0
              ],
              "uv": [
                102,
                55
              ],
              "inflate": 0
            },
            {
              "origin": [
                4.0,
                28.0,
                -2.0
              ],
              "size": [
                1.0,
                5.0,
                3.0
              ],
              "pivot": [
                0.0,
                24.0,
                0.0
              ],
              "rotation": [
                -25.0,
                0.0,
                0.0
              ],
              "uv": [
                103,
                64
              ],
              "inflate": 0
            },
            {
              "origin": [
                -5.0,
                27.0,
                -4.0
              ],
              "size": [
                1.0,
                5.0,
                5.0
              ],
              "pivot": [
                0.0,
                24.0,
                0.0
              ],
              "rotation": [
                -25.0,
                0.0,
                0.0
              ],
              "uv": [
                89,
                67
              ],
              "inflate": 0
            },
            {
              "origin": [
                4.0,
                27.0,
                -4.0
              ],
              "size": [
                1.0,
                5.0,
                5.0
              ],
              "pivot": [
                0.0,
                24.0,
                0.0
              ],
              "rotation": [
                -25.0,
                0.0,
                0.0
              ],
              "uv": [
                101,
                56
              ],
              "inflate": 0
            },
            {
              "origin": [
                -5.0,
                28.0,
                -7.0
              ],
              "size": [
                1.0,
                2.0,
                3.0
              ],
              "pivot": [
                0.0,
                24.0,
                0.0
              ],
              "rotation": [
                -20.0,
                0.0,
                0.0
              ],
              "uv": [
                97,
                66
              ],
              "inflate": 0
            },
            {
              "origin": [
                4.0,
                28.0,
                -7.0
              ],
              "size": [
                1.0,
                2.0,
                3.0
              ],
              "pivot": [
                0.0,
                24.0,
                0.0
              ],
              "rotation": [
                -20.0,
                0.0,
                0.0
              ],
              "uv": [
                120,
                54
              ],
              "inflate": 0
            },
            {
              "origin": [
                -5.0,
                29.0,
                -7.0
              ],
              "size": [
                1.0,
                2.0,
                4.0
              ],
              "pivot": [
                0.0,
                24.0,
                0.0
              ],
              "rotation": [
                -20.0,
                0.0,
                0.0
              ],
              "uv": [
                101,
                62
              ],
              "inflate": 0
            },
            {
              "origin": [
                4.0,
                29.0,
                -7.0
              ],
              "size": [
                1.0,
                2.0,
                4.0
              ],
              "pivot": [
                0.0,
                24.0,
                0.0
              ],
              "rotation": [
                -20.0,
                0.0,
                0.0
              ],
              "uv": [
                92,
                51
              ],
              "inflate": 0
            },
            {
              "origin": [
                -5.0,
                27.0,
                -6.0
              ],
              "size": [
                1.0,
                4.0,
                4.0
              ],
              "pivot": [
                0.0,
                24.0,
                0.0
              ],
              "rotation": [
                -25.0,
                0.0,
                0.0
              ],
              "uv": [
                96,
                67
              ],
              "inflate": 0
            },
            {
              "origin": [
                4.0,
                27.0,
                -6.0
              ],
              "size": [
                1.0,
                4.0,
                4.0
              ],
              "pivot": [
                0.0,
                24.0,
                0.0
              ],
              "rotation": [
                -25.0,
                0.0,
                0.0
              ],
              "uv": [
                104,
                69
              ],
              "inflate": 0
            },
            {
              "origin": [
                -5.0,
                27.0,
                -6.0
              ],
              "size": [
                1.0,
                2.0,
                3.0
              ],
              "pivot": [
                0.0,
                24.0,
                0.0
              ],
              "rotation": [
                -12.5,
                0.0,
                0.0
              ],
              "uv": [
                100,
                75
              ],
              "inflate": 0
            },
            {
              "origin": [
                4.0,
                27.0,
                -6.0
              ],
              "size": [
                1.0,
                2.0,
                3.0
              ],
              "pivot": [
                0.0,
                24.0,
                0.0
              ],
              "rotation": [
                -12.5,
                0.0,
                0.0
              ],
              "uv": [
                96,
                70
              ],
              "inflate": 0
            },
            {
              "origin": [
                -5.0,
                26.0,
                -6.0
              ],
              "size": [
                1.0,
                5.0,
                5.0
              ],
              "pivot": [
                0.0,
                24.0,
                0.0
              ],
              "rotation": [
                -25.0,
                0.0,
                0.0
              ],
              "uv": [
                109,
                65
              ],
              "inflate": 0
            },
            {
              "origin": [
                4.0,
                26.0,
                -6.0
              ],
              "size": [
                1.0,
                5.0,
                5.0
              ],
              "pivot": [
                0.0,
                24.0,
                0.0
              ],
              "rotation": [
                -25.0,
                0.0,
                0.0
              ],
              "uv": [
                107,
                65
              ],
              "inflate": 0
            },
            {
              "origin": [
                -5.0,
                26.0,
                -2.0
              ],
              "size": [
                1.0,
                5.0,
                5.0
              ],
              "pivot": [
                0.0,
                24.0,
                0.0
              ],
              "rotation": [
                -17.5,
                0.0,
                0.0
              ],
              "uv": [
                103,
                70
              ],
              "inflate": 0
            },
            {
              "origin": [
                4.0,
                26.0,
                -2.0
              ],
              "size": [
                1.0,
                5.0,
                5.0
              ],
              "pivot": [
                0.0,
                24.0,
                0.0
              ],
              "rotation": [
                -17.5,
                0.0,
                0.0
              ],
              "uv": [
                104,
                78
              ],
              "inflate": 0
            },
            {
              "origin": [
                -5.0,
                26.0,
                -1.0
              ],
              "size": [
                1.0,
                3.0,
                5.0
              ],
              "pivot": [
                0.0,
                24.0,
                0.0
              ],
              "rotation": [
                -12.5,
                0.0,
                0.0
              ],
              "uv": [
                66,
                68
              ],
              "inflate": 0
            },
            {
              "origin": [
                4.0,
                26.0,
                -1.0
              ],
              "size": [
                1.0,
                3.0,
                5.0
              ],
              "pivot": [
                0.0,
                24.0,
                0.0
              ],
              "rotation": [
                -12.5,
                0.0,
                0.0
              ],
              "uv": [
                68,
                27
              ],
              "inflate": 0
            },
            {
              "origin": [
                -5.0,
                30.0,
                -6.0
              ],
              "size": [
                10.0,
                2.0,
                1.0
              ],
              "uv": [
                98,
                70
              ],
              "inflate": 0
            },
            {
              "origin": [
                -5.0,
                25.0,
                -6.0
              ],
              "size": [
                10.0,
                5.0,
                1.0
              ],
              "uv": [
                60,
                48
              ],
              "inflate": 0
            },
            {
              "origin": [
                -5.0,
                30.0,
                -7.0
              ],
              "size": [
                10.0,
                1.0,
                1.0
              ],
              "uv": [
                97,
                64
              ],
              "inflate": 0
            },
            {
              "origin": [
                5.0,
                30.0,
                -7.0
              ],
              "size": [
                1.0,
                1.0,
                2.0
              ],
              "uv": [
                100,
                64
              ],
              "inflate": 0
            },
            {
              "origin": [
                -6.0,
                30.0,
                -7.0
              ],
              "size": [
                1.0,
                1.0,
                2.0
              ],
              "uv": [
                104,
                63
              ],
              "inflate": 0
            },
            {
              "origin": [
                -5.0,
                28.0,
                -5.0
              ],
              "size": [
                1.0,
                4.0,
                2.0
              ],
              "uv": [
                113,
                66
              ],
              "inflate": 0
            },
            {
              "origin": [
                4.0,
                28.0,
                -5.0
              ],
              "size": [
                1.0,
                4.0,
                2.0
              ],
              "uv": [
                73,
                66
              ],
              "inflate": 0
            }
          ]
        }
      ]
    }
  ]
}