{
  "format_version": "1.12.0",
  "minecraft:geometry": [
    {
      "description": {
        "identifier": "geometry.armor_knife",
        "texture_width": 128,
        "texture_height": 128,
        "visible_bounds_width": 3,
        "visible_bounds_height": 3.5,
        "visible_bounds_offset": [
          0,
          1.25,
          0
        ]
      },
      "bones": [
        {
          "name": "rightArm",
          "pivot": [
            -5,
            22,
            0
          ],
          "cubes": [
            {
              "origin": [
                -7.0,
                1.0,
                -1.0
              ],
              "size": [
                1.0,
                11.0,
                2.0
              ],
              "uv": [
                61,
                32
              ],
              "inflate": 0
            }
          ]
        },
        {
          "name": "rightItem",
          "pivot": [
            -6,
            15,
            1
          ],
          "parent": "rightArm"
        },
        {
          "name": "leftArm",
          "pivot": [
            5,
            22,
            0
          ],
          "cubes": [
            {
              "origin": [
                6.0,
                1.0,
                -1.0
              ],
              "size": [
                1.0,
                11.0,
                2.0
              ],
              "uv": [
                16,
                60
              ],
              "inflate": 0
            }
          ]
        },
        {
          "name": "leftItem",
          "pivot": [
            6,
            15,
            1
          ],
          "parent": "leftArm"
        },
        {
          "name": "head",
          "pivot": [
            0,
            24,
            0
          ],
          "cubes": [
            {
              "origin": [
                -4.0,
                28.6,
                -4.0
              ],
              "size": [
                8.0,
                3.0,
                8.0
              ],
              "uv": [
                0,
                0
              ],
              "inflate": 0.5
            },
            {
              "origin": [
                0.0,
                29.0,
                -17.0
              ],
              "size": [
                2.0,
                1.0,
                13.0
              ],
              "uv": [
                19,
                19
              ],
              "inflate": 0
            },
            {
              "origin": [
                -1.0,
                29.0,
                -16.0
              ],
              "size": [
                1.0,
                1.0,
                12.0
              ],
              "uv": [
                24,
                33
              ],
              "inflate": 0
            },
            {
              "origin": [
                -2.0,
                29.0,
                -15.0
              ],
              "size": [
                1.0,
                1.0,
                11.0
              ],
              "uv": [
                36,
                16
              ],
              "inflate": 0
            }
          ]
        }
      ]
    }
  ]
}