{
	"format_version": "1.12.0",
	"minecraft:geometry": [
		{
			"description": {
				"identifier": "geometry.entity_gun_majin",
				"texture_width": 128,
				"texture_height": 128,
				"visible_bounds_width": 5,
				"visible_bounds_height": 5,
				"visible_bounds_offset": [0, 0.5, 0]
			},
			"bones": [
				{
					"name": "root",
					"pivot": [0, 0, 0]
				},
				{
					"name": "waist",
					"parent": "root",
					"pivot": [0, 12, 0]
				},
				{
					"name": "body",
					"parent": "waist",
					"pivot": [0, 12, 0],
					"cubes": [
						{"origin": [-4, 12, -2], "size": [8, 12, 4], "inflate": 0.25, "uv": [29, 30]}
					]
				},
				{
					"name": "rightArm",
					"parent": "body",
					"pivot": [-5, 22, 0],
					"cubes": [
						{"origin": [-8, 12, -2], "size": [4, 12, 4], "inflate": 0.25, "uv": [80, 44]}
					]
				},
				{
					"name": "rightItem",
					"parent": "rightArm",
					"pivot": [-6, 15, 1]
				},
				{
					"name": "leftArm",
					"parent": "body",
					"pivot": [5, 22, 0],
					"cubes": [
						{
							"origin": [6.0976, 14.5056, -1.8944],
							"size": [1.8944, 7.5776, 2.8416],
							"uv": {
								"north": {"uv": [0, 0], "uv_size": [2, 2]},
								"east": {"uv": [0, 0], "uv_size": [2, 2]},
								"south": {"uv": [0, 0], "uv_size": [2, 2]},
								"west": {"uv": [0, 0], "uv_size": [3.5, 6.5]},
								"up": {"uv": [2, 2], "uv_size": [-2, -2]},
								"down": {"uv": [128, 128], "uv_size": [-2, -2]}
							}
						},
						{
							"origin": [6.0976, 6.928, -1.4208],
							"size": [1.8944, 7.5776, 1.8944],
							"uv": {
								"north": {"uv": [19.5, 18], "uv_size": [-10.5, 20]},
								"east": {"uv": [0, 0], "uv_size": [2, 2]},
								"south": {"uv": [0, 0], "uv_size": [2, 2]},
								"west": {"uv": [73, 91], "uv_size": [3.5, 6.5]},
								"up": {"uv": [2, 5.5], "uv_size": [-2, -2]},
								"down": {"uv": [128, 128], "uv_size": [-2, -2]}
							}
						},
						{"origin": [4, 14, -2], "size": [2, 10, 4], "inflate": 0.25, "uv": [80, 44]}
					]
				},
				{
					"name": "leftItem",
					"parent": "leftArm",
					"pivot": [6, 15, 1]
				},
				{
					"name": "head",
					"parent": "body",
					"pivot": [0, 24, 0],
					"cubes": [
						{"origin": [-4, 23.6, -4], "size": [8, 8, 8], "uv": [0, 17]},
						{"origin": [-4, 23.6, -4], "size": [8, 8, 8], "inflate": 0.5, "uv": [77, 13.5]},
						{"origin": [-5, 32.1, -5], "size": [10, 0, 10], "uv": [83.5, 2.5]},
						{"origin": [4.51, 27.6, -5], "size": [0, 5, 10], "uv": [93, 56], "mirror": true},
						{"origin": [-4.51, 27.6, -5], "size": [0, 5, 10], "uv": [89, 51]},
						{"origin": [-4.49, 30.6, -4.51], "size": [9, 2, 0], "uv": [97, 48], "mirror": true},
						{"origin": [-4.51, 30.6, 4.5], "size": [9, 2, 0], "uv": [89, 87]},
						{
							"origin": [-2, 26, -12],
							"size": [1, 1, 8],
							"uv": {
								"north": {"uv": [0, 0], "uv_size": [1, 1]},
								"east": {"uv": [0, 0], "uv_size": [8, 1]},
								"south": {"uv": [0, 0], "uv_size": [1, 1]},
								"west": {"uv": [0, 0], "uv_size": [8, 1]},
								"up": {"uv": [1, 8], "uv_size": [-1, -8]},
								"down": {"uv": [1, 8], "uv_size": [-1, -8]}
							}
						},
						{
							"origin": [-2, 27, -12],
							"size": [4, 1, 8],
							"uv": {
								"north": {"uv": [0, 0], "uv_size": [4, 1]},
								"east": {"uv": [0, 0], "uv_size": [8, 1]},
								"south": {"uv": [0, 0], "uv_size": [4, 1]},
								"west": {"uv": [0, 0], "uv_size": [8, 1]},
								"up": {"uv": [4, 8], "uv_size": [-4, -8]},
								"down": {"uv": [4, 8], "uv_size": [-4, -8]}
							}
						},
						{
							"origin": [-2, 25, -12],
							"size": [4, 1, 8],
							"uv": {
								"north": {"uv": [0, 0], "uv_size": [4, 1]},
								"east": {"uv": [0, 0], "uv_size": [8, 1]},
								"south": {"uv": [0, 0], "uv_size": [4, 1]},
								"west": {"uv": [0, 0], "uv_size": [8, 1]},
								"up": {"uv": [4, 8], "uv_size": [-4, -8]},
								"down": {"uv": [4, 8], "uv_size": [-4, -8]}
							}
						},
						{
							"origin": [-1, 24, -11],
							"size": [2, 1, 7],
							"uv": {
								"north": {"uv": [0, 0], "uv_size": [2, 1]},
								"east": {"uv": [0, 0], "uv_size": [7, 1]},
								"south": {"uv": [0, 0], "uv_size": [2, 1]},
								"west": {"uv": [0, 0], "uv_size": [7, 1]},
								"up": {"uv": [2, 7], "uv_size": [-2, -7]},
								"down": {"uv": [2, 7], "uv_size": [-2, -7]}
							}
						},
						{
							"origin": [1, 26, -12],
							"size": [1, 1, 8],
							"uv": {
								"north": {"uv": [0, 0], "uv_size": [1, 1]},
								"east": {"uv": [0, 0], "uv_size": [8, 1]},
								"south": {"uv": [0, 0], "uv_size": [1, 1]},
								"west": {"uv": [0, 0], "uv_size": [8, 1]},
								"up": {"uv": [1, 8], "uv_size": [-1, -8]},
								"down": {"uv": [1, 8], "uv_size": [-1, -8]}
							}
						}
					]
				},
				{
					"name": "bone9",
					"parent": "head",
					"pivot": [0, 24, 0],
					"cubes": [
						{
							"origin": [-0.5, 30, -4],
							"size": [0.5, 5, 0.5],
							"pivot": [0, 24, 0],
							"rotation": [-45, 0, 0],
							"uv": {
								"north": {"uv": [53, 3], "uv_size": [0.5, 5]},
								"east": {"uv": [53, 8], "uv_size": [0.5, 5]},
								"south": {"uv": [54, 3], "uv_size": [0.5, 5]},
								"west": {"uv": [54, 8], "uv_size": [0.5, 5]},
								"up": {"uv": [57, 1], "uv_size": [0.5, 0.5]},
								"down": {"uv": [2, 57.5], "uv_size": [0.5, -0.5]}
							}
						},
						{
							"origin": [-0.5, 30, -3.8],
							"size": [0.5, 5, 1],
							"pivot": [0, 24, 0],
							"rotation": [-45, 0, 0],
							"uv": {
								"north": {"uv": [11, 54], "uv_size": [0.5, 5]},
								"east": {"uv": [44, 0], "uv_size": [1, 5]},
								"south": {"uv": [12, 54], "uv_size": [0.5, 5]},
								"west": {"uv": [44, 5], "uv_size": [1, 5]},
								"up": {"uv": [56, 25], "uv_size": [0.5, 1]},
								"down": {"uv": [56, 27], "uv_size": [0.5, -1]}
							}
						},
						{
							"origin": [-1, 30, -4.2],
							"size": [0.5, 5, 0.5],
							"pivot": [0, 24, 0],
							"rotation": [-44.56145, 2.05302, 7.10708],
							"uv": {
								"north": {"uv": [48, 54], "uv_size": [0.5, 5]},
								"east": {"uv": [49, 54], "uv_size": [0.5, 5]},
								"south": {"uv": [50, 54], "uv_size": [0.5, 5]},
								"west": {"uv": [51, 54], "uv_size": [0.5, 5]},
								"up": {"uv": [6, 57], "uv_size": [0.5, 0.5]},
								"down": {"uv": [7, 57.5], "uv_size": [0.5, -0.5]}
							}
						},
						{
							"origin": [-2.5, 30, -3.8],
							"size": [1, 5, 1],
							"pivot": [0, 24, 0],
							"rotation": [-44.56145, 12.05302, 7.10708],
							"uv": {
								"north": {"uv": [45, 0], "uv_size": [1, 5]},
								"east": {"uv": [45, 5], "uv_size": [1, 5]},
								"south": {"uv": [52, 0], "uv_size": [1, 5]},
								"west": {"uv": [52, 5], "uv_size": [1, 5]},
								"up": {"uv": [55, 23], "uv_size": [1, 1]},
								"down": {"uv": [24, 56], "uv_size": [1, -1]}
							}
						},
						{
							"origin": [0.8, 30, -3.7],
							"size": [1, 5, 1],
							"pivot": [0, 24, 0],
							"rotation": [-44.56145, -12.05302, -7.10708],
							"uv": {
								"north": {"uv": [8, 52], "uv_size": [1, 5]},
								"east": {"uv": [9, 52], "uv_size": [1, 5]},
								"south": {"uv": [10, 52], "uv_size": [1, 5]},
								"west": {"uv": [52, 10], "uv_size": [1, 5]},
								"up": {"uv": [55, 24], "uv_size": [1, 1]},
								"down": {"uv": [25, 56], "uv_size": [1, -1]}
							}
						},
						{
							"origin": [0.4, 30, -4],
							"size": [0.5, 5, 0.5],
							"pivot": [0, 24, 0],
							"rotation": [-44.56145, -7.05302, -7.10708],
							"uv": {
								"north": {"uv": [44, 54], "uv_size": [0.5, 5]},
								"east": {"uv": [45, 54], "uv_size": [0.5, 5]},
								"south": {"uv": [46, 54], "uv_size": [0.5, 5]},
								"west": {"uv": [47, 54], "uv_size": [0.5, 5]},
								"up": {"uv": [57, 4], "uv_size": [0.5, 0.5]},
								"down": {"uv": [5, 57.5], "uv_size": [0.5, -0.5]}
							}
						},
						{
							"origin": [0.4, 30, -4],
							"size": [0.5, 5, 0.5],
							"pivot": [0, 24, 0],
							"rotation": [-44.56145, -2.05302, -7.10708],
							"uv": {
								"north": {"uv": [13, 54], "uv_size": [0.5, 5]},
								"east": {"uv": [54, 17], "uv_size": [0.5, 5]},
								"south": {"uv": [54, 22], "uv_size": [0.5, 5]},
								"west": {"uv": [54, 27], "uv_size": [0.5, 5]},
								"up": {"uv": [57, 2], "uv_size": [0.5, 0.5]},
								"down": {"uv": [3, 57.5], "uv_size": [0.5, -0.5]}
							}
						},
						{
							"origin": [0.4, 30, -3.9],
							"size": [0.5, 5, 0.5],
							"pivot": [0, 24, 0],
							"rotation": [-44.56145, 0.44698, -7.10708],
							"uv": {
								"north": {"uv": [40, 54], "uv_size": [0.5, 5]},
								"east": {"uv": [41, 54], "uv_size": [0.5, 5]},
								"south": {"uv": [42, 54], "uv_size": [0.5, 5]},
								"west": {"uv": [43, 54], "uv_size": [0.5, 5]},
								"up": {"uv": [57, 3], "uv_size": [0.5, 0.5]},
								"down": {"uv": [4, 57.5], "uv_size": [0.5, -0.5]}
							}
						},
						{
							"origin": [-1.3, 30, -4.1],
							"size": [0.5, 5, 0.5],
							"pivot": [0, 24, 0],
							"rotation": [-44.56145, -0.44698, 7.10708],
							"uv": {
								"north": {"uv": [52, 54], "uv_size": [0.5, 5]},
								"east": {"uv": [53, 54], "uv_size": [0.5, 5]},
								"south": {"uv": [54, 54], "uv_size": [0.5, 5]},
								"west": {"uv": [0, 55], "uv_size": [0.5, 5]},
								"up": {"uv": [8, 57], "uv_size": [0.5, 0.5]},
								"down": {"uv": [9, 57.5], "uv_size": [0.5, -0.5]}
							}
						},
						{
							"origin": [-1.2, 31.2, -3.4],
							"size": [2, 2, 2],
							"pivot": [0, 24, 0],
							"rotation": [-37.5, 0, 0],
							"uv": {
								"north": {"uv": [16.5, 20], "uv_size": [0, 6]},
								"east": {"uv": [98.5, 26.5], "uv_size": [2, 2]},
								"south": {"uv": [34, 22], "uv_size": [2, 2]},
								"west": {"uv": [36, 22], "uv_size": [2, 2]},
								"up": {"uv": [38, 22], "uv_size": [2, 2]},
								"down": {"uv": [40, 24], "uv_size": [2, -2]}
							}
						}
					]
				},
				{
					"name": "rightLeg",
					"parent": "waist",
					"pivot": [-1.9, 12, 0],
					"cubes": [
						{"origin": [-3.9, 0, -2], "size": [4, 12, 4], "inflate": 0.25, "uv": [27.5, 87]}
					]
				},
				{
					"name": "leftLeg",
					"parent": "waist",
					"pivot": [1.9, 12, 0],
					"cubes": [
						{"origin": [-0.1, 0, -2], "size": [4, 12, 4], "inflate": 0.25, "uv": [0, 98]}
					]
				}
			]
		}
	]
}