{
  "format_version": "1.12.0",
  "minecraft:geometry": [
    {
      "description": {
        "identifier": "geometry.entity_tomato_devil",
        "texture_width": 128,
        "texture_height": 128,
        "visible_bounds_width": 3,
        "visible_bounds_height": 3.5,
        "visible_bounds_offset": [
          0,
          1.25,
          0
        ]
      },
      "bones": [
        {
          "name": "bb_main",
          "cubes": [
            {
              "origin": [
                -1.0,
                0.0,
                -5.0
              ],
              "size": [
                2.0,
                9.0,
                2.0
              ],
              "uv": [
                58,
                53
              ],
              "inflate": 0
            },
            {
              "origin": [
                4.0,
                0.0,
                -5.0
              ],
              "size": [
                2.0,
                9.0,
                2.0
              ],
              "pivot": [
                0.0,
                0.0,
                0.0
              ],
              "rotation": [
                0.0,
                -20.0,
                0.0
              ],
              "uv": [
                32,
                56
              ],
              "inflate": 0
            },
            {
              "origin": [
                2.0,
                0.0,
                -5.0
              ],
              "size": [
                2.0,
                9.0,
                2.0
              ],
              "uv": [
                100,
                77
              ],
              "inflate": 0
            },
            {
              "origin": [
                6.0,
                0.0,
                1.0
              ],
              "size": [
                2.0,
                9.0,
                2.0
              ],
              "uv": [
                98,
                73
              ],
              "inflate": 0
            },
            {
              "origin": [
                -8.0,
                0.0,
                1.0
              ],
              "size": [
                2.0,
                9.0,
                2.0
              ],
              "uv": [
                105,
                69
              ],
              "inflate": 0
            },
            {
              "origin": [
                6.0,
                0.0,
                4.0
              ],
              "size": [
                2.0,
                9.0,
                2.0
              ],
              "uv": [
                98,
                66
              ],
              "inflate": 0
            },
            {
              "origin": [
                -8.0,
                0.0,
                4.0
              ],
              "size": [
                2.0,
                9.0,
                2.0
              ],
              "uv": [
                103,
                63
              ],
              "inflate": 0
            },
            {
              "origin": [
                -8.0,
                0.0,
                6.0
              ],
              "size": [
                2.0,
                9.0,
                2.0
              ],
              "pivot": [
                0.0,
                0.0,
                0.0
              ],
              "rotation": [
                0.0,
                12.5,
                0.0
              ],
              "uv": [
                50,
                55
              ],
              "inflate": 0
            },
            {
              "origin": [
                -11.0,
                5.0,
                6.0
              ],
              "size": [
                2.0,
                9.0,
                2.0
              ],
              "pivot": [
                0.0,
                0.0,
                0.0
              ],
              "rotation": [
                4.8493,
                11.53486,
                22.99008
              ],
              "uv": [
                50,
                55
              ],
              "inflate": 0
            },
            {
              "origin": [
                -10.0,
                0.0,
                6.0
              ],
              "size": [
                2.0,
                1.0,
                2.0
              ],
              "pivot": [
                0.0,
                0.0,
                0.0
              ],
              "rotation": [
                0.0,
                12.5,
                0.0
              ],
              "uv": [
                92,
                80
              ],
              "inflate": 0
            },
            {
              "origin": [
                7.0,
                0.0,
                6.0
              ],
              "size": [
                2.0,
                9.0,
                2.0
              ],
              "pivot": [
                0.0,
                0.0,
                0.0
              ],
              "rotation": [
                0.0,
                -12.5,
                0.0
              ],
              "uv": [
                101,
                68
              ],
              "inflate": 0
            },
            {
              "origin": [
                -1.0,
                0.0,
                0.0
              ],
              "size": [
                2.0,
                9.0,
                2.0
              ],
              "uv": [
                50,
                0
              ],
              "inflate": 0
            },
            {
              "origin": [
                -4.0,
                0.0,
                -5.0
              ],
              "size": [
                2.0,
                9.0,
                2.0
              ],
              "uv": [
                58,
                0
              ],
              "inflate": 0
            },
            {
              "origin": [
                -2.0,
                0.0,
                7.0
              ],
              "size": [
                2.0,
                9.0,
                2.0
              ],
              "uv": [
                58,
                0
              ],
              "inflate": 0
            },
            {
              "origin": [
                1.0,
                0.0,
                7.0
              ],
              "size": [
                2.0,
                9.0,
                2.0
              ],
              "uv": [
                58,
                0
              ],
              "inflate": 0
            },
            {
              "origin": [
                -2.0,
                6.0,
                9.0
              ],
              "size": [
                2.0,
                9.0,
                2.0
              ],
              "pivot": [
                0.0,
                0.0,
                0.0
              ],
              "rotation": [
                15.0,
                0.0,
                0.0
              ],
              "uv": [
                58,
                0
              ],
              "inflate": 0
            },
            {
              "origin": [
                1.0,
                6.0,
                9.0
              ],
              "size": [
                2.0,
                9.0,
                2.0
              ],
              "pivot": [
                0.0,
                0.0,
                0.0
              ],
              "rotation": [
                15.0,
                0.0,
                0.0
              ],
              "uv": [
                58,
                0
              ],
              "inflate": 0
            },
            {
              "origin": [
                -2.0,
                0.0,
                9.0
              ],
              "size": [
                2.0,
                1.0,
                2.0
              ],
              "uv": [
                58,
                0
              ],
              "inflate": 0
            },
            {
              "origin": [
                1.0,
                0.0,
                9.0
              ],
              "size": [
                2.0,
                1.0,
                2.0
              ],
              "uv": [
                58,
                0
              ],
              "inflate": 0
            },
            {
              "origin": [
                -7.0,
                0.0,
                -5.0
              ],
              "size": [
                2.0,
                9.0,
                2.0
              ],
              "pivot": [
                0.0,
                0.0,
                0.0
              ],
              "rotation": [
                0.0,
                15.0,
                0.0
              ],
              "uv": [
                58,
                0
              ],
              "inflate": 0
            },
            {
              "origin": [
                -1.0,
                6.0,
                -8.0
              ],
              "size": [
                2.0,
                6.0,
                2.0
              ],
              "pivot": [
                0.0,
                0.0,
                0.0
              ],
              "rotation": [
                -22.5,
                0.0,
                0.0
              ],
              "uv": [
                32,
                67
              ],
              "inflate": 0
            },
            {
              "origin": [
                2.0,
                6.0,
                -8.0
              ],
              "size": [
                2.0,
                6.0,
                2.0
              ],
              "pivot": [
                0.0,
                0.0,
                0.0
              ],
              "rotation": [
                -22.5,
                0.0,
                0.0
              ],
              "uv": [
                66,
                24
              ],
              "inflate": 0
            },
            {
              "origin": [
                1.0,
                5.0,
                -11.0
              ],
              "size": [
                2.0,
                6.0,
                2.0
              ],
              "pivot": [
                0.0,
                0.0,
                0.0
              ],
              "rotation": [
                131.4188,
                -89.12563,
                -155.59184
              ],
              "uv": [
                66,
                24
              ],
              "inflate": 0
            },
            {
              "origin": [
                4.0,
                5.0,
                -11.0
              ],
              "size": [
                2.0,
                6.0,
                2.0
              ],
              "pivot": [
                0.0,
                0.0,
                0.0
              ],
              "rotation": [
                131.4188,
                -89.12563,
                -155.59184
              ],
              "uv": [
                66,
                24
              ],
              "inflate": 0
            },
            {
              "origin": [
                4.0,
                5.0,
                9.0
              ],
              "size": [
                2.0,
                6.0,
                2.0
              ],
              "pivot": [
                0.0,
                0.0,
                0.0
              ],
              "rotation": [
                178.9188,
                -89.12563,
                -155.59184
              ],
              "uv": [
                66,
                24
              ],
              "inflate": 0
            },
            {
              "origin": [
                1.0,
                5.0,
                9.0
              ],
              "size": [
                2.0,
                6.0,
                2.0
              ],
              "pivot": [
                0.0,
                0.0,
                0.0
              ],
              "rotation": [
                178.9188,
                -89.12563,
                -155.59184
              ],
              "uv": [
                66,
                24
              ],
              "inflate": 0
            },
            {
              "origin": [
                6.0,
                4.0,
                -12.0
              ],
              "size": [
                2.0,
                6.0,
                2.0
              ],
              "pivot": [
                0.0,
                0.0,
                0.0
              ],
              "rotation": [
                148.63222,
                -74.63421,
                -171.90734
              ],
              "uv": [
                66,
                24
              ],
              "inflate": 0
            },
            {
              "origin": [
                4.0,
                6.0,
                -8.0
              ],
              "size": [
                2.0,
                6.0,
                2.0
              ],
              "pivot": [
                0.0,
                0.0,
                0.0
              ],
              "rotation": [
                -22.29044,
                -21.33451,
                0.65351
              ],
              "uv": [
                66,
                16
              ],
              "inflate": 0
            },
            {
              "origin": [
                -4.0,
                6.0,
                -8.0
              ],
              "size": [
                2.0,
                6.0,
                2.0
              ],
              "pivot": [
                0.0,
                0.0,
                0.0
              ],
              "rotation": [
                -22.5,
                0.0,
                0.0
              ],
              "uv": [
                66,
                47
              ],
              "inflate": 0
            },
            {
              "origin": [
                -7.0,
                6.0,
                -8.0
              ],
              "size": [
                2.0,
                6.0,
                2.0
              ],
              "pivot": [
                0.0,
                0.0,
                0.0
              ],
              "rotation": [
                -27.41673,
                10.1933,
                -1.519
              ],
              "uv": [
                66,
                47
              ],
              "inflate": 0
            },
            {
              "origin": [
                2.0,
                0.0,
                -7.0
              ],
              "size": [
                2.0,
                1.0,
                2.0
              ],
              "uv": [
                8,
                73
              ],
              "inflate": 0
            },
            {
              "origin": [
                8.0,
                0.0,
                4.0
              ],
              "size": [
                2.0,
                1.0,
                2.0
              ],
              "uv": [
                102,
                71
              ],
              "inflate": 0
            },
            {
              "origin": [
                -10.0,
                0.0,
                4.0
              ],
              "size": [
                2.0,
                1.0,
                2.0
              ],
              "uv": [
                99,
                75
              ],
              "inflate": 0
            },
            {
              "origin": [
                -10.0,
                0.0,
                1.0
              ],
              "size": [
                2.0,
                1.0,
                2.0
              ],
              "uv": [
                98,
                78
              ],
              "inflate": 0
            },
            {
              "origin": [
                9.0,
                0.0,
                6.0
              ],
              "size": [
                2.0,
                1.0,
                2.0
              ],
              "pivot": [
                0.0,
                0.0,
                0.0
              ],
              "rotation": [
                0.0,
                -12.5,
                0.0
              ],
              "uv": [
                104,
                76
              ],
              "inflate": 0
            },
            {
              "origin": [
                8.0,
                0.0,
                1.0
              ],
              "size": [
                2.0,
                1.0,
                2.0
              ],
              "uv": [
                111,
                68
              ],
              "inflate": 0
            },
            {
              "origin": [
                4.0,
                0.0,
                -7.0
              ],
              "size": [
                2.0,
                1.0,
                2.0
              ],
              "pivot": [
                0.0,
                0.0,
                0.0
              ],
              "rotation": [
                0.0,
                -20.0,
                0.0
              ],
              "uv": [
                52,
                72
              ],
              "inflate": 0
            },
            {
              "origin": [
                -1.0,
                0.0,
                -7.0
              ],
              "size": [
                2.0,
                1.0,
                2.0
              ],
              "uv": [
                72,
                63
              ],
              "inflate": 0
            },
            {
              "origin": [
                -4.0,
                0.0,
                -7.0
              ],
              "size": [
                2.0,
                1.0,
                2.0
              ],
              "uv": [
                0,
                73
              ],
              "inflate": 0
            },
            {
              "origin": [
                -7.0,
                0.0,
                -7.0
              ],
              "size": [
                2.0,
                1.0,
                2.0
              ],
              "pivot": [
                0.0,
                0.0,
                0.0
              ],
              "rotation": [
                0.0,
                15.0,
                0.0
              ],
              "uv": [
                0,
                73
              ],
              "inflate": 0
            },
            {
              "origin": [
                -8.0,
                13.0,
                -5.0
              ],
              "size": [
                17.0,
                17.0,
                16.0
              ],
              "uv": [
                0,
                0
              ],
              "inflate": 0
            },
            {
              "origin": [
                -10.0,
                22.0,
                -6.0
              ],
              "size": [
                4.0,
                4.0,
                1.0
              ],
              "pivot": [
                0.0,
                0.0,
                0.0
              ],
              "rotation": [
                0.0,
                0.0,
                12.5
              ],
              "uv": [
                20,
                71
              ],
              "inflate": 0
            },
            {
              "origin": [
                7.0,
                14.0,
                -6.0
              ],
              "size": [
                4.0,
                4.0,
                1.0
              ],
              "pivot": [
                0.0,
                0.0,
                0.0
              ],
              "rotation": [
                0.0,
                0.0,
                -10.0
              ],
              "uv": [
                64,
                70
              ],
              "inflate": 0
            },
            {
              "origin": [
                1.0,
                26.0,
                -6.0
              ],
              "size": [
                4.0,
                4.0,
                1.0
              ],
              "pivot": [
                0.0,
                0.0,
                0.0
              ],
              "rotation": [
                0.0,
                0.0,
                7.5
              ],
              "uv": [
                68,
                42
              ],
              "inflate": 0
            },
            {
              "origin": [
                4.0,
                19.0,
                -6.0
              ],
              "size": [
                4.0,
                4.0,
                1.0
              ],
              "pivot": [
                0.0,
                0.0,
                0.0
              ],
              "rotation": [
                0.0,
                0.0,
                -10.0
              ],
              "uv": [
                68,
                37
              ],
              "inflate": 0
            },
            {
              "origin": [
                4.0,
                19.0,
                11.0
              ],
              "size": [
                4.0,
                4.0,
                1.0
              ],
              "pivot": [
                0.0,
                0.0,
                0.0
              ],
              "rotation": [
                0.0,
                0.0,
                -10.0
              ],
              "uv": [
                10,
                68
              ],
              "inflate": 0
            },
            {
              "origin": [
                -9.0,
                15.0,
                11.0
              ],
              "size": [
                4.0,
                4.0,
                1.0
              ],
              "pivot": [
                0.0,
                0.0,
                0.0
              ],
              "rotation": [
                0.0,
                0.0,
                10.0
              ],
              "uv": [
                50,
                11
              ],
              "inflate": 0
            },
            {
              "origin": [
                -13.0,
                23.0,
                11.0
              ],
              "size": [
                4.0,
                4.0,
                1.0
              ],
              "pivot": [
                0.0,
                0.0,
                0.0
              ],
              "rotation": [
                0.0,
                0.0,
                17.5
              ],
              "uv": [
                0,
                68
              ],
              "inflate": 0
            },
            {
              "origin": [
                8.0,
                24.0,
                11.0
              ],
              "size": [
                4.0,
                4.0,
                1.0
              ],
              "pivot": [
                0.0,
                0.0,
                0.0
              ],
              "rotation": [
                0.0,
                0.0,
                -10.0
              ],
              "uv": [
                66,
                55
              ],
              "inflate": 0
            },
            {
              "origin": [
                -4.0,
                17.0,
                -6.0
              ],
              "size": [
                4.0,
                4.0,
                1.0
              ],
              "pivot": [
                0.0,
                0.0,
                0.0
              ],
              "rotation": [
                0.0,
                0.0,
                -5.0
              ],
              "uv": [
                68,
                32
              ],
              "inflate": 0
            },
            {
              "origin": [
                -9.0,
                17.0,
                -1.0
              ],
              "size": [
                3.0,
                4.0,
                4.0
              ],
              "pivot": [
                0.0,
                0.0,
                0.0
              ],
              "rotation": [
                10.0,
                0.0,
                0.0
              ],
              "uv": [
                14,
                41
              ],
              "inflate": 0
            },
            {
              "origin": [
                -9.0,
                23.0,
                -7.0
              ],
              "size": [
                3.0,
                4.0,
                4.0
              ],
              "pivot": [
                0.0,
                0.0,
                0.0
              ],
              "rotation": [
                -12.5,
                0.0,
                0.0
              ],
              "uv": [
                0,
                41
              ],
              "inflate": 0
            },
            {
              "origin": [
                7.0,
                18.0,
                9.0
              ],
              "size": [
                3.0,
                4.0,
                4.0
              ],
              "pivot": [
                0.0,
                0.0,
                0.0
              ],
              "rotation": [
                15.0,
                0.0,
                0.0
              ],
              "uv": [
                14,
                33
              ],
              "inflate": 0
            },
            {
              "origin": [
                7.0,
                15.0,
                4.0
              ],
              "size": [
                3.0,
                4.0,
                4.0
              ],
              "pivot": [
                0.0,
                0.0,
                0.0
              ],
              "rotation": [
                -2.5,
                0.0,
                0.0
              ],
              "uv": [
                0,
                0
              ],
              "inflate": 0
            },
            {
              "origin": [
                7.0,
                18.0,
                -2.0
              ],
              "size": [
                3.0,
                4.0,
                4.0
              ],
              "pivot": [
                0.0,
                0.0,
                0.0
              ],
              "rotation": [
                2.5,
                0.0,
                0.0
              ],
              "uv": [
                0,
                8
              ],
              "inflate": 0
            },
            {
              "origin": [
                7.0,
                24.0,
                -9.0
              ],
              "size": [
                3.0,
                4.0,
                4.0
              ],
              "pivot": [
                0.0,
                0.0,
                0.0
              ],
              "rotation": [
                -12.5,
                0.0,
                0.0
              ],
              "uv": [
                0,
                33
              ],
              "inflate": 0
            },
            {
              "origin": [
                -9.0,
                20.0,
                5.0
              ],
              "size": [
                3.0,
                4.0,
                4.0
              ],
              "pivot": [
                0.0,
                0.0,
                0.0
              ],
              "rotation": [
                2.5,
                0.0,
                0.0
              ],
              "uv": [
                38,
                37
              ],
              "inflate": 0
            },
            {
              "origin": [
                -9.0,
                14.0,
                5.0
              ],
              "size": [
                3.0,
                4.0,
                4.0
              ],
              "pivot": [
                0.0,
                0.0,
                0.0
              ],
              "rotation": [
                7.5,
                0.0,
                0.0
              ],
              "uv": [
                28,
                33
              ],
              "inflate": 0
            }
          ]
        }
      ]
    }
  ]
}