{
  "format_version": "1.12.0",
  "minecraft:geometry": [
    {
      "description": {
        "identifier": "geometry.entity_zcq",
        "texture_width": 128,
        "texture_height": 128,
        "visible_bounds_width": 5,
        "visible_bounds_height": 5,
        "visible_bounds_offset": [
          0,
          0.5,
          0
        ]
      },
      "bones": [
        {
          "name": "root"
        },
        {
          "name": "waist",
          "pivot": [
            0,
            12,
            0
          ],
          "parent": "root"
        },
        {
          "name": "body",
          "pivot": [
            0,
            12,
            0
          ],
          "cubes": [
            {
              "origin": [
                -4.0,
                12.0,
                -2.0
              ],
              "size": [
                8.0,
                12.0,
                4.0
              ],
              "uv": [
                29,
                30
              ],
              "inflate": 0.25
            }
          ],
          "parent": "waist"
        },
        {
          "name": "rightArm",
          "pivot": [
            -5,
            22,
            0
          ],
          "cubes": [
            {
              "origin": [
                -8.0,
                12.0,
                -2.0
              ],
              "size": [
                4.0,
                12.0,
                4.0
              ],
              "uv": [
                80,
                44
              ],
              "inflate": 0.25
            }
          ],
          "parent": "body"
        },
        {
          "name": "rightItem",
          "pivot": [
            -6,
            15,
            1
          ],
          "parent": "rightArm"
        },
        {
          "name": "leftArm",
          "pivot": [
            5,
            22,
            0
          ],
          "cubes": [
            {
              "origin": [
                4.0,
                12.0,
                -2.0
              ],
              "size": [
                4.0,
                12.0,
                4.0
              ],
              "uv": [
                68,
                86
              ],
              "inflate": 0.25
            }
          ],
          "parent": "body"
        },
        {
          "name": "leftItem",
          "pivot": [
            6,
            15,
            1
          ],
          "parent": "leftArm"
        },
        {
          "name": "bone6",
          "pivot": [
            8,
            24,
            -20
          ],
          "parent": "leftArm",
          "rotation": [
            -92.32699,
            -2.91168,
            89.69197
          ]
        },
        {
          "name": "bone7",
          "pivot": [
            7.8264,
            25.18704,
            -19.23232
          ],
          "parent": "bone6",
          "rotation": [
            90,
            0,
            37.5
          ]
        },
        {
          "name": "bone8",
          "pivot": [
            -5.20272,
            7.81488,
            -19.23232
          ],
          "cubes": [
            {
              "origin": [
                -6.0063,
                6.41069,
                4.6669
              ],
              "size": [
                1.55866,
                0.54288,
                16.72071
              ],
              "uv": {
                "north": {
                  "uv": [
                    55,
                    31
                  ],
                  "uv_size": [
                    1.5,
                    0.5
                  ]
                },
                "east": {
                  "uv": [
                    48,
                    44
                  ],
                  "uv_size": [
                    16.5,
                    0.5
                  ]
                },
                "south": {
                  "uv": [
                    56,
                    5
                  ],
                  "uv_size": [
                    1.5,
                    0.5
                  ]
                },
                "west": {
                  "uv": [
                    48,
                    45
                  ],
                  "uv_size": [
                    16.5,
                    0.5
                  ]
                },
                "up": {
                  "uv": [
                    50,
                    0
                  ],
                  "uv_size": [
                    1.5,
                    16.5
                  ]
                },
                "down": {
                  "uv": [
                    38,
                    66.5
                  ],
                  "uv_size": [
                    1.5,
                    -16.5
                  ]
                }
              },
              "inflate": 0
            },
            {
              "origin": [
                -6.59033,
                5.85923,
                21.2503
              ],
              "size": [
                2.66158,
                1.64579,
                0.45146
              ],
              "uv": {
                "north": {
                  "uv": [
                    52,
                    52
                  ],
                  "uv_size": [
                    2.5,
                    1.5
                  ]
                },
                "east": {
                  "uv": [
                    56,
                    11
                  ],
                  "uv_size": [
                    0.5,
                    1.5
                  ]
                },
                "south": {
                  "uv": [
                    53,
                    0
                  ],
                  "uv_size": [
                    2.5,
                    1.5
                  ]
                },
                "west": {
                  "uv": [
                    56,
                    13
                  ],
                  "uv_size": [
                    0.5,
                    1.5
                  ]
                },
                "up": {
                  "uv": [
                    20,
                    55
                  ],
                  "uv_size": [
                    2.5,
                    0.5
                  ]
                },
                "down": {
                  "uv": [
                    55,
                    21.5
                  ],
                  "uv_size": [
                    2.5,
                    -0.5
                  ]
                }
              },
              "inflate": 0.1
            },
            {
              "origin": [
                -5.78915,
                6.19354,
                21.69318
              ],
              "size": [
                1.08576,
                1.08576,
                3.25728
              ],
              "uv": {
                "north": {
                  "uv": [
                    55,
                    22
                  ],
                  "uv_size": [
                    1,
                    1
                  ]
                },
                "east": {
                  "uv": [
                    50,
                    23
                  ],
                  "uv_size": [
                    3.5,
                    1
                  ]
                },
                "south": {
                  "uv": [
                    23,
                    55
                  ],
                  "uv_size": [
                    1,
                    1
                  ]
                },
                "west": {
                  "uv": [
                    53,
                    2
                  ],
                  "uv_size": [
                    3.5,
                    1
                  ]
                },
                "up": {
                  "uv": [
                    14,
                    52
                  ],
                  "uv_size": [
                    1,
                    3.5
                  ]
                },
                "down": {
                  "uv": [
                    15,
                    55.5
                  ],
                  "uv_size": [
                    1,
                    -3.5
                  ]
                }
              },
              "inflate": 0
            },
            {
              "origin": [
                -6.0063,
                6.41069,
                2.49538
              ],
              "size": [
                0.4729,
                0.54288,
                2.60583
              ],
              "uv": {
                "north": {
                  "uv": [
                    56,
                    27
                  ],
                  "uv_size": [
                    0.5,
                    0.5
                  ]
                },
                "east": {
                  "uv": [
                    55,
                    9
                  ],
                  "uv_size": [
                    2.5,
                    0.5
                  ]
                },
                "south": {
                  "uv": [
                    56,
                    28
                  ],
                  "uv_size": [
                    0.5,
                    0.5
                  ]
                },
                "west": {
                  "uv": [
                    55,
                    10
                  ],
                  "uv_size": [
                    2.5,
                    0.5
                  ]
                },
                "up": {
                  "uv": [
                    55,
                    11
                  ],
                  "uv_size": [
                    0.5,
                    2.5
                  ]
                },
                "down": {
                  "uv": [
                    55,
                    16.5
                  ],
                  "uv_size": [
                    0.5,
                    -2.5
                  ]
                }
              },
              "inflate": 0
            },
            {
              "origin": [
                -5.572,
                6.41069,
                3.58114
              ],
              "size": [
                0.4729,
                0.54288,
                1.52007
              ],
              "uv": {
                "north": {
                  "uv": [
                    57,
                    0
                  ],
                  "uv_size": [
                    0.5,
                    0.5
                  ]
                },
                "east": {
                  "uv": [
                    56,
                    6
                  ],
                  "uv_size": [
                    1.5,
                    0.5
                  ]
                },
                "south": {
                  "uv": [
                    1,
                    57
                  ],
                  "uv_size": [
                    0.5,
                    0.5
                  ]
                },
                "west": {
                  "uv": [
                    14,
                    56
                  ],
                  "uv_size": [
                    1.5,
                    0.5
                  ]
                },
                "up": {
                  "uv": [
                    56,
                    15
                  ],
                  "uv_size": [
                    0.5,
                    1.5
                  ]
                },
                "down": {
                  "uv": [
                    16,
                    57.5
                  ],
                  "uv_size": [
                    0.5,
                    -1.5
                  ]
                }
              },
              "inflate": 0
            },
            {
              "origin": [
                -5.572,
                6.41069,
                3.34384
              ],
              "size": [
                0.4729,
                0.54288,
                0.43431
              ],
              "uv": {
                "north": {
                  "uv": [
                    56,
                    52
                  ],
                  "uv_size": [
                    0.5,
                    0.5
                  ]
                },
                "east": {
                  "uv": [
                    56,
                    53
                  ],
                  "uv_size": [
                    0.5,
                    0.5
                  ]
                },
                "south": {
                  "uv": [
                    56,
                    54
                  ],
                  "uv_size": [
                    0.5,
                    0.5
                  ]
                },
                "west": {
                  "uv": [
                    55,
                    56
                  ],
                  "uv_size": [
                    0.5,
                    0.5
                  ]
                },
                "up": {
                  "uv": [
                    56,
                    55
                  ],
                  "uv_size": [
                    0.5,
                    0.5
                  ]
                },
                "down": {
                  "uv": [
                    56,
                    56.5
                  ],
                  "uv_size": [
                    0.5,
                    -0.5
                  ]
                }
              },
              "inflate": 0
            },
            {
              "origin": [
                -5.1377,
                6.41069,
                4.32102
              ],
              "size": [
                0.4729,
                0.54288,
                0.43431
              ],
              "uv": {
                "north": {
                  "uv": [
                    56,
                    46
                  ],
                  "uv_size": [
                    0.5,
                    0.5
                  ]
                },
                "east": {
                  "uv": [
                    56,
                    47
                  ],
                  "uv_size": [
                    0.5,
                    0.5
                  ]
                },
                "south": {
                  "uv": [
                    56,
                    48
                  ],
                  "uv_size": [
                    0.5,
                    0.5
                  ]
                },
                "west": {
                  "uv": [
                    56,
                    49
                  ],
                  "uv_size": [
                    0.5,
                    0.5
                  ]
                },
                "up": {
                  "uv": [
                    56,
                    50
                  ],
                  "uv_size": [
                    0.5,
                    0.5
                  ]
                },
                "down": {
                  "uv": [
                    56,
                    51.5
                  ],
                  "uv_size": [
                    0.5,
                    -0.5
                  ]
                }
              },
              "inflate": 0
            },
            {
              "origin": [
                -6.0063,
                6.41069,
                1.93235
              ],
              "size": [
                0.4729,
                0.54288,
                2.49725
              ],
              "pivot": [
                -4.56683,
                6.31611,
                2.1881
              ],
              "rotation": [
                0.0,
                26.0,
                0.0
              ],
              "uv": {
                "north": {
                  "uv": [
                    56,
                    29
                  ],
                  "uv_size": [
                    0.5,
                    0.5
                  ]
                },
                "east": {
                  "uv": [
                    16,
                    55
                  ],
                  "uv_size": [
                    2.5,
                    0.5
                  ]
                },
                "south": {
                  "uv": [
                    56,
                    30
                  ],
                  "uv_size": [
                    0.5,
                    0.5
                  ]
                },
                "west": {
                  "uv": [
                    55,
                    17
                  ],
                  "uv_size": [
                    2.5,
                    0.5
                  ]
                },
                "up": {
                  "uv": [
                    55,
                    18
                  ],
                  "uv_size": [
                    0.5,
                    2.5
                  ]
                },
                "down": {
                  "uv": [
                    19,
                    57.5
                  ],
                  "uv_size": [
                    0.5,
                    -2.5
                  ]
                }
              },
              "inflate": 0
            }
          ],
          "parent": "bone6",
          "rotation": [
            90,
            0,
            37.5
          ]
        },
        {
          "name": "head",
          "pivot": [
            0,
            24,
            0
          ],
          "cubes": [
            {
              "origin": [
                -4.0,
                23.6,
                -4.0
              ],
              "size": [
                8.0,
                8.0,
                8.0
              ],
              "uv": [
                0,
                17
              ],
              "inflate": 0
            },
            {
              "origin": [
                -4.0,
                23.6,
                -4.0
              ],
              "size": [
                8.0,
                8.0,
                8.0
              ],
              "uv": [
                77,
                13.5
              ],
              "inflate": 0.5
            },
            {
              "origin": [
                -5.0,
                32.1,
                -5.0
              ],
              "size": [
                10.0,
                0.0,
                10.0
              ],
              "uv": [
                84,
                3
              ],
              "inflate": 0
            },
            {
              "origin": [
                4.51,
                27.6,
                -5.0
              ],
              "size": [
                0.0,
                5.0,
                10.0
              ],
              "uv": [
                93,
                56
              ],
              "inflate": 0,
              "mirror": true
            },
            {
              "origin": [
                -4.51,
                27.6,
                -5.0
              ],
              "size": [
                0.0,
                5.0,
                10.0
              ],
              "uv": [
                89,
                51
              ],
              "inflate": 0
            },
            {
              "origin": [
                -4.49,
                30.6,
                -4.51
              ],
              "size": [
                9.0,
                2.0,
                0.0
              ],
              "uv": [
                97,
                48
              ],
              "inflate": 0,
              "mirror": true
            },
            {
              "origin": [
                -4.51,
                30.6,
                4.5
              ],
              "size": [
                9.0,
                2.0,
                0.0
              ],
              "uv": [
                89,
                87
              ],
              "inflate": 0
            }
          ],
          "parent": "body"
        },
        {
          "name": "bone9",
          "pivot": [
            0,
            24,
            0
          ],
          "cubes": [
            {
              "origin": [
                -0.5,
                30.0,
                -4.0
              ],
              "size": [
                0.5,
                5.0,
                0.5
              ],
              "pivot": [
                0.0,
                24.0,
                0.0
              ],
              "rotation": [
                -45.0,
                0.0,
                0.0
              ],
              "uv": {
                "north": {
                  "uv": [
                    53,
                    3
                  ],
                  "uv_size": [
                    0.5,
                    5
                  ]
                },
                "east": {
                  "uv": [
                    53,
                    8
                  ],
                  "uv_size": [
                    0.5,
                    5
                  ]
                },
                "south": {
                  "uv": [
                    54,
                    3
                  ],
                  "uv_size": [
                    0.5,
                    5
                  ]
                },
                "west": {
                  "uv": [
                    54,
                    8
                  ],
                  "uv_size": [
                    0.5,
                    5
                  ]
                },
                "up": {
                  "uv": [
                    57,
                    1
                  ],
                  "uv_size": [
                    0.5,
                    0.5
                  ]
                },
                "down": {
                  "uv": [
                    2,
                    57.5
                  ],
                  "uv_size": [
                    0.5,
                    -0.5
                  ]
                }
              },
              "inflate": 0
            },
            {
              "origin": [
                -0.5,
                30.0,
                -3.8
              ],
              "size": [
                0.5,
                5.0,
                1.0
              ],
              "pivot": [
                0.0,
                24.0,
                0.0
              ],
              "rotation": [
                -45.0,
                0.0,
                0.0
              ],
              "uv": {
                "north": {
                  "uv": [
                    11,
                    54
                  ],
                  "uv_size": [
                    0.5,
                    5
                  ]
                },
                "east": {
                  "uv": [
                    44,
                    0
                  ],
                  "uv_size": [
                    1,
                    5
                  ]
                },
                "south": {
                  "uv": [
                    12,
                    54
                  ],
                  "uv_size": [
                    0.5,
                    5
                  ]
                },
                "west": {
                  "uv": [
                    44,
                    5
                  ],
                  "uv_size": [
                    1,
                    5
                  ]
                },
                "up": {
                  "uv": [
                    56,
                    25
                  ],
                  "uv_size": [
                    0.5,
                    1
                  ]
                },
                "down": {
                  "uv": [
                    56,
                    27
                  ],
                  "uv_size": [
                    0.5,
                    -1
                  ]
                }
              },
              "inflate": 0
            },
            {
              "origin": [
                -1.0,
                30.0,
                -4.2
              ],
              "size": [
                0.5,
                5.0,
                0.5
              ],
              "pivot": [
                0.0,
                24.0,
                0.0
              ],
              "rotation": [
                -44.56145,
                2.05302,
                7.10708
              ],
              "uv": {
                "north": {
                  "uv": [
                    48,
                    54
                  ],
                  "uv_size": [
                    0.5,
                    5
                  ]
                },
                "east": {
                  "uv": [
                    49,
                    54
                  ],
                  "uv_size": [
                    0.5,
                    5
                  ]
                },
                "south": {
                  "uv": [
                    50,
                    54
                  ],
                  "uv_size": [
                    0.5,
                    5
                  ]
                },
                "west": {
                  "uv": [
                    51,
                    54
                  ],
                  "uv_size": [
                    0.5,
                    5
                  ]
                },
                "up": {
                  "uv": [
                    6,
                    57
                  ],
                  "uv_size": [
                    0.5,
                    0.5
                  ]
                },
                "down": {
                  "uv": [
                    7,
                    57.5
                  ],
                  "uv_size": [
                    0.5,
                    -0.5
                  ]
                }
              },
              "inflate": 0
            },
            {
              "origin": [
                -2.5,
                30.0,
                -3.8
              ],
              "size": [
                1.0,
                5.0,
                1.0
              ],
              "pivot": [
                0.0,
                24.0,
                0.0
              ],
              "rotation": [
                -44.56145,
                12.05302,
                7.10708
              ],
              "uv": {
                "north": {
                  "uv": [
                    45,
                    0
                  ],
                  "uv_size": [
                    1,
                    5
                  ]
                },
                "east": {
                  "uv": [
                    45,
                    5
                  ],
                  "uv_size": [
                    1,
                    5
                  ]
                },
                "south": {
                  "uv": [
                    52,
                    0
                  ],
                  "uv_size": [
                    1,
                    5
                  ]
                },
                "west": {
                  "uv": [
                    52,
                    5
                  ],
                  "uv_size": [
                    1,
                    5
                  ]
                },
                "up": {
                  "uv": [
                    55,
                    23
                  ],
                  "uv_size": [
                    1,
                    1
                  ]
                },
                "down": {
                  "uv": [
                    24,
                    56
                  ],
                  "uv_size": [
                    1,
                    -1
                  ]
                }
              },
              "inflate": 0
            },
            {
              "origin": [
                0.8,
                30.0,
                -3.7
              ],
              "size": [
                1.0,
                5.0,
                1.0
              ],
              "pivot": [
                0.0,
                24.0,
                0.0
              ],
              "rotation": [
                -44.56145,
                -12.05302,
                -7.10708
              ],
              "uv": {
                "north": {
                  "uv": [
                    8,
                    52
                  ],
                  "uv_size": [
                    1,
                    5
                  ]
                },
                "east": {
                  "uv": [
                    9,
                    52
                  ],
                  "uv_size": [
                    1,
                    5
                  ]
                },
                "south": {
                  "uv": [
                    10,
                    52
                  ],
                  "uv_size": [
                    1,
                    5
                  ]
                },
                "west": {
                  "uv": [
                    52,
                    10
                  ],
                  "uv_size": [
                    1,
                    5
                  ]
                },
                "up": {
                  "uv": [
                    55,
                    24
                  ],
                  "uv_size": [
                    1,
                    1
                  ]
                },
                "down": {
                  "uv": [
                    25,
                    56
                  ],
                  "uv_size": [
                    1,
                    -1
                  ]
                }
              },
              "inflate": 0
            },
            {
              "origin": [
                0.4,
                30.0,
                -4.0
              ],
              "size": [
                0.5,
                5.0,
                0.5
              ],
              "pivot": [
                0.0,
                24.0,
                0.0
              ],
              "rotation": [
                -44.56145,
                -7.05302,
                -7.10708
              ],
              "uv": {
                "north": {
                  "uv": [
                    44,
                    54
                  ],
                  "uv_size": [
                    0.5,
                    5
                  ]
                },
                "east": {
                  "uv": [
                    45,
                    54
                  ],
                  "uv_size": [
                    0.5,
                    5
                  ]
                },
                "south": {
                  "uv": [
                    46,
                    54
                  ],
                  "uv_size": [
                    0.5,
                    5
                  ]
                },
                "west": {
                  "uv": [
                    47,
                    54
                  ],
                  "uv_size": [
                    0.5,
                    5
                  ]
                },
                "up": {
                  "uv": [
                    57,
                    4
                  ],
                  "uv_size": [
                    0.5,
                    0.5
                  ]
                },
                "down": {
                  "uv": [
                    5,
                    57.5
                  ],
                  "uv_size": [
                    0.5,
                    -0.5
                  ]
                }
              },
              "inflate": 0
            },
            {
              "origin": [
                0.4,
                30.0,
                -4.0
              ],
              "size": [
                0.5,
                5.0,
                0.5
              ],
              "pivot": [
                0.0,
                24.0,
                0.0
              ],
              "rotation": [
                -44.56145,
                -2.05302,
                -7.10708
              ],
              "uv": {
                "north": {
                  "uv": [
                    13,
                    54
                  ],
                  "uv_size": [
                    0.5,
                    5
                  ]
                },
                "east": {
                  "uv": [
                    54,
                    17
                  ],
                  "uv_size": [
                    0.5,
                    5
                  ]
                },
                "south": {
                  "uv": [
                    54,
                    22
                  ],
                  "uv_size": [
                    0.5,
                    5
                  ]
                },
                "west": {
                  "uv": [
                    54,
                    27
                  ],
                  "uv_size": [
                    0.5,
                    5
                  ]
                },
                "up": {
                  "uv": [
                    57,
                    2
                  ],
                  "uv_size": [
                    0.5,
                    0.5
                  ]
                },
                "down": {
                  "uv": [
                    3,
                    57.5
                  ],
                  "uv_size": [
                    0.5,
                    -0.5
                  ]
                }
              },
              "inflate": 0
            },
            {
              "origin": [
                0.4,
                30.0,
                -3.9
              ],
              "size": [
                0.5,
                5.0,
                0.5
              ],
              "pivot": [
                0.0,
                24.0,
                0.0
              ],
              "rotation": [
                -44.56145,
                0.44698,
                -7.10708
              ],
              "uv": {
                "north": {
                  "uv": [
                    40,
                    54
                  ],
                  "uv_size": [
                    0.5,
                    5
                  ]
                },
                "east": {
                  "uv": [
                    41,
                    54
                  ],
                  "uv_size": [
                    0.5,
                    5
                  ]
                },
                "south": {
                  "uv": [
                    42,
                    54
                  ],
                  "uv_size": [
                    0.5,
                    5
                  ]
                },
                "west": {
                  "uv": [
                    43,
                    54
                  ],
                  "uv_size": [
                    0.5,
                    5
                  ]
                },
                "up": {
                  "uv": [
                    57,
                    3
                  ],
                  "uv_size": [
                    0.5,
                    0.5
                  ]
                },
                "down": {
                  "uv": [
                    4,
                    57.5
                  ],
                  "uv_size": [
                    0.5,
                    -0.5
                  ]
                }
              },
              "inflate": 0
            },
            {
              "origin": [
                -1.3,
                30.0,
                -4.1
              ],
              "size": [
                0.5,
                5.0,
                0.5
              ],
              "pivot": [
                0.0,
                24.0,
                0.0
              ],
              "rotation": [
                -44.56145,
                -0.44698,
                7.10708
              ],
              "uv": {
                "north": {
                  "uv": [
                    52,
                    54
                  ],
                  "uv_size": [
                    0.5,
                    5
                  ]
                },
                "east": {
                  "uv": [
                    53,
                    54
                  ],
                  "uv_size": [
                    0.5,
                    5
                  ]
                },
                "south": {
                  "uv": [
                    54,
                    54
                  ],
                  "uv_size": [
                    0.5,
                    5
                  ]
                },
                "west": {
                  "uv": [
                    0,
                    55
                  ],
                  "uv_size": [
                    0.5,
                    5
                  ]
                },
                "up": {
                  "uv": [
                    8,
                    57
                  ],
                  "uv_size": [
                    0.5,
                    0.5
                  ]
                },
                "down": {
                  "uv": [
                    9,
                    57.5
                  ],
                  "uv_size": [
                    0.5,
                    -0.5
                  ]
                }
              },
              "inflate": 0
            },
            {
              "origin": [
                -1.2,
                31.2,
                -3.4
              ],
              "size": [
                2.0,
                2.0,
                2.0
              ],
              "pivot": [
                0.0,
                24.0,
                0.0
              ],
              "rotation": [
                -37.5,
                0.0,
                0.0
              ],
              "uv": {
                "north": {
                  "uv": [
                    8,
                    20
                  ],
                  "uv_size": [
                    2,
                    2
                  ]
                },
                "east": {
                  "uv": [
                    8,
                    22
                  ],
                  "uv_size": [
                    2,
                    2
                  ]
                },
                "south": {
                  "uv": [
                    34,
                    22
                  ],
                  "uv_size": [
                    2,
                    2
                  ]
                },
                "west": {
                  "uv": [
                    36,
                    22
                  ],
                  "uv_size": [
                    2,
                    2
                  ]
                },
                "up": {
                  "uv": [
                    38,
                    22
                  ],
                  "uv_size": [
                    2,
                    2
                  ]
                },
                "down": {
                  "uv": [
                    40,
                    24
                  ],
                  "uv_size": [
                    2,
                    -2
                  ]
                }
              },
              "inflate": 0
            }
          ],
          "parent": "head"
        },
        {
          "name": "rightLeg",
          "pivot": [
            -1.9,
            12,
            0
          ],
          "cubes": [
            {
              "origin": [
                -3.9,
                0.0,
                -2.0
              ],
              "size": [
                4.0,
                12.0,
                4.0
              ],
              "uv": [
                27.5,
                87
              ],
              "inflate": 0.25
            }
          ],
          "parent": "waist"
        },
        {
          "name": "leftLeg",
          "pivot": [
            1.9,
            12,
            0
          ],
          "cubes": [
            {
              "origin": [
                -0.1,
                0.0,
                -2.0
              ],
              "size": [
                4.0,
                12.0,
                4.0
              ],
              "uv": [
                0,
                98
              ],
              "inflate": 0.25
            }
          ],
          "parent": "waist"
        }
      ]
    }
  ]
}