{
  "format_version": "1.12.0",
  "minecraft:geometry": [
    {
      "description": {
        "identifier": "geometry.entity_sword",
        "texture_width": 128,
        "texture_height": 128,
        "visible_bounds_width": 3,
        "visible_bounds_height": 4.5,
        "visible_bounds_offset": [
          0,
          1.75,
          0
        ]
      },
      "bones": [
        {
          "name": "root"
        },
        {
          "name": "waist",
          "pivot": [
            0,
            12,
            0
          ],
          "parent": "root"
        },
        {
          "name": "body",
          "pivot": [
            0,
            12,
            0
          ],
          "cubes": [
            {
              "origin": [
                -4.0,
                12.0,
                -2.0
              ],
              "size": [
                8.0,
                12.0,
                4.0
              ],
              "uv": [
                0,
                32
              ],
              "inflate": 0.25
            },
            {
              "origin": [
                -4.0,
                12.0,
                -2.0
              ],
              "size": [
                8.0,
                12.0,
                4.0
              ],
              "uv": [
                28,
                28
              ],
              "inflate": 0
            }
          ],
          "parent": "waist"
        },
        {
          "name": "rightArm",
          "pivot": [
            -5,
            22,
            0
          ],
          "cubes": [
            {
              "origin": [
                -8.0,
                12.0,
                -2.0
              ],
              "size": [
                4.0,
                12.0,
                4.0
              ],
              "uv": [
                12,
                60
              ],
              "inflate": 0
            },
            {
              "origin": [
                -8.0,
                12.0,
                -2.0
              ],
              "size": [
                4.0,
                12.0,
                4.0
              ],
              "uv": [
                48,
                57
              ],
              "inflate": 0.25
            }
          ],
          "parent": "body"
        },
        {
          "name": "rightItem",
          "pivot": [
            -6,
            15,
            1
          ],
          "parent": "rightArm"
        },
        {
          "name": "bone5",
          "pivot": [
            -16,
            29,
            52
          ],
          "cubes": [
            {
              "origin": [
                -27.056,
                79.264,
                72.024
              ],
              "size": [
                0.272,
                2.288,
                5.312
              ],
              "pivot": [
                -16.0,
                29.0,
                52.0
              ],
              "rotation": [
                10.0,
                -45.0,
                0.0
              ],
              "uv": [
                102,
                19
              ],
              "inflate": 0.2
            },
            {
              "origin": [
                -27.056,
                79.264,
                76.392
              ],
              "size": [
                0.272,
                0.608,
                1.952
              ],
              "pivot": [
                -16.0,
                29.0,
                52.0
              ],
              "rotation": [
                10.0,
                -45.0,
                0.0
              ],
              "uv": [
                108,
                12
              ],
              "inflate": 0.2
            },
            {
              "origin": [
                -27.056,
                80.104,
                77.064
              ],
              "size": [
                0.272,
                1.112,
                1.952
              ],
              "pivot": [
                -16.0,
                29.0,
                52.0
              ],
              "rotation": [
                10.0,
                -45.0,
                0.0
              ],
              "uv": [
                110,
                8
              ],
              "inflate": 0.2
            },
            {
              "origin": [
                -27.056,
                80.104,
                78.912
              ],
              "size": [
                0.272,
                1.112,
                0.272
              ],
              "pivot": [
                -16.0,
                29.0,
                52.0
              ],
              "rotation": [
                10.0,
                -45.0,
                0.0
              ],
              "uv": [
                111,
                12
              ],
              "inflate": 0.2
            },
            {
              "origin": [
                -27.056,
                80.944,
                79.416
              ],
              "size": [
                0.272,
                0.272,
                0.272
              ],
              "pivot": [
                -16.0,
                29.0,
                52.0
              ],
              "rotation": [
                10.0,
                -45.0,
                0.0
              ],
              "uv": [
                113,
                12
              ],
              "inflate": 0.2
            },
            {
              "origin": [
                -27.056,
                79.264,
                60.264
              ],
              "size": [
                0.272,
                2.288,
                12.032
              ],
              "pivot": [
                -16.0,
                29.0,
                52.0
              ],
              "rotation": [
                10.0,
                -45.0,
                0.0
              ],
              "uv": [
                102,
                6
              ],
              "inflate": 0.2
            },
            {
              "origin": [
                -27.056,
                81.28,
                72.024
              ],
              "size": [
                0.272,
                0.272,
                8.672
              ],
              "pivot": [
                -16.0,
                29.0,
                52.0
              ],
              "rotation": [
                10.0,
                -45.0,
                0.0
              ],
              "uv": [
                106,
                5
              ],
              "inflate": 0.2
            },
            {
              "origin": [
                -33.65661,
                80.58784,
                56.064
              ],
              "size": [
                0.272,
                0.272,
                2.624
              ],
              "pivot": [
                -34.48,
                82.76,
                53.68
              ],
              "rotation": [
                50.8,
                -45.0,
                0.0
              ],
              "uv": [
                109,
                10
              ],
              "inflate": 0.2
            }
          ],
          "parent": "rightArm",
          "rotation": [
            84.1165,
            5.49634,
            -132.18725
          ]
        },
        {
          "name": "leftArm",
          "pivot": [
            5,
            22,
            0
          ],
          "cubes": [
            {
              "origin": [
                4.0,
                12.0,
                -2.0
              ],
              "size": [
                4.0,
                12.0,
                4.0
              ],
              "uv": [
                52,
                41
              ],
              "inflate": 0
            },
            {
              "origin": [
                4.0,
                12.0,
                -2.0
              ],
              "size": [
                4.0,
                12.0,
                4.0
              ],
              "uv": [
                52,
                25
              ],
              "inflate": 0.25
            }
          ],
          "parent": "body"
        },
        {
          "name": "leftItem",
          "pivot": [
            6,
            15,
            1
          ],
          "parent": "leftArm"
        },
        {
          "name": "bone4",
          "pivot": [
            16,
            29,
            52
          ],
          "cubes": [
            {
              "origin": [
                26.784,
                79.264,
                72.024
              ],
              "size": [
                0.272,
                2.288,
                5.312
              ],
              "pivot": [
                16.0,
                29.0,
                52.0
              ],
              "rotation": [
                10.0,
                45.0,
                0.0
              ],
              "uv": [
                111,
                4
              ],
              "inflate": 0.2
            },
            {
              "origin": [
                26.784,
                79.264,
                76.392
              ],
              "size": [
                0.272,
                0.608,
                1.952
              ],
              "pivot": [
                16.0,
                29.0,
                52.0
              ],
              "rotation": [
                10.0,
                45.0,
                0.0
              ],
              "uv": [
                106,
                7
              ],
              "inflate": 0.2
            },
            {
              "origin": [
                26.784,
                80.104,
                77.064
              ],
              "size": [
                0.272,
                1.112,
                1.952
              ],
              "pivot": [
                16.0,
                29.0,
                52.0
              ],
              "rotation": [
                10.0,
                45.0,
                0.0
              ],
              "uv": [
                111,
                7
              ],
              "inflate": 0.2
            },
            {
              "origin": [
                26.784,
                80.104,
                78.912
              ],
              "size": [
                0.272,
                1.112,
                0.272
              ],
              "pivot": [
                16.0,
                29.0,
                52.0
              ],
              "rotation": [
                10.0,
                45.0,
                0.0
              ],
              "uv": [
                118,
                7
              ],
              "inflate": 0.2
            },
            {
              "origin": [
                26.784,
                80.944,
                79.416
              ],
              "size": [
                0.272,
                0.272,
                0.272
              ],
              "pivot": [
                16.0,
                29.0,
                52.0
              ],
              "rotation": [
                10.0,
                45.0,
                0.0
              ],
              "uv": [
                105,
                5
              ],
              "inflate": 0.2
            },
            {
              "origin": [
                26.784,
                79.264,
                60.264
              ],
              "size": [
                0.272,
                2.288,
                12.032
              ],
              "pivot": [
                16.0,
                29.0,
                52.0
              ],
              "rotation": [
                10.0,
                45.0,
                0.0
              ],
              "uv": [
                102,
                5
              ],
              "inflate": 0.2
            },
            {
              "origin": [
                26.784,
                81.28,
                72.024
              ],
              "size": [
                0.272,
                0.272,
                8.672
              ],
              "pivot": [
                16.0,
                29.0,
                52.0
              ],
              "rotation": [
                10.0,
                45.0,
                0.0
              ],
              "uv": [
                109,
                4
              ],
              "inflate": 0.2
            },
            {
              "origin": [
                33.38461,
                80.58784,
                56.064
              ],
              "size": [
                0.272,
                0.272,
                2.624
              ],
              "pivot": [
                34.48,
                82.76,
                53.68
              ],
              "rotation": [
                50.8,
                45.0,
                0.0
              ],
              "uv": [
                111,
                9
              ],
              "inflate": 0.2
            }
          ],
          "parent": "leftArm",
          "rotation": [
            84.1165,
            -5.49634,
            132.18725
          ]
        },
        {
          "name": "head",
          "pivot": [
            0,
            24,
            0
          ],
          "cubes": [
            {
              "origin": [
                -4.0,
                23.6,
                -4.0
              ],
              "size": [
                8.0,
                8.0,
                8.0
              ],
              "uv": [
                0,
                16
              ],
              "inflate": 0
            },
            {
              "origin": [
                -4.0,
                23.6,
                -4.0
              ],
              "size": [
                8.0,
                8.0,
                8.0
              ],
              "uv": [
                0,
                0
              ],
              "inflate": 0.5
            }
          ],
          "parent": "body"
        },
        {
          "name": "bb_main",
          "cubes": [
            {
              "origin": [
                0.0,
                29.0,
                -6.0
              ],
              "size": [
                6.0,
                3.0,
                6.0
              ],
              "pivot": [
                0.0,
                0.0,
                0.0
              ],
              "rotation": [
                0.0,
                45.0,
                0.0
              ],
              "uv": [
                32,
                0
              ],
              "inflate": 0
            },
            {
              "origin": [
                0.0,
                23.0,
                -6.0
              ],
              "size": [
                6.0,
                1.0,
                6.0
              ],
              "pivot": [
                0.0,
                0.0,
                0.0
              ],
              "rotation": [
                0.0,
                45.0,
                0.0
              ],
              "uv": [
                56,
                0
              ],
              "inflate": 0
            },
            {
              "origin": [
                0.0,
                24.0,
                -6.0
              ],
              "size": [
                1.0,
                2.0,
                0.5
              ],
              "pivot": [
                0.0,
                0.0,
                0.0
              ],
              "rotation": [
                0.0,
                45.0,
                0.0
              ],
              "uv": [
                123,
                58
              ],
              "inflate": 0
            },
            {
              "origin": [
                0.0,
                27.0,
                -6.0
              ],
              "size": [
                1.0,
                2.0,
                0.5
              ],
              "pivot": [
                0.0,
                0.0,
                0.0
              ],
              "rotation": [
                0.0,
                45.0,
                0.0
              ],
              "uv": [
                121,
                63
              ],
              "inflate": 0
            },
            {
              "origin": [
                2.0,
                24.0,
                -6.0
              ],
              "size": [
                1.0,
                2.0,
                0.5
              ],
              "pivot": [
                0.0,
                0.0,
                0.0
              ],
              "rotation": [
                0.0,
                45.0,
                0.0
              ],
              "uv": [
                119,
                63
              ],
              "inflate": 0
            },
            {
              "origin": [
                2.0,
                27.0,
                -6.0
              ],
              "size": [
                1.0,
                2.0,
                0.5
              ],
              "pivot": [
                0.0,
                0.0,
                0.0
              ],
              "rotation": [
                0.0,
                45.0,
                0.0
              ],
              "uv": [
                119,
                60
              ],
              "inflate": 0
            },
            {
              "origin": [
                4.0,
                24.0,
                -6.0
              ],
              "size": [
                1.0,
                2.0,
                0.5
              ],
              "pivot": [
                0.0,
                0.0,
                0.0
              ],
              "rotation": [
                0.0,
                45.0,
                0.0
              ],
              "uv": [
                119,
                58
              ],
              "inflate": 0
            },
            {
              "origin": [
                4.0,
                27.0,
                -6.0
              ],
              "size": [
                1.0,
                2.0,
                0.5
              ],
              "pivot": [
                0.0,
                0.0,
                0.0
              ],
              "rotation": [
                0.0,
                45.0,
                0.0
              ],
              "uv": [
                117,
                63
              ],
              "inflate": 0
            },
            {
              "origin": [
                5.5,
                24.0,
                -3.0
              ],
              "size": [
                0.5,
                2.0,
                1.0
              ],
              "pivot": [
                0.0,
                0.0,
                0.0
              ],
              "rotation": [
                0.0,
                45.0,
                0.0
              ],
              "uv": [
                117,
                58
              ],
              "inflate": 0
            },
            {
              "origin": [
                5.5,
                24.0,
                -1.8
              ],
              "size": [
                0.5,
                2.0,
                0.6
              ],
              "pivot": [
                0.0,
                0.0,
                0.0
              ],
              "rotation": [
                0.0,
                45.0,
                0.0
              ],
              "uv": [
                93,
                58
              ],
              "inflate": 0
            },
            {
              "origin": [
                5.5,
                27.0,
                -1.8
              ],
              "size": [
                0.5,
                2.0,
                0.6
              ],
              "pivot": [
                0.0,
                0.0,
                0.0
              ],
              "rotation": [
                0.0,
                45.0,
                0.0
              ],
              "uv": [
                93,
                58
              ],
              "inflate": 0
            },
            {
              "origin": [
                -6.0,
                24.0,
                -1.8
              ],
              "size": [
                0.5,
                2.0,
                0.6
              ],
              "pivot": [
                0.0,
                0.0,
                0.0
              ],
              "rotation": [
                0.0,
                -45.0,
                0.0
              ],
              "uv": [
                93,
                58
              ],
              "inflate": 0
            },
            {
              "origin": [
                -6.0,
                27.0,
                -1.8
              ],
              "size": [
                0.5,
                2.0,
                0.6
              ],
              "pivot": [
                0.0,
                0.0,
                0.0
              ],
              "rotation": [
                0.0,
                -45.0,
                0.0
              ],
              "uv": [
                93,
                58
              ],
              "inflate": 0
            },
            {
              "origin": [
                -6.0,
                24.0,
                -3.8
              ],
              "size": [
                0.5,
                2.0,
                0.6
              ],
              "pivot": [
                0.0,
                0.0,
                0.0
              ],
              "rotation": [
                0.0,
                -45.0,
                0.0
              ],
              "uv": [
                93,
                58
              ],
              "inflate": 0
            },
            {
              "origin": [
                -6.0,
                27.0,
                -3.8
              ],
              "size": [
                0.5,
                2.0,
                0.6
              ],
              "pivot": [
                0.0,
                0.0,
                0.0
              ],
              "rotation": [
                0.0,
                -45.0,
                0.0
              ],
              "uv": [
                93,
                58
              ],
              "inflate": 0
            },
            {
              "origin": [
                5.5,
                24.0,
                -3.8
              ],
              "size": [
                0.5,
                2.0,
                0.6
              ],
              "pivot": [
                0.0,
                0.0,
                0.0
              ],
              "rotation": [
                0.0,
                45.0,
                0.0
              ],
              "uv": [
                93,
                58
              ],
              "inflate": 0
            },
            {
              "origin": [
                5.5,
                27.0,
                -3.8
              ],
              "size": [
                0.5,
                2.0,
                0.6
              ],
              "pivot": [
                0.0,
                0.0,
                0.0
              ],
              "rotation": [
                0.0,
                45.0,
                0.0
              ],
              "uv": [
                93,
                58
              ],
              "inflate": 0
            },
            {
              "origin": [
                5.3,
                24.0,
                -5.8
              ],
              "size": [
                0.5,
                2.0,
                0.6
              ],
              "pivot": [
                0.0,
                0.0,
                0.0
              ],
              "rotation": [
                0.0,
                45.0,
                0.0
              ],
              "uv": [
                93,
                58
              ],
              "inflate": 0
            },
            {
              "origin": [
                5.3,
                27.0,
                -5.8
              ],
              "size": [
                0.5,
                2.0,
                0.6
              ],
              "pivot": [
                0.0,
                0.0,
                0.0
              ],
              "rotation": [
                0.0,
                45.0,
                0.0
              ],
              "uv": [
                93,
                58
              ],
              "inflate": 0
            },
            {
              "origin": [
                5.5,
                27.0,
                -3.0
              ],
              "size": [
                0.5,
                2.0,
                1.0
              ],
              "pivot": [
                0.0,
                0.0,
                0.0
              ],
              "rotation": [
                0.0,
                45.0,
                0.0
              ],
              "uv": [
                99,
                79
              ],
              "inflate": 0
            },
            {
              "origin": [
                5.5,
                24.0,
                -5.0
              ],
              "size": [
                0.5,
                2.0,
                1.0
              ],
              "pivot": [
                0.0,
                0.0,
                0.0
              ],
              "rotation": [
                0.0,
                45.0,
                0.0
              ],
              "uv": [
                97,
                79
              ],
              "inflate": 0
            },
            {
              "origin": [
                5.5,
                27.0,
                -5.0
              ],
              "size": [
                0.5,
                2.0,
                1.0
              ],
              "pivot": [
                0.0,
                0.0,
                0.0
              ],
              "rotation": [
                0.0,
                45.0,
                0.0
              ],
              "uv": [
                95,
                79
              ],
              "inflate": 0
            },
            {
              "origin": [
                5.5,
                24.0,
                -1.0
              ],
              "size": [
                0.5,
                2.0,
                1.0
              ],
              "pivot": [
                0.0,
                0.0,
                0.0
              ],
              "rotation": [
                0.0,
                45.0,
                0.0
              ],
              "uv": [
                93,
                79
              ],
              "inflate": 0
            },
            {
              "origin": [
                5.5,
                27.0,
                -1.0
              ],
              "size": [
                0.5,
                2.0,
                1.0
              ],
              "pivot": [
                0.0,
                0.0,
                0.0
              ],
              "rotation": [
                0.0,
                45.0,
                0.0
              ],
              "uv": [
                99,
                77
              ],
              "inflate": 0
            }
          ],
          "parent": "head"
        },
        {
          "name": "bone",
          "pivot": [
            -2,
            2,
            7
          ],
          "cubes": [
            {
              "origin": [
                4.5,
                32.0,
                19.0
              ],
              "size": [
                0.0,
                1.2,
                3.0
              ],
              "pivot": [
                -2.0,
                2.0,
                7.0
              ],
              "rotation": [
                10.0,
                45.0,
                0.0
              ],
              "uv": [
                3,
                119
              ],
              "inflate": 0.2
            },
            {
              "origin": [
                4.5,
                32.0,
                21.6
              ],
              "size": [
                0.0,
                0.2,
                1.0
              ],
              "pivot": [
                -2.0,
                2.0,
                7.0
              ],
              "rotation": [
                10.0,
                45.0,
                0.0
              ],
              "uv": [
                3,
                101
              ],
              "inflate": 0.2
            },
            {
              "origin": [
                4.5,
                32.5,
                22.0
              ],
              "size": [
                0.0,
                0.5,
                1.0
              ],
              "pivot": [
                -2.0,
                2.0,
                7.0
              ],
              "rotation": [
                10.0,
                45.0,
                0.0
              ],
              "uv": [
                3,
                101
              ],
              "inflate": 0.2
            },
            {
              "origin": [
                4.5,
                32.5,
                23.1
              ],
              "size": [
                0.0,
                0.5,
                0.0
              ],
              "pivot": [
                -2.0,
                2.0,
                7.0
              ],
              "rotation": [
                10.0,
                45.0,
                0.0
              ],
              "uv": [
                3,
                101
              ],
              "inflate": 0.2
            },
            {
              "origin": [
                4.5,
                33.0,
                23.4
              ],
              "size": [
                0.0,
                0.0,
                0.0
              ],
              "pivot": [
                -2.0,
                2.0,
                7.0
              ],
              "rotation": [
                10.0,
                45.0,
                0.0
              ],
              "uv": [
                3,
                101
              ],
              "inflate": 0.2
            },
            {
              "origin": [
                4.5,
                32.0,
                12.0
              ],
              "size": [
                0.0,
                1.2,
                7.0
              ],
              "pivot": [
                -2.0,
                2.0,
                7.0
              ],
              "rotation": [
                10.0,
                45.0,
                0.0
              ],
              "uv": [
                27,
                115
              ],
              "inflate": 0.2
            },
            {
              "origin": [
                4.5,
                33.2,
                19.0
              ],
              "size": [
                0.0,
                0.0,
                5.0
              ],
              "pivot": [
                -2.0,
                2.0,
                7.0
              ],
              "rotation": [
                10.0,
                45.0,
                0.0
              ],
              "uv": [
                3,
                101
              ],
              "inflate": 0.2
            },
            {
              "origin": [
                8.42893,
                32.788,
                9.5
              ],
              "size": [
                0.0,
                0.0,
                1.4
              ],
              "pivot": [
                9.0,
                34.0,
                8.0
              ],
              "rotation": [
                50.8,
                45.0,
                0.0
              ],
              "uv": [
                3,
                101
              ],
              "inflate": 0.2
            },
            {
              "origin": [
                4.0,
                32.2,
                6.0
              ],
              "size": [
                1.0,
                1.0,
                4.0
              ],
              "pivot": [
                -2.0,
                2.0,
                7.0
              ],
              "rotation": [
                7.5,
                45.0,
                0.0
              ],
              "uv": [
                35,
                112
              ],
              "inflate": 0.2
            },
            {
              "origin": [
                3.0,
                31.2,
                10.0
              ],
              "size": [
                3.0,
                3.0,
                1.0
              ],
              "pivot": [
                -2.0,
                2.0,
                7.0
              ],
              "rotation": [
                7.5,
                45.0,
                0.0
              ],
              "uv": [
                3,
                117
              ],
              "inflate": 0
            }
          ],
          "parent": "bb_main",
          "rotation": [
            12.82477,
            -14.81812,
            -1.67459
          ]
        },
        {
          "name": "bone3",
          "pivot": [
            -2,
            2,
            7
          ],
          "parent": "bb_main",
          "rotation": [
            12.82477,
            -14.81812,
            -1.67459
          ]
        },
        {
          "name": "bone2",
          "pivot": [
            2,
            2,
            7
          ],
          "cubes": [
            {
              "origin": [
                -4.5,
                32.0,
                19.0
              ],
              "size": [
                0.0,
                1.2,
                3.0
              ],
              "pivot": [
                2.0,
                2.0,
                7.0
              ],
              "rotation": [
                10.0,
                -45.0,
                0.0
              ],
              "uv": [
                3,
                119
              ],
              "inflate": 0.2
            },
            {
              "origin": [
                -4.5,
                32.0,
                21.6
              ],
              "size": [
                0.0,
                0.2,
                1.0
              ],
              "pivot": [
                2.0,
                2.0,
                7.0
              ],
              "rotation": [
                10.0,
                -45.0,
                0.0
              ],
              "uv": [
                3,
                102
              ],
              "inflate": 0.2
            },
            {
              "origin": [
                -4.5,
                32.5,
                22.0
              ],
              "size": [
                0.0,
                0.5,
                1.0
              ],
              "pivot": [
                2.0,
                2.0,
                7.0
              ],
              "rotation": [
                10.0,
                -45.0,
                0.0
              ],
              "uv": [
                3,
                102
              ],
              "inflate": 0.2
            },
            {
              "origin": [
                -4.5,
                32.5,
                23.1
              ],
              "size": [
                0.0,
                0.5,
                0.0
              ],
              "pivot": [
                2.0,
                2.0,
                7.0
              ],
              "rotation": [
                10.0,
                -45.0,
                0.0
              ],
              "uv": [
                3,
                102
              ],
              "inflate": 0.2
            },
            {
              "origin": [
                -4.5,
                33.0,
                23.4
              ],
              "size": [
                0.0,
                0.0,
                0.0
              ],
              "pivot": [
                2.0,
                2.0,
                7.0
              ],
              "rotation": [
                10.0,
                -45.0,
                0.0
              ],
              "uv": [
                3,
                102
              ],
              "inflate": 0.2
            },
            {
              "origin": [
                -4.5,
                32.0,
                12.0
              ],
              "size": [
                0.0,
                1.2,
                7.0
              ],
              "pivot": [
                2.0,
                2.0,
                7.0
              ],
              "rotation": [
                10.0,
                -45.0,
                0.0
              ],
              "uv": [
                27,
                115
              ],
              "inflate": 0.2
            },
            {
              "origin": [
                -4.5,
                33.2,
                19.0
              ],
              "size": [
                0.0,
                0.0,
                5.0
              ],
              "pivot": [
                2.0,
                2.0,
                7.0
              ],
              "rotation": [
                10.0,
                -45.0,
                0.0
              ],
              "uv": [
                3,
                102
              ],
              "inflate": 0.2
            },
            {
              "origin": [
                -8.42893,
                32.788,
                9.5
              ],
              "size": [
                0.0,
                0.0,
                1.4
              ],
              "pivot": [
                -9.0,
                34.0,
                8.0
              ],
              "rotation": [
                50.8,
                -45.0,
                0.0
              ],
              "uv": [
                3,
                102
              ],
              "inflate": 0.2
            },
            {
              "origin": [
                -5.0,
                32.2,
                6.0
              ],
              "size": [
                1.0,
                1.0,
                4.0
              ],
              "pivot": [
                2.0,
                2.0,
                7.0
              ],
              "rotation": [
                7.5,
                -45.0,
                0.0
              ],
              "uv": [
                27,
                102
              ],
              "inflate": 0.2
            },
            {
              "origin": [
                -6.0,
                31.2,
                10.0
              ],
              "size": [
                3.0,
                3.0,
                1.0
              ],
              "pivot": [
                2.0,
                2.0,
                7.0
              ],
              "rotation": [
                7.5,
                -45.0,
                0.0
              ],
              "uv": [
                3,
                106
              ],
              "inflate": 0
            }
          ],
          "parent": "bb_main",
          "rotation": [
            12.82477,
            14.81812,
            1.67459
          ]
        },
        {
          "name": "rightLeg",
          "pivot": [
            -1.9,
            12,
            0
          ],
          "cubes": [
            {
              "origin": [
                -3.9,
                0.0,
                -2.0
              ],
              "size": [
                4.0,
                12.0,
                4.0
              ],
              "uv": [
                48,
                9
              ],
              "inflate": 0
            },
            {
              "origin": [
                -3.9,
                0.0,
                -2.0
              ],
              "size": [
                4.0,
                12.0,
                4.0
              ],
              "uv": [
                0,
                48
              ],
              "inflate": 0.25
            }
          ],
          "parent": "waist"
        },
        {
          "name": "leftLeg",
          "pivot": [
            1.9,
            12,
            0
          ],
          "cubes": [
            {
              "origin": [
                -0.1,
                0.0,
                -2.0
              ],
              "size": [
                4.0,
                12.0,
                4.0
              ],
              "uv": [
                36,
                44
              ],
              "inflate": 0
            },
            {
              "origin": [
                -0.1,
                0.0,
                -2.0
              ],
              "size": [
                4.0,
                12.0,
                4.0
              ],
              "uv": [
                20,
                44
              ],
              "inflate": 0.25
            }
          ],
          "parent": "waist"
        }
      ]
    }
  ]
}