{
  "format_version": "1.10.0",
  "geometry.entity_makima2": {
    "texturewidth": 64,
    "textureheight": 64,
    "visible_bounds_width": 2,
    "visible_bounds_height": 3,
    "visible_bounds_offset": [
      0,
      1.5,
      0
    ],
    "bones": [
      {
        "name": "body",
        "pivot": [
          0,
          24,
          0
        ],
        "cubes": [
          {
            "origin": [
              -4.0,
              12.0,
              -2.0
            ],
            "size": [
              8.0,
              12.0,
              4.0
            ],
            "uv": [
              16,
              16
            ],
            "inflate": 0
          }
        ]
      },
      {
        "name": "bodyArmor",
        "pivot": [
          0,
          24,
          0
        ],
        "parent": "body"
      },
      {
        "name": "belt",
        "pivot": [
          0,
          24,
          0
        ],
        "parent": "body"
      },
      {
        "name": "body2",
        "pivot": [
          0,
          24,
          0
        ],
        "cubes": [
          {
            "origin": [
              -3.0,
              20.0,
              -5.0
            ],
            "size": [
              6.0,
              5.0,
              3.0
            ],
            "uv": [
              18,
              20
            ],
            "inflate": 0
          }
        ],
        "parent": "body",
        "rotation": [
          40,
          0,
          0
        ]
      },
      {
        "name": "bodyArmor2",
        "pivot": [
          0,
          24,
          0
        ],
        "parent": "body2"
      },
      {
        "name": "belt2",
        "pivot": [
          0,
          24,
          0
        ],
        "parent": "body2"
      },
      {
        "name": "waist",
        "pivot": [
          0,
          12,
          0
        ]
      },
      {
        "name": "head",
        "pivot": [
          0,
          24,
          0
        ],
        "cubes": [
          {
            "origin": [
              -4.0,
              24.0,
              -4.0
            ],
            "size": [
              8.0,
              8.0,
              8.0
            ],
            "uv": [
              0,
              0
            ],
            "inflate": 0
          }
        ]
      },
      {
        "name": "hat",
        "pivot": [
          0,
          24,
          0
        ],
        "cubes": [
          {
            "origin": [
              -4.0,
              24.0,
              -4.0
            ],
            "size": [
              8.0,
              8.0,
              8.0
            ],
            "uv": [
              32,
              0
            ],
            "inflate": 0.5
          }
        ],
        "parent": "head"
      },
      {
        "name": "rightArm",
        "pivot": [
          -5,
          22,
          0
        ],
        "cubes": [
          {
            "origin": [
              -7.0,
              12.0,
              -2.0
            ],
            "size": [
              3.0,
              12.0,
              4.0
            ],
            "uv": [
              40,
              16
            ],
            "inflate": 0
          }
        ]
      },
      {
        "name": "rightItem",
        "pivot": [
          -6,
          15,
          1
        ],
        "parent": "rightArm"
      },
      {
        "name": "rightArmArmor",
        "pivot": [
          -5,
          22,
          0
        ],
        "parent": "rightArm"
      },
      {
        "name": "leftArm",
        "pivot": [
          5,
          22,
          0
        ],
        "cubes": [
          {
            "origin": [
              4.0,
              12.0,
              -2.0
            ],
            "size": [
              3.0,
              12.0,
              4.0
            ],
            "uv": [
              40,
              16
            ],
            "inflate": 0
          }
        ],
        "mirror": true
      },
      {
        "name": "leftArmArmor",
        "pivot": [
          5,
          22,
          0
        ],
        "parent": "leftArm",
        "mirror": true
      },
      {
        "name": "rightLeg",
        "pivot": [
          -1.9,
          12,
          0
        ],
        "cubes": [
          {
            "origin": [
              -3.9,
              0.0,
              -2.0
            ],
            "size": [
              4.0,
              12.0,
              4.0
            ],
            "uv": [
              0,
              16
            ],
            "inflate": 0
          }
        ]
      },
      {
        "name": "rightLegging",
        "pivot": [
          -1.9,
          12,
          0
        ],
        "parent": "rightLeg"
      },
      {
        "name": "rightBoot",
        "pivot": [
          -1.9,
          12,
          0
        ],
        "parent": "rightLeg"
      },
      {
        "name": "rightSock",
        "pivot": [
          -1.9,
          12,
          0
        ],
        "parent": "rightLeg"
      },
      {
        "name": "leftLeg",
        "pivot": [
          1.9,
          12,
          0
        ],
        "cubes": [
          {
            "origin": [
              -0.1,
              0.0,
              -2.0
            ],
            "size": [
              4.0,
              12.0,
              4.0
            ],
            "uv": [
              0,
              16
            ],
            "inflate": 0
          }
        ],
        "mirror": true
      },
      {
        "name": "leftLegging",
        "pivot": [
          1.9,
          12,
          0
        ],
        "parent": "leftLeg",
        "mirror": true
      },
      {
        "name": "leftBoot",
        "pivot": [
          1.9,
          12,
          0
        ],
        "parent": "leftLeg",
        "mirror": true
      },
      {
        "name": "leftSock",
        "pivot": [
          1.9,
          12,
          0
        ],
        "parent": "leftLeg",
        "mirror": true
      },
      {
        "name": "helmet",
        "pivot": [
          0,
          24,
          0
        ]
      }
    ]
  }
}