{
	"format_version": "1.12.0",
	"minecraft:geometry": [
		{
			"description": {
				"identifier": "geometry.entity_gun_majindie",
				"texture_width": 128,
				"texture_height": 128,
				"visible_bounds_width": 5,
				"visible_bounds_height": 5,
				"visible_bounds_offset": [0, 0.5, 0]
			},
			"bones": [
				{
					"name": "zhiti",
					"pivot": [0, 2, -12],
					"rotation": [-90, 0, 0]
				},
				{
					"name": "z",
					"parent": "zhiti",
					"pivot": [0, 14, -12]
				},
				{
					"name": "an",
					"parent": "z",
					"pivot": [0, 14, -12],
					"cubes": [
						{"origin": [-4, 14, -14], "size": [8, 12, 4], "inflate": 0.25, "uv": [29, 30]}
					]
				},
				{
					"name": "1",
					"parent": "an",
					"pivot": [-5, 24, -12],
					"cubes": [
						{"origin": [-8, 14, -14], "size": [4, 12, 4], "inflate": 0.25, "uv": [80, 44]}
					]
				},
				{
					"name": "rightItem",
					"parent": "1",
					"pivot": [-6, 17, -11]
				},
				{
					"name": "3",
					"parent": "an",
					"pivot": [5, 24, -12],
					"cubes": [
						{
							"origin": [8.0976, 16.5056, -13.8944],
							"size": [1.8944, 7.5776, 2.8416],
							"uv": {
								"north": {"uv": [0, 0], "uv_size": [2, 2]},
								"east": {"uv": [0, 0], "uv_size": [2, 2]},
								"south": {"uv": [0, 0], "uv_size": [2, 2]},
								"west": {"uv": [0, 0], "uv_size": [3.5, 6.5]},
								"up": {"uv": [2, 2], "uv_size": [-2, -2]},
								"down": {"uv": [128, 128], "uv_size": [-2, -2]}
							}
						},
						{
							"origin": [8.0976, 8.928, -13.4208],
							"size": [1.8944, 7.5776, 1.8944],
							"uv": {
								"north": {"uv": [19.5, 18], "uv_size": [-10.5, 20]},
								"east": {"uv": [0, 0], "uv_size": [2, 2]},
								"south": {"uv": [0, 0], "uv_size": [2, 2]},
								"west": {"uv": [73, 91], "uv_size": [3.5, 6.5]},
								"up": {"uv": [2, 5.5], "uv_size": [-2, -2]},
								"down": {"uv": [128, 128], "uv_size": [-2, -2]}
							}
						},
						{"origin": [4, 14, -14], "size": [4, 12, 4], "inflate": 0.25, "uv": [80, 44]}
					]
				},
				{
					"name": "leftItem",
					"parent": "3",
					"pivot": [6, 17, -11]
				},
				{
					"name": "9",
					"parent": "an",
					"pivot": [0, 26, -12],
					"cubes": [
						{"origin": [-4, 25.6, -16], "size": [8, 8, 8], "uv": [0, 17]},
						{"origin": [-4, 25.6, -16], "size": [8, 8, 8], "inflate": 0.5, "uv": [77, 13.5]},
						{"origin": [-5, 34.1, -17], "size": [10, 0, 10], "uv": [83.5, 2.5]},
						{"origin": [4.51, 29.6, -17], "size": [0, 5, 10], "uv": [93, 56], "mirror": true},
						{"origin": [-4.51, 29.6, -17], "size": [0, 5, 10], "uv": [89, 51]},
						{"origin": [-4.49, 32.6, -16.51], "size": [9, 2, 0], "uv": [97, 48], "mirror": true},
						{"origin": [-4.51, 32.6, -7.5], "size": [9, 2, 0], "uv": [89, 87]},
						{
							"origin": [-2, 28, -24],
							"size": [1, 1, 8],
							"uv": {
								"north": {"uv": [0, 0], "uv_size": [1, 1]},
								"east": {"uv": [0, 0], "uv_size": [8, 1]},
								"south": {"uv": [0, 0], "uv_size": [1, 1]},
								"west": {"uv": [0, 0], "uv_size": [8, 1]},
								"up": {"uv": [1, 8], "uv_size": [-1, -8]},
								"down": {"uv": [1, 8], "uv_size": [-1, -8]}
							}
						},
						{
							"origin": [-2, 29, -24],
							"size": [4, 1, 8],
							"uv": {
								"north": {"uv": [0, 0], "uv_size": [4, 1]},
								"east": {"uv": [0, 0], "uv_size": [8, 1]},
								"south": {"uv": [0, 0], "uv_size": [4, 1]},
								"west": {"uv": [0, 0], "uv_size": [8, 1]},
								"up": {"uv": [4, 8], "uv_size": [-4, -8]},
								"down": {"uv": [4, 8], "uv_size": [-4, -8]}
							}
						},
						{
							"origin": [-2, 27, -24],
							"size": [4, 1, 8],
							"uv": {
								"north": {"uv": [0, 0], "uv_size": [4, 1]},
								"east": {"uv": [0, 0], "uv_size": [8, 1]},
								"south": {"uv": [0, 0], "uv_size": [4, 1]},
								"west": {"uv": [0, 0], "uv_size": [8, 1]},
								"up": {"uv": [4, 8], "uv_size": [-4, -8]},
								"down": {"uv": [4, 8], "uv_size": [-4, -8]}
							}
						},
						{
							"origin": [-1, 26, -23],
							"size": [2, 1, 7],
							"uv": {
								"north": {"uv": [0, 0], "uv_size": [2, 1]},
								"east": {"uv": [0, 0], "uv_size": [7, 1]},
								"south": {"uv": [0, 0], "uv_size": [2, 1]},
								"west": {"uv": [0, 0], "uv_size": [7, 1]},
								"up": {"uv": [2, 7], "uv_size": [-2, -7]},
								"down": {"uv": [2, 7], "uv_size": [-2, -7]}
							}
						},
						{
							"origin": [1, 28, -24],
							"size": [1, 1, 8],
							"uv": {
								"north": {"uv": [0, 0], "uv_size": [1, 1]},
								"east": {"uv": [0, 0], "uv_size": [8, 1]},
								"south": {"uv": [0, 0], "uv_size": [1, 1]},
								"west": {"uv": [0, 0], "uv_size": [8, 1]},
								"up": {"uv": [1, 8], "uv_size": [-1, -8]},
								"down": {"uv": [1, 8], "uv_size": [-1, -8]}
							}
						}
					]
				},
				{
					"name": "bone9",
					"parent": "9",
					"pivot": [0, 26, -12],
					"cubes": [
						{
							"origin": [-0.5, 32, -16],
							"size": [0.5, 5, 0.5],
							"pivot": [0, 26, -12],
							"rotation": [-45, 0, 0],
							"uv": {
								"north": {"uv": [53, 3], "uv_size": [0.5, 5]},
								"east": {"uv": [53, 8], "uv_size": [0.5, 5]},
								"south": {"uv": [54, 3], "uv_size": [0.5, 5]},
								"west": {"uv": [54, 8], "uv_size": [0.5, 5]},
								"up": {"uv": [57, 1], "uv_size": [0.5, 0.5]},
								"down": {"uv": [2, 57.5], "uv_size": [0.5, -0.5]}
							}
						},
						{
							"origin": [-0.5, 32, -15.8],
							"size": [0.5, 5, 1],
							"pivot": [0, 26, -12],
							"rotation": [-45, 0, 0],
							"uv": {
								"north": {"uv": [11, 54], "uv_size": [0.5, 5]},
								"east": {"uv": [44, 0], "uv_size": [1, 5]},
								"south": {"uv": [12, 54], "uv_size": [0.5, 5]},
								"west": {"uv": [44, 5], "uv_size": [1, 5]},
								"up": {"uv": [56, 25], "uv_size": [0.5, 1]},
								"down": {"uv": [56, 27], "uv_size": [0.5, -1]}
							}
						},
						{
							"origin": [-1, 32, -16.2],
							"size": [0.5, 5, 0.5],
							"pivot": [0, 26, -12],
							"rotation": [-44.56145, 2.05302, 7.10708],
							"uv": {
								"north": {"uv": [48, 54], "uv_size": [0.5, 5]},
								"east": {"uv": [49, 54], "uv_size": [0.5, 5]},
								"south": {"uv": [50, 54], "uv_size": [0.5, 5]},
								"west": {"uv": [51, 54], "uv_size": [0.5, 5]},
								"up": {"uv": [6, 57], "uv_size": [0.5, 0.5]},
								"down": {"uv": [7, 57.5], "uv_size": [0.5, -0.5]}
							}
						},
						{
							"origin": [-2.5, 32, -15.8],
							"size": [1, 5, 1],
							"pivot": [0, 26, -12],
							"rotation": [-44.56145, 12.05302, 7.10708],
							"uv": {
								"north": {"uv": [45, 0], "uv_size": [1, 5]},
								"east": {"uv": [45, 5], "uv_size": [1, 5]},
								"south": {"uv": [52, 0], "uv_size": [1, 5]},
								"west": {"uv": [52, 5], "uv_size": [1, 5]},
								"up": {"uv": [55, 23], "uv_size": [1, 1]},
								"down": {"uv": [24, 56], "uv_size": [1, -1]}
							}
						},
						{
							"origin": [0.8, 32, -15.7],
							"size": [1, 5, 1],
							"pivot": [0, 26, -12],
							"rotation": [-44.56145, -12.05302, -7.10708],
							"uv": {
								"north": {"uv": [8, 52], "uv_size": [1, 5]},
								"east": {"uv": [9, 52], "uv_size": [1, 5]},
								"south": {"uv": [10, 52], "uv_size": [1, 5]},
								"west": {"uv": [52, 10], "uv_size": [1, 5]},
								"up": {"uv": [55, 24], "uv_size": [1, 1]},
								"down": {"uv": [25, 56], "uv_size": [1, -1]}
							}
						},
						{
							"origin": [0.4, 32, -16],
							"size": [0.5, 5, 0.5],
							"pivot": [0, 26, -12],
							"rotation": [-44.56145, -7.05302, -7.10708],
							"uv": {
								"north": {"uv": [44, 54], "uv_size": [0.5, 5]},
								"east": {"uv": [45, 54], "uv_size": [0.5, 5]},
								"south": {"uv": [46, 54], "uv_size": [0.5, 5]},
								"west": {"uv": [47, 54], "uv_size": [0.5, 5]},
								"up": {"uv": [57, 4], "uv_size": [0.5, 0.5]},
								"down": {"uv": [5, 57.5], "uv_size": [0.5, -0.5]}
							}
						},
						{
							"origin": [0.4, 32, -16],
							"size": [0.5, 5, 0.5],
							"pivot": [0, 26, -12],
							"rotation": [-44.56145, -2.05302, -7.10708],
							"uv": {
								"north": {"uv": [13, 54], "uv_size": [0.5, 5]},
								"east": {"uv": [54, 17], "uv_size": [0.5, 5]},
								"south": {"uv": [54, 22], "uv_size": [0.5, 5]},
								"west": {"uv": [54, 27], "uv_size": [0.5, 5]},
								"up": {"uv": [57, 2], "uv_size": [0.5, 0.5]},
								"down": {"uv": [3, 57.5], "uv_size": [0.5, -0.5]}
							}
						},
						{
							"origin": [0.4, 32, -15.9],
							"size": [0.5, 5, 0.5],
							"pivot": [0, 26, -12],
							"rotation": [-44.56145, 0.44698, -7.10708],
							"uv": {
								"north": {"uv": [40, 54], "uv_size": [0.5, 5]},
								"east": {"uv": [41, 54], "uv_size": [0.5, 5]},
								"south": {"uv": [42, 54], "uv_size": [0.5, 5]},
								"west": {"uv": [43, 54], "uv_size": [0.5, 5]},
								"up": {"uv": [57, 3], "uv_size": [0.5, 0.5]},
								"down": {"uv": [4, 57.5], "uv_size": [0.5, -0.5]}
							}
						},
						{
							"origin": [-1.3, 32, -16.1],
							"size": [0.5, 5, 0.5],
							"pivot": [0, 26, -12],
							"rotation": [-44.56145, -0.44698, 7.10708],
							"uv": {
								"north": {"uv": [52, 54], "uv_size": [0.5, 5]},
								"east": {"uv": [53, 54], "uv_size": [0.5, 5]},
								"south": {"uv": [54, 54], "uv_size": [0.5, 5]},
								"west": {"uv": [0, 55], "uv_size": [0.5, 5]},
								"up": {"uv": [8, 57], "uv_size": [0.5, 0.5]},
								"down": {"uv": [9, 57.5], "uv_size": [0.5, -0.5]}
							}
						},
						{
							"origin": [-1.2, 33.2, -15.4],
							"size": [2, 2, 2],
							"pivot": [0, 26, -12],
							"rotation": [-37.5, 0, 0],
							"uv": {
								"north": {"uv": [16.5, 20], "uv_size": [0, 6]},
								"east": {"uv": [98.5, 26.5], "uv_size": [2, 2]},
								"south": {"uv": [34, 22], "uv_size": [2, 2]},
								"west": {"uv": [36, 22], "uv_size": [2, 2]},
								"up": {"uv": [38, 22], "uv_size": [2, 2]},
								"down": {"uv": [40, 24], "uv_size": [2, -2]}
							}
						}
					]
				},
				{
					"name": "6",
					"parent": "z",
					"pivot": [1.9, 14, -12],
					"cubes": [
						{"origin": [0.9, 6, -19], "size": [4, 8, 4], "inflate": 0.25, "pivot": [0, 2, -12], "rotation": [-22.32648, -2.86313, -6.93488], "uv": [0, 98]},
						{"origin": [-5.1, 6, -19], "size": [4, 8, 4], "inflate": 0.25, "pivot": [0, 2, -12], "rotation": [-22.32648, 2.86313, 6.93488], "uv": [0, 98]},
						{"origin": [-5.1, 2, -12], "size": [4, 8, 4], "inflate": 0.25, "pivot": [0, 2, -12], "rotation": [39.90109, -2.68407, 4.22005], "uv": [0, 98]},
						{"origin": [1.9, 2, -13], "size": [4, 8, 4], "inflate": 0.25, "pivot": [0, 2, -12], "rotation": [29.40842, 6.21271, -10.86815], "uv": [0, 98]}
					]
				}
			]
		}
	]
}