{
  "format_version": "1.10.0",
  "geometry.entity_bat_devil": {
    "texturewidth": 128,
    "textureheight": 128,
    "visible_bounds_width": 3,
    "visible_bounds_height": 4,
    "visible_bounds_offset": [
      0,
      2,
      0
    ],
    "bones": [
      {
        "name": "bone",
        "cubes": [
          {
            "origin": [
              -7.0,
              28.0,
              -1.0
            ],
            "size": [
              16.0,
              5.0,
              5.0
            ],
            "uv": [
              37,
              31
            ],
            "inflate": 0
          },
          {
            "origin": [
              -4.0,
              33.0,
              -3.0
            ],
            "size": [
              10.0,
              8.0,
              8.0
            ],
            "uv": [
              0,
              31
            ],
            "inflate": 0
          },
          {
            "origin": [
              -3.0,
              37.0,
              -1.0
            ],
            "size": [
              2.0,
              6.0,
              2.0
            ],
            "uv": [
              56,
              80
            ],
            "inflate": 0
          },
          {
            "origin": [
              -3.5,
              41.0,
              -0.4
            ],
            "size": [
              3.0,
              6.0,
              1.0
            ],
            "uv": [
              80,
              33
            ],
            "inflate": 0
          },
          {
            "origin": [
              2.5,
              41.0,
              -0.4
            ],
            "size": [
              3.0,
              6.0,
              1.0
            ],
            "uv": [
              79,
              51
            ],
            "inflate": 0
          },
          {
            "origin": [
              0.0,
              37.0,
              -1.0
            ],
            "size": [
              2.0,
              6.0,
              2.0
            ],
            "uv": [
              80,
              0
            ],
            "inflate": 0
          },
          {
            "origin": [
              3.0,
              37.0,
              -1.0
            ],
            "size": [
              2.0,
              6.0,
              2.0
            ],
            "uv": [
              77,
              18
            ],
            "inflate": 0
          },
          {
            "origin": [
              -7.0,
              33.0,
              -1.0
            ],
            "size": [
              15.0,
              3.0,
              11.0
            ],
            "uv": [
              0,
              16
            ],
            "inflate": 0
          },
          {
            "origin": [
              -8.0,
              36.0,
              3.0
            ],
            "size": [
              18.0,
              7.0,
              8.0
            ],
            "uv": [
              0,
              0
            ],
            "inflate": 0
          },
          {
            "origin": [
              -3.0,
              18.0,
              -1.0
            ],
            "size": [
              8.0,
              5.0,
              5.0
            ],
            "uv": [
              53,
              0
            ],
            "inflate": 0
          },
          {
            "origin": [
              -6.0,
              9.0,
              -1.0
            ],
            "size": [
              5.0,
              11.0,
              5.0
            ],
            "uv": [
              58,
              42
            ],
            "inflate": 0
          },
          {
            "origin": [
              -12.0,
              18.0,
              -1.0
            ],
            "size": [
              5.0,
              15.0,
              5.0
            ],
            "uv": [
              0,
              48
            ],
            "inflate": 0
          },
          {
            "origin": [
              9.0,
              18.0,
              -1.0
            ],
            "size": [
              5.0,
              15.0,
              5.0
            ],
            "uv": [
              37,
              42
            ],
            "inflate": 0
          },
          {
            "origin": [
              -5.0,
              3.0,
              0.0
            ],
            "size": [
              3.0,
              6.0,
              3.0
            ],
            "uv": [
              21,
              48
            ],
            "inflate": 0
          },
          {
            "origin": [
              -6.0,
              1.0,
              -2.0
            ],
            "size": [
              5.0,
              2.0,
              5.0
            ],
            "uv": [
              0,
              69
            ],
            "inflate": 0
          },
          {
            "origin": [
              3.0,
              1.0,
              -2.0
            ],
            "size": [
              5.0,
              2.0,
              5.0
            ],
            "uv": [
              42,
              66
            ],
            "inflate": 0
          },
          {
            "origin": [
              4.0,
              3.0,
              0.0
            ],
            "size": [
              3.0,
              6.0,
              3.0
            ],
            "uv": [
              18,
              75
            ],
            "inflate": 0
          },
          {
            "origin": [
              -5.0,
              10.0,
              -2.0
            ],
            "size": [
              3.0,
              8.0,
              1.0
            ],
            "uv": [
              79,
              41
            ],
            "inflate": 0
          },
          {
            "origin": [
              -6.0,
              28.0,
              -2.0
            ],
            "size": [
              6.0,
              4.0,
              1.0
            ],
            "uv": [
              75,
              59
            ],
            "inflate": 0
          },
          {
            "origin": [
              -7.0,
              27.0,
              4.0
            ],
            "size": [
              7.0,
              5.0,
              1.0
            ],
            "uv": [
              72,
              11
            ],
            "inflate": 0
          },
          {
            "origin": [
              -4.0,
              19.0,
              4.0
            ],
            "size": [
              4.0,
              7.0,
              1.0
            ],
            "uv": [
              0,
              77
            ],
            "inflate": 0
          },
          {
            "origin": [
              2.0,
              19.0,
              4.0
            ],
            "size": [
              4.0,
              7.0,
              1.0
            ],
            "uv": [
              0,
              16
            ],
            "inflate": 0
          },
          {
            "origin": [
              -10.0,
              18.0,
              1.0
            ],
            "size": [
              7.0,
              10.0,
              1.0
            ],
            "uv": [
              58,
              59
            ],
            "inflate": 0
          },
          {
            "origin": [
              5.0,
              19.0,
              1.0
            ],
            "size": [
              7.0,
              9.0,
              1.0
            ],
            "uv": [
              63,
              71
            ],
            "inflate": 0
          },
          {
            "origin": [
              2.0,
              28.0,
              -2.0
            ],
            "size": [
              6.0,
              4.0,
              1.0
            ],
            "uv": [
              75,
              27
            ],
            "inflate": 0
          },
          {
            "origin": [
              2.0,
              27.0,
              4.0
            ],
            "size": [
              7.0,
              5.0,
              1.0
            ],
            "uv": [
              41,
              74
            ],
            "inflate": 0
          },
          {
            "origin": [
              10.0,
              28.0,
              -2.0
            ],
            "size": [
              3.0,
              4.0,
              1.0
            ],
            "uv": [
              74,
              83
            ],
            "inflate": 0
          },
          {
            "origin": [
              10.0,
              23.0,
              -2.0
            ],
            "size": [
              3.0,
              4.0,
              1.0
            ],
            "uv": [
              65,
              82
            ],
            "inflate": 0
          },
          {
            "origin": [
              -11.0,
              18.0,
              -2.0
            ],
            "size": [
              3.0,
              4.0,
              1.0
            ],
            "uv": [
              40,
              81
            ],
            "inflate": 0
          },
          {
            "origin": [
              10.0,
              18.0,
              -2.0
            ],
            "size": [
              3.0,
              4.0,
              1.0
            ],
            "uv": [
              80,
              77
            ],
            "inflate": 0
          },
          {
            "origin": [
              -11.0,
              23.0,
              -2.0
            ],
            "size": [
              3.0,
              4.0,
              1.0
            ],
            "uv": [
              80,
              71
            ],
            "inflate": 0
          },
          {
            "origin": [
              -11.0,
              28.0,
              -2.0
            ],
            "size": [
              3.0,
              4.0,
              1.0
            ],
            "uv": [
              75,
              65
            ],
            "inflate": 0
          },
          {
            "origin": [
              2.0,
              24.0,
              -2.0
            ],
            "size": [
              4.0,
              3.0,
              1.0
            ],
            "uv": [
              45,
              0
            ],
            "inflate": 0
          },
          {
            "origin": [
              -3.0,
              20.0,
              -2.0
            ],
            "size": [
              3.0,
              3.0,
              1.0
            ],
            "uv": [
              53,
              11
            ],
            "inflate": 0
          },
          {
            "origin": [
              2.0,
              20.0,
              -2.0
            ],
            "size": [
              3.0,
              3.0,
              1.0
            ],
            "uv": [
              53,
              42
            ],
            "inflate": 0
          },
          {
            "origin": [
              -4.0,
              24.0,
              -2.0
            ],
            "size": [
              4.0,
              3.0,
              1.0
            ],
            "uv": [
              29,
              31
            ],
            "inflate": 0
          },
          {
            "origin": [
              4.0,
              10.0,
              -2.0
            ],
            "size": [
              3.0,
              8.0,
              1.0
            ],
            "uv": [
              31,
              75
            ],
            "inflate": 0
          },
          {
            "origin": [
              3.0,
              9.0,
              -1.0
            ],
            "size": [
              5.0,
              11.0,
              5.0
            ],
            "uv": [
              21,
              58
            ],
            "inflate": 0
          },
          {
            "origin": [
              -5.0,
              23.0,
              -1.0
            ],
            "size": [
              12.0,
              5.0,
              5.0
            ],
            "uv": [
              42,
              16
            ],
            "inflate": 0
          }
        ]
      }
    ]
  }
}