{
  "format_version": "1.12.0",
  "minecraft:geometry": [
    {
      "description": {
        "identifier": "geometry.entity_fox",
        "texture_width": 512,
        "texture_height": 512,
        "visible_bounds_width": 15,
        "visible_bounds_height": 7,
        "visible_bounds_offset": [
          0,
          2.5,
          0
        ]
      },
      "bones": [
        {
          "name": "head",
          "pivot": [
            1,
            20,
            -33
          ],
          "cubes": [
            {
              "origin": [
                -5.0,
                21.0,
                -56.0
              ],
              "size": [
                41.0,
                45.0,
                46.0
              ],
              "pivot": [
                1.0,
                20.0,
                -33.0
              ],
              "rotation": [
                0.0,
                0.0,
                62.5
              ],
              "uv": [
                0,
                0
              ],
              "inflate": 0
            },
            {
              "origin": [
                27.0,
                7.76223,
                -56.0
              ],
              "size": [
                41.0,
                8.0,
                46.0
              ],
              "pivot": [
                65.0,
                20.0,
                -33.0
              ],
              "rotation": [
                0.0,
                0.0,
                52.5
              ],
              "uv": [
                128,
                45
              ],
              "inflate": 0
            },
            {
              "origin": [
                0.0,
                25.0,
                -61.0
              ],
              "size": [
                36.0,
                37.0,
                5.0
              ],
              "pivot": [
                1.0,
                20.0,
                -33.0
              ],
              "rotation": [
                0.0,
                -2.5,
                62.5
              ],
              "uv": [
                84,
                299
              ],
              "inflate": 0
            },
            {
              "origin": [
                0.0,
                25.0,
                -10.0
              ],
              "size": [
                36.0,
                37.0,
                6.0
              ],
              "pivot": [
                1.0,
                20.0,
                -33.0
              ],
              "rotation": [
                0.0,
                2.5,
                62.5
              ],
              "uv": {
                "north": {
                  "uv": [
                    302,
                    293
                  ],
                  "uv_size": [
                    36,
                    37
                  ]
                },
                "east": {
                  "uv": [
                    302,
                    293
                  ],
                  "uv_size": [
                    36,
                    37
                  ]
                },
                "south": {
                  "uv": [
                    302,
                    293
                  ],
                  "uv_size": [
                    36,
                    37
                  ]
                },
                "west": {
                  "uv": [
                    302,
                    293
                  ],
                  "uv_size": [
                    36,
                    37
                  ]
                },
                "up": {
                  "uv": [
                    338,
                    330
                  ],
                  "uv_size": [
                    -36,
                    -37
                  ]
                },
                "down": {
                  "uv": [
                    338,
                    330
                  ],
                  "uv_size": [
                    -36,
                    -37
                  ]
                }
              },
              "inflate": 0
            },
            {
              "origin": [
                -13.0,
                17.0,
                -55.0
              ],
              "size": [
                34.0,
                42.0,
                44.0
              ],
              "pivot": [
                1.0,
                20.0,
                -33.0
              ],
              "rotation": [
                0.0,
                0.0,
                27.5
              ],
              "uv": [
                0,
                91
              ],
              "inflate": 0
            },
            {
              "origin": [
                -2.0,
                59.0,
                -45.0
              ],
              "size": [
                24.0,
                3.0,
                23.0
              ],
              "pivot": [
                1.0,
                20.0,
                -33.0
              ],
              "rotation": [
                0.0,
                0.0,
                27.5
              ],
              "uv": [
                112,
                99
              ],
              "inflate": 0
            },
            {
              "origin": [
                -17.0,
                11.0,
                -55.0
              ],
              "size": [
                22.0,
                55.0,
                44.0
              ],
              "pivot": [
                1.0,
                20.0,
                -33.0
              ],
              "rotation": [
                0.0,
                0.0,
                2.5
              ],
              "uv": [
                112,
                133
              ],
              "inflate": 0
            },
            {
              "origin": [
                -17.09602,
                10.82552,
                -60.43383
              ],
              "size": [
                22.0,
                55.0,
                6.0
              ],
              "pivot": [
                5.0,
                20.0,
                -57.0
              ],
              "rotation": [
                0.0,
                15.0,
                2.5
              ],
              "uv": [
                222,
                323
              ],
              "inflate": 0
            },
            {
              "origin": [
                -17.09602,
                10.82552,
                -11.56617
              ],
              "size": [
                22.0,
                55.0,
                6.0
              ],
              "pivot": [
                5.0,
                20.0,
                -9.0
              ],
              "rotation": [
                0.0,
                -15.0,
                2.5
              ],
              "uv": [
                166,
                323
              ],
              "inflate": 0
            },
            {
              "origin": [
                -29.0,
                11.8,
                -55.0
              ],
              "size": [
                14.0,
                56.0,
                44.0
              ],
              "pivot": [
                1.0,
                20.0,
                -33.0
              ],
              "rotation": [
                0.0,
                0.0,
                2.5
              ],
              "uv": [
                0,
                188
              ],
              "inflate": 0
            },
            {
              "origin": [
                -42.0,
                14.8,
                -55.0
              ],
              "size": [
                16.0,
                50.0,
                44.0
              ],
              "uv": [
                200,
                188
              ],
              "inflate": 0
            },
            {
              "origin": [
                -83.0,
                42.8,
                -50.0
              ],
              "size": [
                29.0,
                16.0,
                35.0
              ],
              "uv": [
                200,
                99
              ],
              "inflate": 0
            },
            {
              "origin": [
                -54.0,
                41.8,
                -55.0
              ],
              "size": [
                12.0,
                17.0,
                44.0
              ],
              "uv": [
                116,
                238
              ],
              "inflate": 0
            },
            {
              "origin": [
                -55.0,
                42.8,
                -58.1
              ],
              "size": [
                13.0,
                16.0,
                6.0
              ],
              "pivot": [
                -42.0,
                20.0,
                -33.0
              ],
              "rotation": [
                0.0,
                27.5,
                0.0
              ],
              "uv": [
                0,
                22
              ],
              "inflate": 0
            },
            {
              "origin": [
                -55.0,
                42.8,
                -13.9
              ],
              "size": [
                13.0,
                16.0,
                6.0
              ],
              "pivot": [
                -42.0,
                20.0,
                -33.0
              ],
              "rotation": [
                0.0,
                -27.5,
                0.0
              ],
              "uv": [
                0,
                0
              ],
              "inflate": 0
            },
            {
              "origin": [
                -87.93767,
                47.02389,
                -49.0
              ],
              "size": [
                9.0,
                11.7,
                33.0
              ],
              "pivot": [
                -83.0,
                39.0,
                -33.0
              ],
              "rotation": [
                0.0,
                0.0,
                -10.0
              ],
              "uv": [
                0,
                288
              ],
              "inflate": 0
            },
            {
              "origin": [
                -87.93767,
                58.02389,
                -37.0
              ],
              "size": [
                9.0,
                1.7,
                10.0
              ],
              "pivot": [
                -83.0,
                39.0,
                -33.0
              ],
              "rotation": [
                0.0,
                0.0,
                -10.0
              ],
              "uv": [
                0,
                123
              ],
              "inflate": 0
            },
            {
              "origin": [
                -80.93767,
                42.02389,
                -49.0
              ],
              "size": [
                5.0,
                10.7,
                33.0
              ],
              "pivot": [
                -83.0,
                39.0,
                -33.0
              ],
              "rotation": [
                0.0,
                0.0,
                -37.5
              ],
              "uv": [
                293,
                89
              ],
              "inflate": 0
            },
            {
              "origin": [
                -52.4,
                62.2,
                -55.0
              ],
              "size": [
                13.0,
                6.0,
                44.0
              ],
              "pivot": [
                -33.0,
                61.0,
                -33.0
              ],
              "rotation": [
                0.0,
                0.0,
                -27.5
              ],
              "uv": [
                256,
                0
              ],
              "inflate": 0
            },
            {
              "origin": [
                -43.0,
                64.0,
                -56.0
              ],
              "size": [
                13.0,
                12.0,
                4.0
              ],
              "pivot": [
                -21.0,
                64.0,
                -59.0
              ],
              "rotation": [
                10.0,
                22.5,
                0.0
              ],
              "uv": [
                0,
                107
              ],
              "inflate": 0
            },
            {
              "origin": [
                -43.0,
                64.0,
                -14.0
              ],
              "size": [
                13.0,
                12.0,
                4.0
              ],
              "pivot": [
                -21.0,
                64.0,
                -7.0
              ],
              "rotation": [
                -10.0,
                -22.5,
                0.0
              ],
              "uv": [
                0,
                91
              ],
              "inflate": 0
            },
            {
              "origin": [
                -43.0,
                64.0,
                -52.0
              ],
              "size": [
                13.0,
                12.0,
                1.0
              ],
              "pivot": [
                -21.0,
                64.0,
                -59.0
              ],
              "rotation": [
                10.0,
                22.5,
                0.0
              ],
              "uv": [
                128,
                13
              ],
              "inflate": 0
            },
            {
              "origin": [
                -43.0,
                64.0,
                -15.0
              ],
              "size": [
                13.0,
                12.0,
                1.0
              ],
              "pivot": [
                -21.0,
                64.0,
                -7.0
              ],
              "rotation": [
                -10.0,
                -22.5,
                0.0
              ],
              "uv": [
                128,
                0
              ],
              "inflate": 0
            },
            {
              "origin": [
                -46.0,
                61.0,
                -58.0
              ],
              "size": [
                3.0,
                12.0,
                4.0
              ],
              "pivot": [
                -21.0,
                64.0,
                -59.0
              ],
              "rotation": [
                25.86473,
                18.26883,
                37.15846
              ],
              "uv": [
                72,
                177
              ],
              "inflate": 0
            },
            {
              "origin": [
                -46.0,
                61.0,
                -12.0
              ],
              "size": [
                3.0,
                12.0,
                4.0
              ],
              "pivot": [
                -21.0,
                64.0,
                -7.0
              ],
              "rotation": [
                -25.86473,
                -18.26883,
                37.15846
              ],
              "uv": [
                22,
                177
              ],
              "inflate": 0
            },
            {
              "origin": [
                -45.0,
                61.0,
                -57.0
              ],
              "size": [
                7.0,
                8.0,
                4.0
              ],
              "pivot": [
                -21.0,
                64.0,
                -59.0
              ],
              "rotation": [
                25.5303,
                16.01601,
                36.02408
              ],
              "uv": [
                0,
                177
              ],
              "inflate": 0
            },
            {
              "origin": [
                -45.0,
                61.0,
                -13.0
              ],
              "size": [
                7.0,
                8.0,
                4.0
              ],
              "pivot": [
                -21.0,
                64.0,
                -7.0
              ],
              "rotation": [
                -25.5303,
                -16.01601,
                36.02408
              ],
              "uv": [
                112,
                99
              ],
              "inflate": 0
            },
            {
              "origin": [
                -31.07766,
                74.23097,
                -54.02301
              ],
              "size": [
                3.0,
                11.0,
                4.0
              ],
              "pivot": [
                -30.0,
                75.0,
                -52.0
              ],
              "rotation": [
                1.97001,
                29.79506,
                -23.80179
              ],
              "uv": [
                183,
                99
              ],
              "inflate": 0
            },
            {
              "origin": [
                -31.07766,
                74.23097,
                -15.97699
              ],
              "size": [
                3.0,
                11.0,
                4.0
              ],
              "pivot": [
                -30.0,
                75.0,
                -14.0
              ],
              "rotation": [
                -1.97001,
                -29.79506,
                -23.80179
              ],
              "uv": [
                86,
                177
              ],
              "inflate": 0
            }
          ],
          "rotation": [
            0,
            -90,
            0
          ]
        },
        {
          "name": "bone",
          "pivot": [
            -42,
            20,
            -53
          ],
          "cubes": [
            {
              "origin": [
                -58.0,
                24.8,
                -51.0
              ],
              "size": [
                16.0,
                7.0,
                36.0
              ],
              "uv": [
                276,
                150
              ],
              "inflate": 0
            },
            {
              "origin": [
                -84.0,
                26.8,
                -50.0
              ],
              "size": [
                26.0,
                5.0,
                34.0
              ],
              "uv": [
                256,
                50
              ],
              "inflate": 0
            },
            {
              "origin": [
                -84.0,
                19.8,
                -50.0
              ],
              "size": [
                26.0,
                5.0,
                34.0
              ],
              "pivot": [
                -42.0,
                20.0,
                -53.0
              ],
              "rotation": [
                0.0,
                0.0,
                9.5
              ],
              "uv": [
                128,
                0
              ],
              "inflate": 0
            },
            {
              "origin": [
                -58.0,
                19.8,
                -51.0
              ],
              "size": [
                16.0,
                5.0,
                36.0
              ],
              "pivot": [
                -42.0,
                20.0,
                -53.0
              ],
              "rotation": [
                0.0,
                0.0,
                7.5
              ],
              "uv": [
                192,
                282
              ],
              "inflate": 0
            },
            {
              "origin": [
                -53.0,
                15.8,
                -51.0
              ],
              "size": [
                14.0,
                5.0,
                36.0
              ],
              "pivot": [
                -42.0,
                20.0,
                -53.0
              ],
              "rotation": [
                0.0,
                0.0,
                30.0
              ],
              "uv": [
                284,
                246
              ],
              "inflate": 0
            }
          ],
          "parent": "head"
        },
        {
          "name": "bone2",
          "pivot": [
            -77,
            41,
            -53
          ],
          "cubes": [
            {
              "origin": [
                -82.0,
                9.0,
                -49.0
              ],
              "size": [
                3.0,
                6.0,
                2.0
              ],
              "pivot": [
                -42.0,
                20.0,
                -53.0
              ],
              "rotation": [
                0.0,
                0.0,
                30.0
              ],
              "uv": [
                230,
                26
              ],
              "inflate": 0
            },
            {
              "origin": [
                -83.0,
                9.0,
                -49.0
              ],
              "size": [
                2.0,
                8.0,
                2.0
              ],
              "pivot": [
                -42.0,
                20.0,
                -53.0
              ],
              "rotation": [
                0.0,
                0.0,
                30.0
              ],
              "uv": [
                227,
                107
              ],
              "inflate": 0
            },
            {
              "origin": [
                -82.31093,
                29.31347,
                -49.0
              ],
              "size": [
                3.0,
                8.3,
                2.0
              ],
              "pivot": [
                -77.0,
                41.0,
                -53.0
              ],
              "rotation": [
                0.0,
                0.0,
                -30.0
              ],
              "uv": [
                214,
                121
              ],
              "inflate": 0
            }
          ],
          "parent": "bone"
        },
        {
          "name": "bone7",
          "pivot": [
            -77,
            41,
            -13
          ],
          "cubes": [
            {
              "origin": [
                -82.0,
                9.0,
                -19.0
              ],
              "size": [
                3.0,
                6.0,
                2.0
              ],
              "pivot": [
                -42.0,
                20.0,
                -13.0
              ],
              "rotation": [
                0.0,
                0.0,
                30.0
              ],
              "uv": [
                10,
                223
              ],
              "inflate": 0
            },
            {
              "origin": [
                -83.0,
                9.0,
                -19.0
              ],
              "size": [
                2.0,
                8.0,
                2.0
              ],
              "pivot": [
                -42.0,
                20.0,
                -13.0
              ],
              "rotation": [
                0.0,
                0.0,
                30.0
              ],
              "uv": [
                98,
                221
              ],
              "inflate": 0
            },
            {
              "origin": [
                -82.31093,
                29.31347,
                -19.0
              ],
              "size": [
                3.0,
                8.3,
                2.0
              ],
              "pivot": [
                -77.0,
                41.0,
                -13.0
              ],
              "rotation": [
                0.0,
                0.0,
                -30.0
              ],
              "uv": [
                10,
                213
              ],
              "inflate": 0
            }
          ],
          "parent": "bone"
        },
        {
          "name": "bone3",
          "pivot": [
            -69,
            41,
            -53
          ],
          "cubes": [
            {
              "origin": [
                -74.0,
                9.0,
                -49.0
              ],
              "size": [
                3.0,
                6.0,
                2.0
              ],
              "pivot": [
                -34.0,
                20.0,
                -53.0
              ],
              "rotation": [
                0.0,
                0.0,
                30.0
              ],
              "uv": [
                226,
                150
              ],
              "inflate": 0
            },
            {
              "origin": [
                -75.0,
                9.0,
                -49.0
              ],
              "size": [
                2.0,
                8.0,
                2.0
              ],
              "pivot": [
                -34.0,
                20.0,
                -53.0
              ],
              "rotation": [
                0.0,
                0.0,
                30.0
              ],
              "uv": [
                226,
                162
              ],
              "inflate": 0
            },
            {
              "origin": [
                -74.31093,
                29.31347,
                -49.0
              ],
              "size": [
                3.0,
                8.3,
                2.0
              ],
              "pivot": [
                -69.0,
                41.0,
                -53.0
              ],
              "rotation": [
                0.0,
                0.0,
                -30.0
              ],
              "uv": [
                78,
                214
              ],
              "inflate": 0
            }
          ],
          "parent": "bone"
        },
        {
          "name": "bone8",
          "pivot": [
            -69,
            41,
            -13
          ],
          "cubes": [
            {
              "origin": [
                -74.0,
                9.0,
                -19.0
              ],
              "size": [
                3.0,
                6.0,
                2.0
              ],
              "pivot": [
                -34.0,
                20.0,
                -13.0
              ],
              "rotation": [
                0.0,
                0.0,
                30.0
              ],
              "uv": [
                88,
                221
              ],
              "inflate": 0
            },
            {
              "origin": [
                -75.0,
                9.0,
                -19.0
              ],
              "size": [
                2.0,
                8.0,
                2.0
              ],
              "pivot": [
                -34.0,
                20.0,
                -13.0
              ],
              "rotation": [
                0.0,
                0.0,
                30.0
              ],
              "uv": [
                219,
                109
              ],
              "inflate": 0
            },
            {
              "origin": [
                -74.31093,
                29.31347,
                -19.0
              ],
              "size": [
                3.0,
                8.3,
                2.0
              ],
              "pivot": [
                -69.0,
                41.0,
                -13.0
              ],
              "rotation": [
                0.0,
                0.0,
                -30.0
              ],
              "uv": [
                98,
                211
              ],
              "inflate": 0
            }
          ],
          "parent": "bone"
        },
        {
          "name": "bone4",
          "pivot": [
            -61,
            41,
            -53
          ],
          "cubes": [
            {
              "origin": [
                -66.0,
                9.0,
                -49.0
              ],
              "size": [
                3.0,
                6.0,
                2.0
              ],
              "pivot": [
                -26.0,
                20.0,
                -53.0
              ],
              "rotation": [
                0.0,
                0.0,
                30.0
              ],
              "uv": [
                224,
                119
              ],
              "inflate": 0
            },
            {
              "origin": [
                -67.0,
                9.0,
                -49.0
              ],
              "size": [
                2.0,
                8.0,
                2.0
              ],
              "pivot": [
                -26.0,
                20.0,
                -53.0
              ],
              "rotation": [
                0.0,
                0.0,
                30.0
              ],
              "uv": [
                224,
                18
              ],
              "inflate": 0
            },
            {
              "origin": [
                -66.31093,
                29.31347,
                -49.0
              ],
              "size": [
                3.0,
                8.3,
                2.0
              ],
              "pivot": [
                -61.0,
                41.0,
                -53.0
              ],
              "rotation": [
                0.0,
                0.0,
                -30.0
              ],
              "uv": [
                214,
                20
              ],
              "inflate": 0
            }
          ],
          "parent": "bone"
        },
        {
          "name": "bone9",
          "pivot": [
            -61,
            41,
            -13
          ],
          "cubes": [
            {
              "origin": [
                -66.0,
                9.0,
                -19.0
              ],
              "size": [
                3.0,
                6.0,
                2.0
              ],
              "pivot": [
                -26.0,
                20.0,
                -13.0
              ],
              "rotation": [
                0.0,
                0.0,
                30.0
              ],
              "uv": [
                0,
                219
              ],
              "inflate": 0
            },
            {
              "origin": [
                -67.0,
                9.0,
                -19.0
              ],
              "size": [
                2.0,
                8.0,
                2.0
              ],
              "pivot": [
                -26.0,
                20.0,
                -13.0
              ],
              "rotation": [
                0.0,
                0.0,
                30.0
              ],
              "uv": [
                218,
                164
              ],
              "inflate": 0
            },
            {
              "origin": [
                -66.31093,
                29.31347,
                -19.0
              ],
              "size": [
                3.0,
                8.3,
                2.0
              ],
              "pivot": [
                -61.0,
                41.0,
                -13.0
              ],
              "rotation": [
                0.0,
                0.0,
                -30.0
              ],
              "uv": [
                88,
                211
              ],
              "inflate": 0
            }
          ],
          "parent": "bone"
        },
        {
          "name": "bone5",
          "pivot": [
            -53,
            41,
            -53
          ],
          "cubes": [
            {
              "origin": [
                -58.0,
                9.0,
                -49.0
              ],
              "size": [
                3.0,
                6.0,
                2.0
              ],
              "pivot": [
                -18.0,
                20.0,
                -53.0
              ],
              "rotation": [
                0.0,
                0.0,
                30.0
              ],
              "uv": [
                224,
                10
              ],
              "inflate": 0
            },
            {
              "origin": [
                -59.0,
                9.0,
                -49.0
              ],
              "size": [
                2.0,
                8.0,
                2.0
              ],
              "pivot": [
                -18.0,
                20.0,
                -53.0
              ],
              "rotation": [
                0.0,
                0.0,
                30.0
              ],
              "uv": [
                224,
                0
              ],
              "inflate": 0
            },
            {
              "origin": [
                -58.31093,
                29.31347,
                -49.0
              ],
              "size": [
                3.0,
                8.3,
                2.0
              ],
              "pivot": [
                -53.0,
                41.0,
                -53.0
              ],
              "rotation": [
                0.0,
                0.0,
                -30.0
              ],
              "uv": [
                214,
                10
              ],
              "inflate": 0
            }
          ],
          "parent": "bone"
        },
        {
          "name": "bone10",
          "pivot": [
            -53,
            41,
            -13
          ],
          "cubes": [
            {
              "origin": [
                -58.0,
                9.0,
                -19.0
              ],
              "size": [
                3.0,
                6.0,
                2.0
              ],
              "pivot": [
                -18.0,
                20.0,
                -13.0
              ],
              "rotation": [
                0.0,
                0.0,
                30.0
              ],
              "uv": [
                218,
                156
              ],
              "inflate": 0
            },
            {
              "origin": [
                -59.0,
                9.0,
                -19.0
              ],
              "size": [
                2.0,
                8.0,
                2.0
              ],
              "pivot": [
                -18.0,
                20.0,
                -13.0
              ],
              "rotation": [
                0.0,
                0.0,
                30.0
              ],
              "uv": [
                28,
                217
              ],
              "inflate": 0
            },
            {
              "origin": [
                -58.31093,
                29.31347,
                -19.0
              ],
              "size": [
                3.0,
                8.3,
                2.0
              ],
              "pivot": [
                -53.0,
                41.0,
                -13.0
              ],
              "rotation": [
                0.0,
                0.0,
                -30.0
              ],
              "uv": [
                209,
                111
              ],
              "inflate": 0
            }
          ],
          "parent": "bone"
        },
        {
          "name": "bone6",
          "pivot": [
            -45,
            41,
            -53
          ],
          "cubes": [
            {
              "origin": [
                -50.0,
                9.0,
                -49.0
              ],
              "size": [
                3.0,
                6.0,
                2.0
              ],
              "pivot": [
                -10.0,
                20.0,
                -53.0
              ],
              "rotation": [
                0.0,
                0.0,
                30.0
              ],
              "uv": [
                223,
                99
              ],
              "inflate": 0
            },
            {
              "origin": [
                -51.0,
                9.0,
                -49.0
              ],
              "size": [
                2.0,
                8.0,
                2.0
              ],
              "pivot": [
                -10.0,
                20.0,
                -53.0
              ],
              "rotation": [
                0.0,
                0.0,
                30.0
              ],
              "uv": [
                72,
                222
              ],
              "inflate": 0
            },
            {
              "origin": [
                -50.31093,
                29.31347,
                -49.0
              ],
              "size": [
                3.0,
                8.3,
                2.0
              ],
              "pivot": [
                -45.0,
                41.0,
                -53.0
              ],
              "rotation": [
                0.0,
                0.0,
                -30.0
              ],
              "uv": [
                214,
                0
              ],
              "inflate": 0
            }
          ],
          "parent": "bone"
        },
        {
          "name": "bone11",
          "pivot": [
            -45,
            41,
            -13
          ],
          "cubes": [
            {
              "origin": [
                -50.0,
                9.0,
                -19.0
              ],
              "size": [
                3.0,
                6.0,
                2.0
              ],
              "pivot": [
                -10.0,
                20.0,
                -13.0
              ],
              "rotation": [
                0.0,
                0.0,
                30.0
              ],
              "uv": [
                210,
                150
              ],
              "inflate": 0
            },
            {
              "origin": [
                -51.0,
                9.0,
                -19.0
              ],
              "size": [
                2.0,
                8.0,
                2.0
              ],
              "pivot": [
                -10.0,
                20.0,
                -13.0
              ],
              "rotation": [
                0.0,
                0.0,
                30.0
              ],
              "uv": [
                215,
                99
              ],
              "inflate": 0
            },
            {
              "origin": [
                -50.31093,
                29.31347,
                -19.0
              ],
              "size": [
                3.0,
                8.3,
                2.0
              ],
              "pivot": [
                -45.0,
                41.0,
                -13.0
              ],
              "rotation": [
                0.0,
                0.0,
                -30.0
              ],
              "uv": [
                0,
                209
              ],
              "inflate": 0
            }
          ],
          "parent": "bone"
        },
        {
          "name": "bone26",
          "pivot": [
            -86,
            43,
            -37
          ],
          "cubes": [
            {
              "origin": [
                -91.0,
                70.0,
                -33.0
              ],
              "size": [
                6.0,
                6.0,
                2.0
              ],
              "pivot": [
                -51.0,
                64.0,
                -37.0
              ],
              "rotation": [
                0.0,
                0.0,
                -30.0
              ],
              "uv": [
                112,
                127
              ],
              "inflate": 0
            },
            {
              "origin": [
                -92.0,
                67.0,
                -33.0
              ],
              "size": [
                2.0,
                10.0,
                2.0
              ],
              "pivot": [
                -51.0,
                64.0,
                -37.0
              ],
              "rotation": [
                0.0,
                0.0,
                -30.0
              ],
              "uv": [
                100,
                177
              ],
              "inflate": 0
            },
            {
              "origin": [
                -91.31093,
                46.38653,
                -33.0
              ],
              "size": [
                3.0,
                8.3,
                2.0
              ],
              "pivot": [
                -86.0,
                43.0,
                -37.0
              ],
              "rotation": [
                0.0,
                0.0,
                30.0
              ],
              "uv": [
                0,
                123
              ],
              "inflate": 0
            }
          ],
          "parent": "bone",
          "rotation": [
            0,
            -90,
            180
          ]
        },
        {
          "name": "bone27",
          "pivot": [
            -86,
            43,
            -43
          ],
          "cubes": [
            {
              "origin": [
                -91.0,
                70.0,
                -39.0
              ],
              "size": [
                6.0,
                6.0,
                2.0
              ],
              "pivot": [
                -51.0,
                64.0,
                -43.0
              ],
              "rotation": [
                0.0,
                0.0,
                -30.0
              ],
              "uv": [
                28,
                123
              ],
              "inflate": 0
            },
            {
              "origin": [
                -92.0,
                67.0,
                -39.0
              ],
              "size": [
                2.0,
                10.0,
                2.0
              ],
              "pivot": [
                -51.0,
                64.0,
                -43.0
              ],
              "rotation": [
                0.0,
                0.0,
                -30.0
              ],
              "uv": [
                38,
                24
              ],
              "inflate": 0
            },
            {
              "origin": [
                -91.31093,
                46.38653,
                -39.0
              ],
              "size": [
                3.0,
                8.3,
                2.0
              ],
              "pivot": [
                -86.0,
                43.0,
                -43.0
              ],
              "rotation": [
                0.0,
                0.0,
                30.0
              ],
              "uv": [
                34,
                111
              ],
              "inflate": 0
            }
          ],
          "parent": "bone",
          "rotation": [
            0,
            -90,
            180
          ]
        },
        {
          "name": "bone28",
          "pivot": [
            -86,
            43,
            -28
          ],
          "cubes": [
            {
              "origin": [
                -91.0,
                70.0,
                -24.0
              ],
              "size": [
                6.0,
                6.0,
                2.0
              ],
              "pivot": [
                -51.0,
                64.0,
                -28.0
              ],
              "rotation": [
                0.0,
                0.0,
                -30.0
              ],
              "uv": [
                112,
                111
              ],
              "inflate": 0
            },
            {
              "origin": [
                -92.0,
                67.0,
                -24.0
              ],
              "size": [
                2.0,
                10.0,
                2.0
              ],
              "pivot": [
                -51.0,
                64.0,
                -28.0
              ],
              "rotation": [
                0.0,
                0.0,
                -30.0
              ],
              "uv": [
                38,
                12
              ],
              "inflate": 0
            },
            {
              "origin": [
                -91.31093,
                46.38653,
                -24.0
              ],
              "size": [
                3.0,
                8.3,
                2.0
              ],
              "pivot": [
                -86.0,
                43.0,
                -28.0
              ],
              "rotation": [
                0.0,
                0.0,
                30.0
              ],
              "uv": [
                34,
                101
              ],
              "inflate": 0
            }
          ],
          "parent": "bone",
          "rotation": [
            0,
            -90,
            180
          ]
        },
        {
          "name": "bone29",
          "pivot": [
            -86,
            43,
            -20
          ],
          "cubes": [
            {
              "origin": [
                -91.0,
                70.0,
                -16.0
              ],
              "size": [
                6.0,
                6.0,
                2.0
              ],
              "pivot": [
                -51.0,
                64.0,
                -20.0
              ],
              "rotation": [
                0.0,
                0.0,
                -30.0
              ],
              "uv": [
                112,
                91
              ],
              "inflate": 0
            },
            {
              "origin": [
                -92.0,
                67.0,
                -16.0
              ],
              "size": [
                2.0,
                10.0,
                2.0
              ],
              "pivot": [
                -51.0,
                64.0,
                -20.0
              ],
              "rotation": [
                0.0,
                0.0,
                -30.0
              ],
              "uv": [
                38,
                0
              ],
              "inflate": 0
            },
            {
              "origin": [
                -91.31093,
                46.38653,
                -16.0
              ],
              "size": [
                3.0,
                8.3,
                2.0
              ],
              "pivot": [
                -86.0,
                43.0,
                -20.0
              ],
              "rotation": [
                0.0,
                0.0,
                30.0
              ],
              "uv": [
                34,
                91
              ],
              "inflate": 0
            }
          ],
          "parent": "bone",
          "rotation": [
            0,
            -90,
            180
          ]
        },
        {
          "name": "bone24",
          "pivot": [
            -86,
            32,
            -24
          ],
          "cubes": [
            {
              "origin": [
                -91.0,
                59.0,
                -20.0
              ],
              "size": [
                6.0,
                6.0,
                2.0
              ],
              "pivot": [
                -51.0,
                53.0,
                -24.0
              ],
              "rotation": [
                0.0,
                0.0,
                -30.0
              ],
              "uv": [
                128,
                26
              ],
              "inflate": 0
            },
            {
              "origin": [
                -92.0,
                56.0,
                -20.0
              ],
              "size": [
                2.0,
                10.0,
                2.0
              ],
              "pivot": [
                -51.0,
                53.0,
                -24.0
              ],
              "rotation": [
                0.0,
                0.0,
                -30.0
              ],
              "uv": [
                36,
                185
              ],
              "inflate": 0
            },
            {
              "origin": [
                -91.31093,
                35.38653,
                -20.0
              ],
              "size": [
                3.0,
                8.3,
                2.0
              ],
              "pivot": [
                -86.0,
                32.0,
                -24.0
              ],
              "rotation": [
                0.0,
                0.0,
                30.0
              ],
              "uv": [
                0,
                189
              ],
              "inflate": 0
            }
          ],
          "parent": "head",
          "rotation": [
            0,
            90,
            0
          ]
        },
        {
          "name": "bone22",
          "pivot": [
            -86,
            32,
            -45
          ],
          "cubes": [
            {
              "origin": [
                -91.0,
                59.0,
                -41.0
              ],
              "size": [
                6.0,
                6.0,
                2.0
              ],
              "pivot": [
                -51.0,
                53.0,
                -45.0
              ],
              "rotation": [
                0.0,
                0.0,
                -30.0
              ],
              "uv": [
                144,
                26
              ],
              "inflate": 0
            },
            {
              "origin": [
                -92.0,
                56.0,
                -41.0
              ],
              "size": [
                2.0,
                10.0,
                2.0
              ],
              "pivot": [
                -51.0,
                53.0,
                -45.0
              ],
              "rotation": [
                0.0,
                0.0,
                -30.0
              ],
              "uv": [
                20,
                193
              ],
              "inflate": 0
            },
            {
              "origin": [
                -91.31093,
                35.38653,
                -41.0
              ],
              "size": [
                3.0,
                8.3,
                2.0
              ],
              "pivot": [
                -86.0,
                32.0,
                -45.0
              ],
              "rotation": [
                0.0,
                0.0,
                30.0
              ],
              "uv": [
                84,
                192
              ],
              "inflate": 0
            }
          ],
          "parent": "head",
          "rotation": [
            0,
            90,
            0
          ]
        },
        {
          "name": "bone17",
          "pivot": [
            -73,
            31,
            -53
          ],
          "cubes": [
            {
              "origin": [
                -78.0,
                58.0,
                -49.0
              ],
              "size": [
                6.0,
                6.0,
                2.0
              ],
              "pivot": [
                -38.0,
                52.0,
                -53.0
              ],
              "rotation": [
                0.0,
                0.0,
                -30.0
              ],
              "uv": [
                176,
                125
              ],
              "inflate": 0
            },
            {
              "origin": [
                -79.0,
                55.0,
                -49.0
              ],
              "size": [
                2.0,
                10.0,
                2.0
              ],
              "pivot": [
                -38.0,
                52.0,
                -53.0
              ],
              "rotation": [
                0.0,
                0.0,
                -30.0
              ],
              "uv": [
                94,
                199
              ],
              "inflate": 0
            },
            {
              "origin": [
                -78.31093,
                34.38653,
                -49.0
              ],
              "size": [
                3.0,
                8.3,
                2.0
              ],
              "pivot": [
                -73.0,
                31.0,
                -53.0
              ],
              "rotation": [
                0.0,
                0.0,
                30.0
              ],
              "uv": [
                199,
                109
              ],
              "inflate": 0
            }
          ],
          "parent": "head"
        },
        {
          "name": "bone19",
          "pivot": [
            -65,
            31,
            -53
          ],
          "cubes": [
            {
              "origin": [
                -70.0,
                58.0,
                -49.0
              ],
              "size": [
                6.0,
                6.0,
                2.0
              ],
              "pivot": [
                -30.0,
                52.0,
                -53.0
              ],
              "rotation": [
                0.0,
                0.0,
                -30.0
              ],
              "uv": [
                160,
                125
              ],
              "inflate": 0
            },
            {
              "origin": [
                -71.0,
                55.0,
                -49.0
              ],
              "size": [
                2.0,
                10.0,
                2.0
              ],
              "pivot": [
                -30.0,
                52.0,
                -53.0
              ],
              "rotation": [
                0.0,
                0.0,
                -30.0
              ],
              "uv": [
                10,
                199
              ],
              "inflate": 0
            },
            {
              "origin": [
                -70.31093,
                34.38653,
                -49.0
              ],
              "size": [
                3.0,
                8.3,
                2.0
              ],
              "pivot": [
                -65.0,
                31.0,
                -53.0
              ],
              "rotation": [
                0.0,
                0.0,
                30.0
              ],
              "uv": [
                0,
                199
              ],
              "inflate": 0
            }
          ],
          "parent": "head"
        },
        {
          "name": "bone20",
          "pivot": [
            -57,
            31,
            -53
          ],
          "cubes": [
            {
              "origin": [
                -62.0,
                58.0,
                -49.0
              ],
              "size": [
                6.0,
                6.0,
                2.0
              ],
              "pivot": [
                -22.0,
                52.0,
                -53.0
              ],
              "rotation": [
                0.0,
                0.0,
                -30.0
              ],
              "uv": [
                144,
                125
              ],
              "inflate": 0
            },
            {
              "origin": [
                -63.0,
                55.0,
                -49.0
              ],
              "size": [
                2.0,
                10.0,
                2.0
              ],
              "pivot": [
                -22.0,
                52.0,
                -53.0
              ],
              "rotation": [
                0.0,
                0.0,
                -30.0
              ],
              "uv": [
                36,
                197
              ],
              "inflate": 0
            },
            {
              "origin": [
                -62.31093,
                34.38653,
                -49.0
              ],
              "size": [
                3.0,
                8.3,
                2.0
              ],
              "pivot": [
                -57.0,
                31.0,
                -53.0
              ],
              "rotation": [
                0.0,
                0.0,
                30.0
              ],
              "uv": [
                197,
                99
              ],
              "inflate": 0
            }
          ],
          "parent": "head"
        },
        {
          "name": "bone21",
          "pivot": [
            -49,
            31,
            -53
          ],
          "cubes": [
            {
              "origin": [
                -54.0,
                58.0,
                -49.0
              ],
              "size": [
                5.0,
                5.0,
                2.0
              ],
              "pivot": [
                -14.0,
                52.0,
                -53.0
              ],
              "rotation": [
                0.0,
                0.0,
                -30.0
              ],
              "uv": [
                128,
                39
              ],
              "inflate": 0
            },
            {
              "origin": [
                -55.0,
                55.0,
                -49.0
              ],
              "size": [
                2.0,
                10.0,
                2.0
              ],
              "pivot": [
                -14.0,
                52.0,
                -53.0
              ],
              "rotation": [
                0.0,
                0.0,
                -30.0
              ],
              "uv": [
                28,
                193
              ],
              "inflate": 0
            },
            {
              "origin": [
                -54.31093,
                34.38653,
                -49.0
              ],
              "size": [
                3.0,
                8.3,
                2.0
              ],
              "pivot": [
                -49.0,
                31.0,
                -53.0
              ],
              "rotation": [
                0.0,
                0.0,
                30.0
              ],
              "uv": [
                72,
                193
              ],
              "inflate": 0
            }
          ],
          "parent": "head"
        },
        {
          "name": "bone18",
          "pivot": [
            -42,
            32,
            -53
          ],
          "cubes": [
            {
              "origin": [
                -47.0,
                58.0,
                -49.0
              ],
              "size": [
                3.0,
                6.0,
                2.0
              ],
              "pivot": [
                -7.0,
                53.0,
                -53.0
              ],
              "rotation": [
                0.0,
                0.0,
                -30.0
              ],
              "uv": [
                192,
                125
              ],
              "inflate": 0
            },
            {
              "origin": [
                -48.0,
                56.0,
                -49.0
              ],
              "size": [
                2.0,
                8.0,
                2.0
              ],
              "pivot": [
                -7.0,
                53.0,
                -53.0
              ],
              "rotation": [
                0.0,
                0.0,
                -30.0
              ],
              "uv": [
                20,
                215
              ],
              "inflate": 0
            },
            {
              "origin": [
                -47.31093,
                35.38653,
                -49.0
              ],
              "size": [
                3.0,
                8.3,
                2.0
              ],
              "pivot": [
                -42.0,
                32.0,
                -53.0
              ],
              "rotation": [
                0.0,
                0.0,
                30.0
              ],
              "uv": [
                18,
                205
              ],
              "inflate": 0
            }
          ],
          "parent": "head"
        },
        {
          "name": "bone16",
          "pivot": [
            -73,
            31,
            -13
          ],
          "cubes": [
            {
              "origin": [
                -78.0,
                58.0,
                -19.0
              ],
              "size": [
                6.0,
                6.0,
                2.0
              ],
              "pivot": [
                -38.0,
                52.0,
                -13.0
              ],
              "rotation": [
                0.0,
                0.0,
                -30.0
              ],
              "uv": [
                36,
                177
              ],
              "inflate": 0
            },
            {
              "origin": [
                -79.0,
                55.0,
                -19.0
              ],
              "size": [
                2.0,
                10.0,
                2.0
              ],
              "pivot": [
                -38.0,
                52.0,
                -13.0
              ],
              "rotation": [
                0.0,
                0.0,
                -30.0
              ],
              "uv": [
                200,
                160
              ],
              "inflate": 0
            },
            {
              "origin": [
                -78.31093,
                34.38653,
                -19.0
              ],
              "size": [
                3.0,
                8.3,
                2.0
              ],
              "pivot": [
                -73.0,
                31.0,
                -13.0
              ],
              "rotation": [
                0.0,
                0.0,
                30.0
              ],
              "uv": [
                200,
                150
              ],
              "inflate": 0
            }
          ],
          "parent": "head"
        },
        {
          "name": "bone15",
          "pivot": [
            -65,
            31,
            -13
          ],
          "cubes": [
            {
              "origin": [
                -70.0,
                58.0,
                -19.0
              ],
              "size": [
                6.0,
                6.0,
                2.0
              ],
              "pivot": [
                -30.0,
                52.0,
                -13.0
              ],
              "rotation": [
                0.0,
                0.0,
                -30.0
              ],
              "uv": [
                52,
                177
              ],
              "inflate": 0
            },
            {
              "origin": [
                -71.0,
                55.0,
                -19.0
              ],
              "size": [
                2.0,
                10.0,
                2.0
              ],
              "pivot": [
                -30.0,
                52.0,
                -13.0
              ],
              "rotation": [
                0.0,
                0.0,
                -30.0
              ],
              "uv": [
                80,
                202
              ],
              "inflate": 0
            },
            {
              "origin": [
                -70.31093,
                34.38653,
                -19.0
              ],
              "size": [
                3.0,
                8.3,
                2.0
              ],
              "pivot": [
                -65.0,
                31.0,
                -13.0
              ],
              "rotation": [
                0.0,
                0.0,
                30.0
              ],
              "uv": [
                102,
                201
              ],
              "inflate": 0
            }
          ],
          "parent": "head"
        },
        {
          "name": "bone14",
          "pivot": [
            -57,
            31,
            -13
          ],
          "cubes": [
            {
              "origin": [
                -62.0,
                58.0,
                -19.0
              ],
              "size": [
                6.0,
                6.0,
                2.0
              ],
              "pivot": [
                -22.0,
                52.0,
                -13.0
              ],
              "rotation": [
                0.0,
                0.0,
                -30.0
              ],
              "uv": [
                183,
                114
              ],
              "inflate": 0
            },
            {
              "origin": [
                -63.0,
                55.0,
                -19.0
              ],
              "size": [
                2.0,
                10.0,
                2.0
              ],
              "pivot": [
                -22.0,
                52.0,
                -13.0
              ],
              "rotation": [
                0.0,
                0.0,
                -30.0
              ],
              "uv": [
                72,
                203
              ],
              "inflate": 0
            },
            {
              "origin": [
                -62.31093,
                34.38653,
                -19.0
              ],
              "size": [
                3.0,
                8.3,
                2.0
              ],
              "pivot": [
                -57.0,
                31.0,
                -13.0
              ],
              "rotation": [
                0.0,
                0.0,
                30.0
              ],
              "uv": [
                204,
                123
              ],
              "inflate": 0
            }
          ],
          "parent": "head"
        },
        {
          "name": "bone13",
          "pivot": [
            -49,
            31,
            -13
          ],
          "cubes": [
            {
              "origin": [
                -54.0,
                58.0,
                -19.0
              ],
              "size": [
                5.0,
                5.0,
                2.0
              ],
              "pivot": [
                -14.0,
                52.0,
                -13.0
              ],
              "rotation": [
                0.0,
                0.0,
                -30.0
              ],
              "uv": [
                142,
                39
              ],
              "inflate": 0
            },
            {
              "origin": [
                -55.0,
                55.0,
                -19.0
              ],
              "size": [
                2.0,
                10.0,
                2.0
              ],
              "pivot": [
                -14.0,
                52.0,
                -13.0
              ],
              "rotation": [
                0.0,
                0.0,
                -30.0
              ],
              "uv": [
                207,
                99
              ],
              "inflate": 0
            },
            {
              "origin": [
                -54.31093,
                34.38653,
                -19.0
              ],
              "size": [
                3.0,
                8.3,
                2.0
              ],
              "pivot": [
                -49.0,
                31.0,
                -13.0
              ],
              "rotation": [
                0.0,
                0.0,
                30.0
              ],
              "uv": [
                28,
                207
              ],
              "inflate": 0
            }
          ],
          "parent": "head"
        },
        {
          "name": "bone12",
          "pivot": [
            -42,
            32,
            -13
          ],
          "cubes": [
            {
              "origin": [
                -47.0,
                58.0,
                -19.0
              ],
              "size": [
                3.0,
                6.0,
                2.0
              ],
              "pivot": [
                -7.0,
                53.0,
                -13.0
              ],
              "rotation": [
                0.0,
                0.0,
                -30.0
              ],
              "uv": [
                208,
                168
              ],
              "inflate": 0
            },
            {
              "origin": [
                -48.0,
                56.0,
                -19.0
              ],
              "size": [
                2.0,
                8.0,
                2.0
              ],
              "pivot": [
                -7.0,
                53.0,
                -13.0
              ],
              "rotation": [
                0.0,
                0.0,
                -30.0
              ],
              "uv": [
                36,
                215
              ],
              "inflate": 0
            },
            {
              "origin": [
                -47.31093,
                35.38653,
                -19.0
              ],
              "size": [
                3.0,
                8.3,
                2.0
              ],
              "pivot": [
                -42.0,
                32.0,
                -13.0
              ],
              "rotation": [
                0.0,
                0.0,
                30.0
              ],
              "uv": [
                208,
                158
              ],
              "inflate": 0
            }
          ],
          "parent": "head"
        },
        {
          "name": "bone23",
          "pivot": [
            -86,
            32,
            -35
          ],
          "cubes": [
            {
              "origin": [
                -91.0,
                59.0,
                -31.0
              ],
              "size": [
                6.0,
                6.0,
                2.0
              ],
              "pivot": [
                -51.0,
                53.0,
                -35.0
              ],
              "rotation": [
                0.0,
                0.0,
                -30.0
              ],
              "uv": [
                128,
                127
              ],
              "inflate": 0
            },
            {
              "origin": [
                -92.0,
                56.0,
                -31.0
              ],
              "size": [
                2.0,
                10.0,
                2.0
              ],
              "pivot": [
                -51.0,
                53.0,
                -35.0
              ],
              "rotation": [
                0.0,
                0.0,
                -30.0
              ],
              "uv": [
                100,
                189
              ],
              "inflate": 0
            },
            {
              "origin": [
                -91.31093,
                35.38653,
                -31.0
              ],
              "size": [
                3.0,
                8.3,
                2.0
              ],
              "pivot": [
                -86.0,
                32.0,
                -35.0
              ],
              "rotation": [
                0.0,
                0.0,
                30.0
              ],
              "uv": [
                10,
                189
              ],
              "inflate": 0
            }
          ],
          "parent": "head",
          "rotation": [
            0,
            90,
            0
          ]
        },
        {
          "name": "bone25",
          "pivot": [
            -1,
            31,
            -35
          ],
          "cubes": [
            {
              "origin": [
                -41.5,
                58.0,
                -55.7
              ],
              "size": [
                12.6,
                1.8,
                0.9
              ],
              "pivot": [
                -41.5,
                46.3,
                -35.0
              ],
              "rotation": [
                0.0,
                0.0,
                -37.5
              ],
              "uv": [
                112,
                125
              ],
              "inflate": 0
            },
            {
              "origin": [
                -39.7,
                55.3,
                -55.7
              ],
              "size": [
                2.7,
                9.36,
                0.9
              ],
              "uv": [
                156,
                0
              ],
              "inflate": 0
            },
            {
              "origin": [
                -40.6,
                57.1,
                -55.7
              ],
              "size": [
                11.7,
                1.8,
                0.9
              ],
              "pivot": [
                -41.5,
                46.3,
                -35.0
              ],
              "rotation": [
                0.0,
                0.0,
                -37.5
              ],
              "uv": [
                24,
                45
              ],
              "inflate": 0
            },
            {
              "origin": [
                -37.9,
                55.3,
                -55.7
              ],
              "size": [
                7.2,
                1.8,
                0.9
              ],
              "pivot": [
                -41.5,
                46.3,
                -35.0
              ],
              "rotation": [
                0.0,
                0.0,
                -37.5
              ],
              "uv": [
                112,
                120
              ],
              "inflate": 0
            },
            {
              "origin": [
                -36.1,
                53.5,
                -55.7
              ],
              "size": [
                5.4,
                1.8,
                0.9
              ],
              "pivot": [
                -41.5,
                46.3,
                -35.0
              ],
              "rotation": [
                0.0,
                0.0,
                -37.5
              ],
              "uv": [
                112,
                121
              ],
              "inflate": 0
            },
            {
              "origin": [
                -49.6,
                55.3,
                -55.7
              ],
              "size": [
                12.6,
                1.8,
                0.9
              ],
              "uv": [
                112,
                126
              ],
              "inflate": 0
            }
          ],
          "parent": "head",
          "rotation": [
            0,
            0,
            -7.5
          ]
        },
        {
          "name": "bone30",
          "pivot": [
            -1,
            31,
            -31
          ],
          "cubes": [
            {
              "origin": [
                -41.5,
                58.0,
                -11.2
              ],
              "size": [
                12.6,
                1.8,
                0.9
              ],
              "pivot": [
                -41.5,
                46.3,
                -31.0
              ],
              "rotation": [
                0.0,
                0.0,
                -37.5
              ],
              "uv": [
                0,
                45
              ],
              "inflate": 0
            },
            {
              "origin": [
                -39.7,
                55.3,
                -11.2
              ],
              "size": [
                2.7,
                9.36,
                0.9
              ],
              "uv": [
                128,
                111
              ],
              "inflate": 0
            },
            {
              "origin": [
                -40.6,
                57.1,
                -11.2
              ],
              "size": [
                11.7,
                1.8,
                0.9
              ],
              "pivot": [
                -41.5,
                46.3,
                -31.0
              ],
              "rotation": [
                0.0,
                0.0,
                -37.5
              ],
              "uv": [
                24,
                44
              ],
              "inflate": 0
            },
            {
              "origin": [
                -37.9,
                55.3,
                -11.2
              ],
              "size": [
                7.2,
                1.8,
                0.9
              ],
              "pivot": [
                -41.5,
                46.3,
                -31.0
              ],
              "rotation": [
                0.0,
                0.0,
                -37.5
              ],
              "uv": [
                112,
                119
              ],
              "inflate": 0
            },
            {
              "origin": [
                -36.1,
                53.5,
                -11.2
              ],
              "size": [
                5.4,
                1.8,
                0.9
              ],
              "pivot": [
                -41.5,
                46.3,
                -31.0
              ],
              "rotation": [
                0.0,
                0.0,
                -37.5
              ],
              "uv": [
                34,
                121
              ],
              "inflate": 0
            },
            {
              "origin": [
                -49.6,
                55.3,
                -11.2
              ],
              "size": [
                12.6,
                1.8,
                0.9
              ],
              "uv": [
                0,
                44
              ],
              "inflate": 0
            }
          ],
          "parent": "head",
          "rotation": [
            0,
            0,
            -7.5
          ]
        }
      ]
    }
  ]
}