{
  "format_version": "1.10.0",
  "geometry.entity_justice_devil": {
    "texturewidth": 64,
    "textureheight": 64,
    "visible_bounds_width": 4,
    "visible_bounds_height": 4,
    "visible_bounds_offset": [
      0,
      2,
      0
    ],
    "bones": [
      {
        "name": "bb_main",
        "cubes": [
          {
            "origin": [
              -4.0,
              33.0,
              -8.0
            ],
            "size": [
              8.0,
              4.0,
              6.0
            ],
            "uv": [
              0,
              17
            ],
            "inflate": 0.5
          },
          {
            "origin": [
              -3.0,
              38.0,
              -7.0
            ],
            "size": [
              6.0,
              8.0,
              4.0
            ],
            "uv": [
              24,
              0
            ],
            "inflate": 0.5
          },
          {
            "origin": [
              -11.0,
              37.0,
              -8.0
            ],
            "size": [
              6.0,
              0.0,
              6.0
            ],
            "uv": [
              28,
              12
            ],
            "inflate": 0.5
          },
          {
            "origin": [
              5.0,
              37.0,
              -8.0
            ],
            "size": [
              6.0,
              0.0,
              6.0
            ],
            "uv": [
              0,
              27
            ],
            "inflate": 0.5
          },
          {
            "origin": [
              -4.0,
              16.0,
              -2.0
            ],
            "size": [
              8.0,
              13.0,
              4.0
            ],
            "uv": [
              0,
              0
            ],
            "inflate": 0
          }
        ]
      },
      {
        "name": "waist",
        "pivot": [
          0,
          12,
          0
        ]
      },
      {
        "name": "bone",
        "pivot": [
          0,
          0,
          10
        ],
        "cubes": [
          {
            "origin": [
              -1.0,
              29.0,
              9.0
            ],
            "size": [
              3.0,
              7.0,
              2.0
            ],
            "uv": [
              52,
              44
            ],
            "inflate": 0,
            "mirror": false
          }
        ],
        "mirror": true,
        "rotation": [
          20,
          0,
          0
        ]
      },
      {
        "name": "bone2",
        "pivot": [
          -11,
          -2,
          0
        ],
        "cubes": [
          {
            "origin": [
              -29.0,
              35.0,
              -8.0
            ],
            "size": [
              6.0,
              0.0,
              6.0
            ],
            "uv": [
              22,
              23
            ],
            "inflate": 0.5
          }
        ],
        "rotation": [
          0,
          0,
          17.5
        ]
      },
      {
        "name": "bone3",
        "pivot": [
          9,
          -2,
          0
        ],
        "cubes": [
          {
            "origin": [
              21.0,
              35.0,
              -8.0
            ],
            "size": [
              6.0,
              0.0,
              6.0
            ],
            "uv": [
              16,
              17
            ],
            "inflate": 0.5
          }
        ],
        "rotation": [
          0,
          0,
          -15
        ]
      },
      {
        "name": "bone4",
        "pivot": [
          0,
          13,
          -24
        ],
        "rotation": [
          -62.5,
          0,
          0
        ]
      },
      {
        "name": "bone5",
        "pivot": [
          10,
          7,
          -20
        ],
        "cubes": [
          {
            "origin": [
              4.0,
              27.0,
              -22.0
            ],
            "size": [
              2.0,
              9.0,
              2.0
            ],
            "uv": [
              52,
              33
            ],
            "inflate": 0
          },
          {
            "origin": [
              -6.0,
              27.0,
              -22.0
            ],
            "size": [
              2.0,
              9.0,
              2.0
            ],
            "uv": [
              52,
              11
            ],
            "inflate": 0
          }
        ],
        "rotation": [
          -47.5,
          0,
          0
        ]
      },
      {
        "name": "bone23",
        "pivot": [
          10,
          9,
          -28
        ],
        "cubes": [
          {
            "origin": [
              4.0,
              20.0,
              -30.0
            ],
            "size": [
              2.0,
              9.0,
              2.0
            ],
            "uv": [
              52,
              22
            ],
            "inflate": 0
          },
          {
            "origin": [
              -6.0,
              20.0,
              -30.0
            ],
            "size": [
              2.0,
              9.0,
              2.0
            ],
            "uv": [
              52,
              0
            ],
            "inflate": 0
          }
        ],
        "parent": "bone5",
        "rotation": [
          -22.5,
          0,
          0
        ]
      },
      {
        "name": "bone6",
        "pivot": [
          -4,
          1,
          -6
        ],
        "cubes": [
          {
            "origin": [
              -4.0,
              3.0,
              -6.0
            ],
            "size": [
              3.0,
              14.0,
              1.0
            ],
            "uv": [
              26,
              44
            ],
            "inflate": 0
          }
        ],
        "rotation": [
          -18.07539,
          26.00874,
          1.1242
        ]
      },
      {
        "name": "bone14",
        "pivot": [
          -5,
          1,
          -6
        ],
        "cubes": [
          {
            "origin": [
              -9.0,
              3.0,
              -6.0
            ],
            "size": [
              3.0,
              14.0,
              1.0
            ],
            "uv": [
              18,
              42
            ],
            "inflate": 0
          }
        ],
        "parent": "bone6",
        "rotation": [
          0.87038,
          4.92385,
          10.03742
        ]
      },
      {
        "name": "bone15",
        "pivot": [
          -11,
          1,
          -10
        ],
        "cubes": [
          {
            "origin": [
              -17.0,
              4.0,
              -10.0
            ],
            "size": [
              2.0,
              14.0,
              1.0
            ],
            "uv": [
              46,
              15
            ],
            "inflate": 0
          }
        ],
        "parent": "bone14",
        "rotation": [
          4.46375,
          48.4076,
          19.02909
        ]
      },
      {
        "name": "bone16",
        "pivot": [
          -12,
          0,
          -10
        ],
        "cubes": [
          {
            "origin": [
              -21.0,
              3.0,
              -10.0
            ],
            "size": [
              2.0,
              14.0,
              1.0
            ],
            "uv": [
              46,
              0
            ],
            "inflate": 0
          }
        ],
        "parent": "bone15",
        "rotation": [
          0,
          0,
          7.5
        ]
      },
      {
        "name": "bone18",
        "pivot": [
          -21,
          -2,
          -15
        ],
        "parent": "bone16",
        "rotation": [
          -2.5,
          0,
          0
        ]
      },
      {
        "name": "bone17",
        "pivot": [
          -21,
          -2,
          -15
        ],
        "cubes": [
          {
            "origin": [
              -32.0,
              1.0,
              -14.0
            ],
            "size": [
              2.0,
              14.0,
              1.0
            ],
            "uv": [
              40,
              44
            ],
            "inflate": 0
          }
        ],
        "parent": "bone18",
        "rotation": [
          63.0391,
          73.26807,
          64.02788
        ]
      },
      {
        "name": "bone19",
        "pivot": [
          -23,
          -5,
          -15
        ],
        "cubes": [
          {
            "origin": [
              -39.0,
              -2.0,
              -14.0
            ],
            "size": [
              3.0,
              14.0,
              1.0
            ],
            "uv": [
              38,
              29
            ],
            "inflate": 0
          }
        ],
        "parent": "bone17",
        "rotation": [
          0,
          0,
          17.5
        ]
      },
      {
        "name": "bone20",
        "pivot": [
          -25,
          -7,
          -14
        ],
        "cubes": [
          {
            "origin": [
              -44.0,
              -4.0,
              -14.0
            ],
            "size": [
              3.0,
              14.0,
              1.0
            ],
            "uv": [
              10,
              33
            ],
            "inflate": 0
          }
        ],
        "parent": "bone19",
        "rotation": [
          0,
          0,
          7.5
        ]
      },
      {
        "name": "bone22",
        "pivot": [
          -27,
          -9,
          -14
        ],
        "cubes": [
          {
            "origin": [
              -48.0,
              -6.0,
              -14.0
            ],
            "size": [
              2.0,
              14.0,
              1.0
            ],
            "uv": [
              34,
              44
            ],
            "inflate": 0
          }
        ],
        "parent": "bone20",
        "rotation": [
          0,
          0,
          7.5
        ]
      },
      {
        "name": "bone7",
        "pivot": [
          4,
          -1,
          -2
        ],
        "rotation": [
          -14.38292,
          -9.16728,
          -1.51416
        ]
      },
      {
        "name": "bone9",
        "pivot": [
          3,
          0,
          -8
        ],
        "parent": "bone7"
      },
      {
        "name": "bone8",
        "pivot": [
          3,
          0,
          -8
        ],
        "cubes": [
          {
            "origin": [
              0.0,
              2.0,
              -6.0
            ],
            "size": [
              4.0,
              14.0,
              1.0
            ],
            "uv": [
              0,
              33
            ],
            "inflate": 0
          }
        ],
        "parent": "bone9"
      },
      {
        "name": "bone24",
        "pivot": [
          3,
          0,
          -8
        ],
        "cubes": [
          {
            "origin": [
              0.0,
              2.0,
              -3.0
            ],
            "size": [
              4.0,
              14.0,
              1.0
            ],
            "uv": [
              28,
              29
            ],
            "inflate": 0
          }
        ],
        "parent": "bone8"
      },
      {
        "name": "bone25",
        "pivot": [
          2,
          0,
          -8
        ],
        "cubes": [
          {
            "origin": [
              -6.0,
              2.0,
              -3.0
            ],
            "size": [
              4.0,
              14.0,
              1.0
            ],
            "uv": [
              18,
              27
            ],
            "inflate": 0
          }
        ],
        "parent": "bone24",
        "rotation": [
          0,
          0,
          10
        ]
      },
      {
        "name": "bone10",
        "pivot": [
          9,
          1,
          -12
        ],
        "cubes": [
          {
            "origin": [
              15.0,
              3.0,
              -10.0
            ],
            "size": [
              2.0,
              14.0,
              1.0
            ],
            "uv": [
              6,
              48
            ],
            "inflate": 0
          }
        ],
        "parent": "bone8",
        "rotation": [
          -12.5,
          -85,
          0
        ]
      },
      {
        "name": "bone12",
        "pivot": [
          9,
          1,
          -8
        ],
        "parent": "bone8"
      },
      {
        "name": "bone11",
        "pivot": [
          9,
          1,
          -8
        ],
        "cubes": [
          {
            "origin": [
              15.0,
              3.0,
              -6.0
            ],
            "size": [
              2.0,
              14.0,
              1.0
            ],
            "uv": [
              0,
              48
            ],
            "inflate": 0
          },
          {
            "origin": [
              15.0,
              3.0,
              -6.0
            ],
            "size": [
              2.0,
              14.0,
              1.0
            ],
            "uv": [
              46,
              45
            ],
            "inflate": 0
          }
        ],
        "parent": "bone12",
        "rotation": [
          61.14242,
          -79.84551,
          -74.06941
        ]
      },
      {
        "name": "bone13",
        "pivot": [
          13,
          -1,
          -16
        ],
        "parent": "bone11",
        "rotation": [
          0,
          0,
          -12.5
        ]
      },
      {
        "name": "bone21",
        "pivot": [
          13,
          -1,
          -16
        ],
        "cubes": [
          {
            "origin": [
              19.0,
              1.0,
              -6.0
            ],
            "size": [
              2.0,
              14.0,
              1.0
            ],
            "uv": [
              46,
              30
            ],
            "inflate": 0
          }
        ],
        "parent": "bone13"
      }
    ]
  }
}