{
  "format_version": "1.12.0",
  "minecraft:geometry": [
    {
      "description": {
        "identifier": "geometry.entity_hell_hand",
        "texture_width": 128,
        "texture_height": 128,
        "visible_bounds_width": 9,
        "visible_bounds_height": 9,
        "visible_bounds_offset": [
          0,
          0.5,
          0
        ]
      },
      "bones": [
        {
          "name": "bb_main",
          "cubes": [
            {
              "origin": [
                -8.0,
                21.0,
                -12.0
              ],
              "size": [
                14.0,
                4.0,
                18.0
              ],
              "uv": [
                0,
                0
              ],
              "inflate": 0
            },
            {
              "origin": [
                -4.0,
                25.0,
                0.0
              ],
              "size": [
                7.0,
                28.0,
                6.0
              ],
              "uv": [
                0,
                23
              ],
              "inflate": 0
            },
            {
              "origin": [
                6.0,
                22.0,
                -7.0
              ],
              "size": [
                3.0,
                3.0,
                8.0
              ],
              "pivot": [
                7.0,
                24.0,
                0.0
              ],
              "rotation": [
                -7.77344,
                -32.00796,
                23.69094
              ],
              "uv": [
                47,
                0
              ],
              "inflate": 0
            },
            {
              "origin": [
                6.0,
                23.0,
                -14.0
              ],
              "size": [
                3.0,
                3.0,
                5.0
              ],
              "pivot": [
                7.0,
                24.0,
                0.0
              ],
              "rotation": [
                -0.27344,
                -32.00796,
                23.69094
              ],
              "uv": [
                0,
                0
              ],
              "inflate": 0
            },
            {
              "origin": [
                6.0,
                26.0,
                -14.0
              ],
              "size": [
                3.0,
                0.6,
                3.0
              ],
              "pivot": [
                7.0,
                24.0,
                0.0
              ],
              "rotation": [
                -0.27344,
                -32.00796,
                23.69094
              ],
              "uv": [
                43,
                30
              ],
              "inflate": 0
            },
            {
              "origin": [
                6.0,
                23.0,
                -10.0
              ],
              "size": [
                3.0,
                3.0,
                4.0
              ],
              "pivot": [
                7.0,
                24.0,
                0.0
              ],
              "rotation": [
                26.90149,
                -23.54906,
                -29.46733
              ],
              "uv": [
                32,
                57
              ],
              "inflate": 0
            },
            {
              "origin": [
                4.0,
                23.4,
                -18.0
              ],
              "size": [
                2.0,
                2.0,
                3.0
              ],
              "pivot": [
                0.0,
                0.4,
                0.0
              ],
              "rotation": [
                10.08453,
                -7.38542,
                -1.30962
              ],
              "uv": [
                0,
                68
              ],
              "inflate": 0
            },
            {
              "origin": [
                4.0,
                24.0,
                -21.0
              ],
              "size": [
                2.0,
                2.0,
                5.0
              ],
              "pivot": [
                0.0,
                0.0,
                0.0
              ],
              "rotation": [
                12.60443,
                -7.32123,
                -1.63219
              ],
              "uv": [
                0,
                9
              ],
              "inflate": 0
            },
            {
              "origin": [
                4.0,
                26.0,
                -21.0
              ],
              "size": [
                2.0,
                0.3,
                2.0
              ],
              "pivot": [
                0.0,
                0.0,
                0.0
              ],
              "rotation": [
                12.60443,
                -7.32123,
                -1.63219
              ],
              "uv": [
                42,
                47
              ],
              "inflate": 0
            },
            {
              "origin": [
                1.0,
                26.9,
                -22.0
              ],
              "size": [
                2.0,
                2.0,
                3.0
              ],
              "pivot": [
                0.0,
                0.4,
                0.0
              ],
              "rotation": [
                17.5,
                -2.5,
                0.0
              ],
              "uv": [
                67,
                9
              ],
              "inflate": 0
            },
            {
              "origin": [
                1.0,
                28.9,
                -22.0
              ],
              "size": [
                2.0,
                0.3,
                2.0
              ],
              "pivot": [
                0.0,
                0.4,
                0.0
              ],
              "rotation": [
                17.5,
                -2.5,
                0.0
              ],
              "uv": [
                27,
                47
              ],
              "inflate": 0
            },
            {
              "origin": [
                1.0,
                22.2,
                -25.0
              ],
              "size": [
                2.0,
                2.0,
                4.0
              ],
              "pivot": [
                0.0,
                0.1,
                0.0
              ],
              "rotation": [
                5.0,
                -2.5,
                0.0
              ],
              "uv": [
                12,
                58
              ],
              "inflate": 0
            },
            {
              "origin": [
                -8.0,
                28.0,
                -8.0
              ],
              "size": [
                2.0,
                2.0,
                3.0
              ],
              "pivot": [
                0.0,
                0.0,
                0.0
              ],
              "rotation": [
                31.0,
                0.0,
                0.0
              ],
              "uv": [
                61,
                51
              ],
              "inflate": 0
            },
            {
              "origin": [
                -8.0,
                29.0,
                -3.0
              ],
              "size": [
                2.0,
                2.0,
                3.0
              ],
              "pivot": [
                0.0,
                0.0,
                0.0
              ],
              "rotation": [
                46.0,
                0.0,
                0.0
              ],
              "uv": [
                47,
                12
              ],
              "inflate": 0
            },
            {
              "origin": [
                -8.0,
                31.0,
                -3.0
              ],
              "size": [
                2.0,
                0.3,
                2.0
              ],
              "pivot": [
                0.0,
                0.0,
                0.0
              ],
              "rotation": [
                46.0,
                0.0,
                0.0
              ],
              "uv": [
                21,
                23
              ],
              "inflate": 0
            },
            {
              "origin": [
                -5.0,
                30.0,
                -3.0
              ],
              "size": [
                2.0,
                2.0,
                3.0
              ],
              "pivot": [
                0.0,
                0.0,
                0.0
              ],
              "rotation": [
                46.0,
                0.0,
                0.0
              ],
              "uv": [
                27,
                30
              ],
              "inflate": 0
            },
            {
              "origin": [
                -5.0,
                28.0,
                -11.0
              ],
              "size": [
                2.0,
                2.0,
                3.0
              ],
              "pivot": [
                0.0,
                0.0,
                0.0
              ],
              "rotation": [
                27.0,
                0.0,
                0.0
              ],
              "uv": [
                62,
                0
              ],
              "inflate": 0
            },
            {
              "origin": [
                -5.0,
                32.0,
                -3.0
              ],
              "size": [
                2.0,
                0.3,
                2.0
              ],
              "pivot": [
                0.0,
                0.0,
                0.0
              ],
              "rotation": [
                46.0,
                0.0,
                0.0
              ],
              "uv": [
                27,
                36
              ],
              "inflate": 0
            },
            {
              "origin": [
                -2.0,
                31.5,
                -2.8
              ],
              "size": [
                2.0,
                2.0,
                3.0
              ],
              "pivot": [
                0.0,
                0.0,
                0.0
              ],
              "rotation": [
                46.0,
                0.0,
                0.0
              ],
              "uv": [
                43,
                34
              ],
              "inflate": 0
            },
            {
              "origin": [
                -2.0,
                26.6,
                -17.0
              ],
              "size": [
                2.0,
                2.0,
                3.0
              ],
              "pivot": [
                0.0,
                -0.1,
                0.0
              ],
              "rotation": [
                15.0,
                0.0,
                0.0
              ],
              "uv": [
                66,
                15
              ],
              "inflate": 0
            },
            {
              "origin": [
                -2.0,
                33.5,
                -2.8
              ],
              "size": [
                2.0,
                0.3,
                2.0
              ],
              "pivot": [
                0.0,
                0.0,
                0.0
              ],
              "rotation": [
                46.0,
                0.0,
                0.0
              ],
              "uv": [
                27,
                44
              ],
              "inflate": 0
            },
            {
              "origin": [
                4.0,
                23.0,
                -16.0
              ],
              "size": [
                2.0,
                2.0,
                7.0
              ],
              "pivot": [
                -1.0,
                -1.0,
                0.0
              ],
              "rotation": [
                7.56397,
                -7.43547,
                -0.98448
              ],
              "uv": [
                59,
                32
              ],
              "inflate": 0
            },
            {
              "origin": [
                -8.0,
                23.0,
                -17.0
              ],
              "size": [
                2.0,
                2.0,
                8.0
              ],
              "pivot": [
                0.0,
                0.0,
                0.0
              ],
              "rotation": [
                7.0,
                0.0,
                0.0
              ],
              "uv": [
                19,
                57
              ],
              "inflate": 0
            },
            {
              "origin": [
                -5.0,
                23.0,
                -18.0
              ],
              "size": [
                2.0,
                2.0,
                9.0
              ],
              "pivot": [
                0.0,
                0.0,
                0.0
              ],
              "rotation": [
                6.0,
                0.0,
                0.0
              ],
              "uv": [
                45,
                35
              ],
              "inflate": 0
            },
            {
              "origin": [
                1.0,
                24.0,
                -19.0
              ],
              "size": [
                2.0,
                2.0,
                11.0
              ],
              "pivot": [
                0.0,
                0.0,
                0.0
              ],
              "rotation": [
                10.0,
                -2.5,
                0.0
              ],
              "uv": [
                27,
                30
              ],
              "inflate": 0
            },
            {
              "origin": [
                -2.0,
                23.0,
                -20.0
              ],
              "size": [
                2.0,
                2.0,
                10.0
              ],
              "pivot": [
                0.0,
                0.0,
                0.0
              ],
              "rotation": [
                3.0,
                0.0,
                0.0
              ],
              "uv": [
                27,
                44
              ],
              "inflate": 0
            },
            {
              "origin": [
                -7.0,
                25.0,
                -3.0
              ],
              "size": [
                2.0,
                1.0,
                7.0
              ],
              "uv": [
                61,
                42
              ],
              "inflate": 0
            },
            {
              "origin": [
                -7.0,
                20.0,
                -11.0
              ],
              "size": [
                12.0,
                1.0,
                5.0
              ],
              "uv": [
                27,
                23
              ],
              "inflate": 0
            },
            {
              "origin": [
                -3.0,
                25.0,
                -10.0
              ],
              "size": [
                2.0,
                1.0,
                7.0
              ],
              "uv": [
                59,
                59
              ],
              "inflate": 0
            },
            {
              "origin": [
                2.0,
                20.0,
                -4.0
              ],
              "size": [
                4.0,
                1.0,
                7.0
              ],
              "uv": [
                55,
                23
              ],
              "inflate": 0
            },
            {
              "origin": [
                -7.0,
                20.0,
                -2.0
              ],
              "size": [
                4.0,
                1.0,
                7.0
              ],
              "uv": [
                45,
                50
              ],
              "inflate": 0
            },
            {
              "origin": [
                2.0,
                25.0,
                -10.0
              ],
              "size": [
                2.0,
                1.0,
                7.0
              ],
              "uv": [
                40,
                59
              ],
              "inflate": 0
            }
          ]
        }
      ]
    }
  ]
}