{
  "format_version": "1.10.0",
  "geometry.entity_mould_devil": {
    "texturewidth": 128,
    "textureheight": 128,
    "visible_bounds_width": 4,
    "visible_bounds_height": 4,
    "visible_bounds_offset": [
      0,
      2,
      0
    ],
    "bones": [
      {
        "name": "waist",
        "pivot": [
          0,
          28,
          0
        ],
        "rotation": [
          10,
          0,
          0
        ]
      },
      {
        "name": "body",
        "pivot": [
          0,
          20,
          0
        ],
        "cubes": [
          {
            "origin": [
              -4.0,
              20.90152,
              -2.01736
            ],
            "size": [
              8.0,
              12.0,
              4.0
            ],
            "uv": [
              32,
              28
            ],
            "inflate": 0
          }
        ],
        "parent": "waist"
      },
      {
        "name": "head",
        "pivot": [
          0,
          33,
          0
        ],
        "cubes": [
          {
            "origin": [
              -3.9,
              33.0,
              -4.0
            ],
            "size": [
              8.0,
              8.0,
              8.0
            ],
            "uv": [
              0,
              28
            ],
            "inflate": 0
          },
          {
            "origin": [
              2.9,
              39.4,
              -1.8
            ],
            "size": [
              3.3,
              2.0,
              2.8
            ],
            "uv": [
              78,
              56
            ],
            "inflate": 0
          },
          {
            "origin": [
              1.4,
              39.5,
              -5.9
            ],
            "size": [
              3.3,
              2.6,
              2.8
            ],
            "uv": [
              78,
              0
            ],
            "inflate": 0
          },
          {
            "origin": [
              -1.8,
              39.5,
              -0.4
            ],
            "size": [
              3.3,
              2.6,
              2.8
            ],
            "uv": [
              77,
              50
            ],
            "inflate": 0
          },
          {
            "origin": [
              -5.0,
              33.9,
              -4.1
            ],
            "size": [
              3.3,
              2.6,
              2.8
            ],
            "uv": [
              70,
              10
            ],
            "inflate": 0
          },
          {
            "origin": [
              -6.0,
              37.0,
              -3.0
            ],
            "size": [
              3.3,
              2.6,
              2.8
            ],
            "uv": [
              74,
              46
            ],
            "inflate": 0
          },
          {
            "origin": [
              -5.0,
              34.7,
              1.0
            ],
            "size": [
              3.3,
              2.6,
              2.8
            ],
            "uv": [
              24,
              28
            ],
            "inflate": 0
          },
          {
            "origin": [
              -5.0,
              38.6,
              -5.9
            ],
            "size": [
              3.3,
              2.6,
              2.8
            ],
            "uv": [
              0,
              78
            ],
            "inflate": 0
          },
          {
            "origin": [
              2.7,
              35.3,
              -1.2
            ],
            "size": [
              3.3,
              2.6,
              2.8
            ],
            "uv": [
              76,
              26
            ],
            "inflate": 0
          },
          {
            "origin": [
              2.7,
              35.3,
              -5.4
            ],
            "size": [
              3.3,
              2.6,
              2.8
            ],
            "uv": [
              76,
              30
            ],
            "inflate": 0
          },
          {
            "origin": [
              -3.4,
              36.5,
              0.6
            ],
            "size": [
              3.3,
              2.6,
              2.8
            ],
            "uv": [
              76,
              20
            ],
            "inflate": 0
          },
          {
            "origin": [
              -0.5,
              33.3,
              0.6
            ],
            "size": [
              3.3,
              2.6,
              2.8
            ],
            "uv": [
              75,
              14
            ],
            "inflate": 0
          },
          {
            "origin": [
              1.4,
              37.2,
              0.6
            ],
            "size": [
              3.3,
              2.6,
              2.8
            ],
            "uv": [
              61,
              76
            ],
            "inflate": 0
          },
          {
            "origin": [
              -1.7,
              39.5,
              -4.2
            ],
            "size": [
              3.3,
              2.6,
              2.8
            ],
            "uv": [
              32,
              77
            ],
            "inflate": 0
          },
          {
            "origin": [
              -2.9,
              37.3,
              -7.4
            ],
            "size": [
              6.5,
              2.6,
              2.0
            ],
            "uv": [
              62,
              0
            ],
            "inflate": 0
          }
        ],
        "parent": "body"
      },
      {
        "name": "bone10",
        "cubes": [
          {
            "origin": [
              -2.9,
              31.9,
              -6.1
            ],
            "size": [
              6.0,
              1.4,
              2.2
            ],
            "uv": [
              56,
              41
            ],
            "inflate": 0
          },
          {
            "origin": [
              -2.9,
              31.9,
              -6.1
            ],
            "size": [
              6.0,
              1.4,
              2.2
            ],
            "uv": [
              56,
              41
            ],
            "inflate": 0
          },
          {
            "origin": [
              -2.9,
              35.9,
              -6.1
            ],
            "size": [
              2.7,
              1.4,
              2.2
            ],
            "uv": [
              36,
              52
            ],
            "inflate": 0
          },
          {
            "origin": [
              3.1,
              33.8,
              -6.3
            ],
            "size": [
              0.3,
              1.1,
              2.2
            ],
            "uv": [
              12,
              13
            ],
            "inflate": 0
          },
          {
            "origin": [
              2.6,
              33.4,
              -6.3
            ],
            "size": [
              0.3,
              1.1,
              2.2
            ],
            "uv": [
              12,
              13
            ],
            "inflate": 0
          },
          {
            "origin": [
              1.6,
              33.4,
              -6.3
            ],
            "size": [
              0.3,
              1.1,
              2.2
            ],
            "uv": [
              12,
              13
            ],
            "inflate": 0
          },
          {
            "origin": [
              0.5,
              33.4,
              -6.3
            ],
            "size": [
              0.3,
              1.1,
              2.2
            ],
            "uv": [
              12,
              13
            ],
            "inflate": 0
          },
          {
            "origin": [
              -0.3,
              33.4,
              -6.3
            ],
            "size": [
              0.3,
              1.1,
              2.2
            ],
            "uv": [
              12,
              13
            ],
            "inflate": 0
          },
          {
            "origin": [
              -1.4,
              33.4,
              -6.3
            ],
            "size": [
              0.3,
              1.1,
              2.2
            ],
            "uv": [
              12,
              13
            ],
            "inflate": 0
          },
          {
            "origin": [
              -2.4,
              33.4,
              -6.3
            ],
            "size": [
              0.3,
              1.1,
              2.2
            ],
            "uv": [
              12,
              13
            ],
            "inflate": 0
          },
          {
            "origin": [
              -2.9,
              33.8,
              -6.3
            ],
            "size": [
              0.3,
              1.1,
              2.2
            ],
            "uv": [
              12,
              13
            ],
            "inflate": 0
          },
          {
            "origin": [
              -1.9,
              33.8,
              -6.3
            ],
            "size": [
              0.3,
              1.1,
              2.2
            ],
            "uv": [
              12,
              13
            ],
            "inflate": 0
          },
          {
            "origin": [
              1.1,
              33.8,
              -6.3
            ],
            "size": [
              0.3,
              1.1,
              2.2
            ],
            "uv": [
              12,
              13
            ],
            "inflate": 0
          },
          {
            "origin": [
              -0.9,
              33.8,
              -6.3
            ],
            "size": [
              0.3,
              1.1,
              2.2
            ],
            "uv": [
              12,
              13
            ],
            "inflate": 0
          },
          {
            "origin": [
              2.1,
              33.8,
              -6.3
            ],
            "size": [
              0.3,
              1.1,
              2.2
            ],
            "uv": [
              12,
              13
            ],
            "inflate": 0
          },
          {
            "origin": [
              0.7,
              33.9,
              -6.1
            ],
            "size": [
              2.7,
              1.4,
              2.2
            ],
            "uv": [
              24,
              32
            ],
            "inflate": 0
          }
        ],
        "parent": "head"
      },
      {
        "name": "bone9",
        "cubes": [
          {
            "origin": [
              5.9,
              28.4,
              -0.8
            ],
            "size": [
              3.3,
              2.0,
              2.8
            ],
            "uv": [
              78,
              56
            ],
            "inflate": 0
          },
          {
            "origin": [
              10.9,
              23.4,
              -2.8
            ],
            "size": [
              3.3,
              2.0,
              2.8
            ],
            "uv": [
              78,
              56
            ],
            "inflate": 0
          },
          {
            "origin": [
              1.4,
              24.2,
              4.6
            ],
            "size": [
              3.3,
              2.6,
              2.8
            ],
            "uv": [
              61,
              76
            ],
            "inflate": 0
          },
          {
            "origin": [
              -6.6,
              23.2,
              4.6
            ],
            "size": [
              3.3,
              2.6,
              2.8
            ],
            "uv": [
              61,
              76
            ],
            "inflate": 0
          },
          {
            "origin": [
              -11.4,
              26.5,
              0.6
            ],
            "size": [
              3.3,
              2.6,
              2.8
            ],
            "uv": [
              76,
              20
            ],
            "inflate": 0
          },
          {
            "origin": [
              2.7,
              20.3,
              -5.4
            ],
            "size": [
              3.3,
              2.6,
              2.8
            ],
            "uv": [
              76,
              30
            ],
            "inflate": 0
          },
          {
            "origin": [
              -12.0,
              20.7,
              1.0
            ],
            "size": [
              3.3,
              2.6,
              2.8
            ],
            "uv": [
              24,
              28
            ],
            "inflate": 0
          },
          {
            "origin": [
              -4.0,
              24.0,
              -3.0
            ],
            "size": [
              3.3,
              2.6,
              2.8
            ],
            "uv": [
              74,
              46
            ],
            "inflate": 0
          }
        ],
        "parent": "body"
      },
      {
        "name": "rightLeg",
        "pivot": [
          -2,
          21,
          0
        ],
        "parent": "waist"
      },
      {
        "name": "leftLeg",
        "pivot": [
          2,
          21,
          0
        ],
        "parent": "waist",
        "mirror": true
      },
      {
        "name": "bone",
        "pivot": [
          9,
          22,
          3
        ],
        "cubes": [
          {
            "origin": [
              8.0,
              15.0,
              -2.0
            ],
            "size": [
              4.0,
              10.0,
              4.0
            ],
            "uv": [
              48,
              48
            ],
            "inflate": 0
          },
          {
            "origin": [
              7.0,
              18.0,
              3.0
            ],
            "size": [
              4.0,
              10.0,
              4.0
            ],
            "uv": [
              48,
              48
            ],
            "inflate": 0
          }
        ],
        "rotation": [
          -67.11124,
          -7.64871,
          -6.20455
        ]
      },
      {
        "name": "bone2",
        "cubes": [
          {
            "origin": [
              -8.0,
              8.9,
              -6.0
            ],
            "size": [
              17.0,
              12.0,
              16.0
            ],
            "uv": [
              0,
              0
            ],
            "inflate": 0
          }
        ]
      },
      {
        "name": "bone3",
        "pivot": [
          -9,
          25,
          -1
        ],
        "cubes": [
          {
            "origin": [
              -11.4,
              20.87966,
              -2.25895
            ],
            "size": [
              4.0,
              10.0,
              4.0
            ],
            "uv": [
              0,
              0
            ],
            "inflate": 0
          },
          {
            "origin": [
              -11.4,
              23.87966,
              3.74105
            ],
            "size": [
              4.0,
              10.0,
              4.0
            ],
            "uv": [
              0,
              0
            ],
            "inflate": 0
          }
        ],
        "rotation": [
          -67.25778,
          4.81281,
          5.7589
        ]
      },
      {
        "name": "bone4",
        "pivot": [
          0,
          12,
          -10
        ],
        "cubes": [
          {
            "origin": [
              -1.0,
              11.0,
              -11.0
            ],
            "size": [
              2.0,
              8.0,
              2.0
            ],
            "uv": [
              53,
              74
            ],
            "inflate": 0
          },
          {
            "origin": [
              2.0,
              14.0,
              -11.0
            ],
            "size": [
              2.0,
              8.0,
              2.0
            ],
            "uv": [
              72,
              73
            ],
            "inflate": 0
          },
          {
            "origin": [
              -4.0,
              11.0,
              -8.0
            ],
            "size": [
              2.0,
              8.0,
              2.0
            ],
            "uv": [
              45,
              74
            ],
            "inflate": 0
          },
          {
            "origin": [
              5.0,
              12.0,
              -9.0
            ],
            "size": [
              2.0,
              7.0,
              2.0
            ],
            "uv": [
              24,
              76
            ],
            "inflate": 0
          },
          {
            "origin": [
              6.0,
              30.0,
              0.0
            ],
            "size": [
              2.0,
              2.0,
              5.0
            ],
            "uv": [
              16,
              60
            ],
            "inflate": 0
          },
          {
            "origin": [
              2.0,
              26.0,
              1.0
            ],
            "size": [
              2.0,
              2.0,
              7.0
            ],
            "uv": [
              59,
              7
            ],
            "inflate": 0
          },
          {
            "origin": [
              -5.0,
              27.0,
              1.0
            ],
            "size": [
              2.0,
              2.0,
              7.0
            ],
            "uv": [
              57,
              55
            ],
            "inflate": 0
          },
          {
            "origin": [
              -2.0,
              25.0,
              3.0
            ],
            "size": [
              2.0,
              2.0,
              7.0
            ],
            "uv": [
              33,
              55
            ],
            "inflate": 0
          },
          {
            "origin": [
              -1.0,
              29.0,
              -1.0
            ],
            "size": [
              2.0,
              2.0,
              7.0
            ],
            "uv": [
              56,
              32
            ],
            "inflate": 0
          },
          {
            "origin": [
              -7.0,
              14.0,
              -11.0
            ],
            "size": [
              2.0,
              6.0,
              2.0
            ],
            "uv": [
              0,
              28
            ],
            "inflate": 0
          }
        ],
        "rotation": [
          -39.97314,
          1.60667,
          1.91561
        ]
      },
      {
        "name": "bone5",
        "pivot": [
          -10,
          9,
          0
        ],
        "cubes": [
          {
            "origin": [
              -2.0,
              23.0,
              -1.0
            ],
            "size": [
              11.0,
              2.0,
              2.0
            ],
            "uv": [
              26,
              48
            ],
            "inflate": 0
          },
          {
            "origin": [
              -2.0,
              26.0,
              -5.0
            ],
            "size": [
              11.0,
              2.0,
              2.0
            ],
            "uv": [
              0,
              44
            ],
            "inflate": 0
          },
          {
            "origin": [
              -2.0,
              27.0,
              2.0
            ],
            "size": [
              11.0,
              2.0,
              2.0
            ],
            "uv": [
              26,
              44
            ],
            "inflate": 0
          },
          {
            "origin": [
              -2.0,
              23.0,
              5.0
            ],
            "size": [
              11.0,
              2.0,
              2.0
            ],
            "uv": [
              0,
              48
            ],
            "inflate": 0
          }
        ],
        "rotation": [
          0,
          0,
          37.5
        ]
      },
      {
        "name": "bone6",
        "pivot": [
          8,
          6,
          0
        ],
        "cubes": [
          {
            "origin": [
              -9.0,
              18.0,
              -1.0
            ],
            "size": [
              10.0,
              2.0,
              2.0
            ],
            "uv": [
              16,
              56
            ],
            "inflate": 0
          },
          {
            "origin": [
              -9.0,
              21.0,
              -5.0
            ],
            "size": [
              10.0,
              2.0,
              2.0
            ],
            "uv": [
              12,
              52
            ],
            "inflate": 0
          },
          {
            "origin": [
              -9.0,
              23.0,
              3.0
            ],
            "size": [
              10.0,
              2.0,
              2.0
            ],
            "uv": [
              52,
              28
            ],
            "inflate": 0
          },
          {
            "origin": [
              -9.0,
              18.0,
              7.0
            ],
            "size": [
              10.0,
              2.0,
              2.0
            ],
            "uv": [
              52,
              44
            ],
            "inflate": 0
          }
        ],
        "rotation": [
          0,
          0,
          -32.5
        ]
      },
      {
        "name": "bone7",
        "cubes": [
          {
            "origin": [
              -7.3,
              12.0,
              -9.9
            ],
            "size": [
              3.0,
              3.0,
              3.0
            ],
            "uv": [
              12,
              73
            ],
            "inflate": 0
          },
          {
            "origin": [
              1.8,
              12.0,
              -9.9
            ],
            "size": [
              3.0,
              3.0,
              3.0
            ],
            "uv": [
              0,
              72
            ],
            "inflate": 0
          },
          {
            "origin": [
              4.5,
              9.5,
              -9.9
            ],
            "size": [
              3.0,
              3.0,
              3.0
            ],
            "uv": [
              33,
              71
            ],
            "inflate": 0
          },
          {
            "origin": [
              13.9,
              10.4,
              -5.5
            ],
            "size": [
              3.0,
              3.0,
              3.0
            ],
            "uv": [
              60,
              70
            ],
            "inflate": 0
          },
          {
            "origin": [
              13.4,
              8.1,
              -1.3
            ],
            "size": [
              3.0,
              3.0,
              3.0
            ],
            "uv": [
              21,
              70
            ],
            "inflate": 0
          },
          {
            "origin": [
              15.0,
              10.7,
              1.4
            ],
            "size": [
              3.0,
              3.0,
              3.0
            ],
            "uv": [
              70,
              4
            ],
            "inflate": 0
          },
          {
            "origin": [
              12.2,
              8.3,
              4.8
            ],
            "size": [
              3.0,
              3.0,
              3.0
            ],
            "uv": [
              69,
              67
            ],
            "inflate": 0
          },
          {
            "origin": [
              -14.4,
              6.1,
              6.4
            ],
            "size": [
              3.0,
              3.0,
              3.0
            ],
            "uv": [
              68,
              52
            ],
            "inflate": 0
          },
          {
            "origin": [
              -16.2,
              9.3,
              2.6
            ],
            "size": [
              3.0,
              3.0,
              3.0
            ],
            "uv": [
              48,
              68
            ],
            "inflate": 0
          },
          {
            "origin": [
              -14.9,
              6.7,
              -1.6
            ],
            "size": [
              3.0,
              3.0,
              3.0
            ],
            "uv": [
              67,
              32
            ],
            "inflate": 0
          },
          {
            "origin": [
              -16.0,
              8.3,
              -5.3
            ],
            "size": [
              3.0,
              3.0,
              3.0
            ],
            "uv": [
              12,
              67
            ],
            "inflate": 0
          },
          {
            "origin": [
              -4.3,
              7.1,
              -9.9
            ],
            "size": [
              3.0,
              3.0,
              3.0
            ],
            "uv": [
              72,
              61
            ],
            "inflate": 0
          },
          {
            "origin": [
              -1.9,
              7.1,
              11.5
            ],
            "size": [
              3.0,
              3.0,
              3.0
            ],
            "uv": [
              66,
              16
            ],
            "inflate": 0
          },
          {
            "origin": [
              -4.8,
              10.9,
              13.0
            ],
            "size": [
              3.0,
              3.0,
              3.0
            ],
            "uv": [
              66,
              22
            ],
            "inflate": 0
          },
          {
            "origin": [
              -0.6,
              13.5,
              13.0
            ],
            "size": [
              3.0,
              3.0,
              3.0
            ],
            "uv": [
              0,
              66
            ],
            "inflate": 0
          },
          {
            "origin": [
              6.2,
              14.6,
              11.7
            ],
            "size": [
              3.0,
              3.0,
              3.0
            ],
            "uv": [
              60,
              64
            ],
            "inflate": 0
          },
          {
            "origin": [
              -1.4,
              9.4,
              -12.2
            ],
            "size": [
              3.0,
              3.0,
              3.0
            ],
            "uv": [
              72,
              38
            ],
            "inflate": 0
          }
        ]
      },
      {
        "name": "bone8",
        "cubes": [
          {
            "origin": [
              2.0,
              10.9,
              13.9
            ],
            "size": [
              3.0,
              3.0,
              3.0
            ],
            "uv": [
              27,
              64
            ],
            "inflate": 0
          }
        ]
      },
      {
        "name": "1",
        "pivot": [
          -5,
          29,
          1
        ],
        "cubes": [
          {
            "origin": [
              -8.0,
              23.0,
              -1.0
            ],
            "size": [
              4.0,
              10.0,
              4.0
            ],
            "uv": [
              50,
              0
            ],
            "inflate": 0
          },
          {
            "origin": [
              -3.0,
              20.0,
              0.0
            ],
            "size": [
              4.0,
              10.0,
              4.0
            ],
            "uv": [
              50,
              0
            ],
            "inflate": 0
          }
        ],
        "rotation": [
          18.43859,
          -9.19275,
          39.3528
        ]
      },
      {
        "name": "rightItem",
        "pivot": [
          -6,
          21,
          4
        ],
        "parent": "1"
      },
      {
        "name": "2",
        "pivot": [
          5,
          31,
          0
        ],
        "cubes": [
          {
            "origin": [
              2.0,
              23.0,
              -2.0
            ],
            "size": [
              4.0,
              10.0,
              4.0
            ],
            "uv": [
              0,
              52
            ],
            "inflate": 0,
            "mirror": false
          },
          {
            "origin": [
              -4.0,
              21.0,
              -2.0
            ],
            "size": [
              4.0,
              10.0,
              4.0
            ],
            "uv": [
              0,
              52
            ],
            "inflate": 0,
            "mirror": false
          }
        ],
        "mirror": true,
        "rotation": [
          22.67816,
          19.66913,
          -36.98741
        ]
      }
    ]
  }
}