{
  "format_version": "1.10.0",
  "geometry.entity_war_devil": {
    "texturewidth": 64,
    "textureheight": 64,
    "visible_bounds_width": 3,
    "visible_bounds_height": 3,
    "visible_bounds_offset": [
      0,
      1.5,
      0
    ],
    "bones": [
      {
        "name": "waist",
        "pivot": [
          0,
          12,
          0
        ]
      },
      {
        "name": "body",
        "pivot": [
          0,
          11,
          0
        ],
        "cubes": [
          {
            "origin": [
              -4.0,
              12.0,
              -2.0
            ],
            "size": [
              8.0,
              12.0,
              4.0
            ],
            "uv": [
              29,
              30
            ],
            "inflate": 0
          }
        ],
        "parent": "waist"
      },
      {
        "name": "head",
        "pivot": [
          0,
          24,
          0
        ],
        "cubes": [
          {
            "origin": [
              -5.0,
              22.0,
              0.0
            ],
            "size": [
              0.0,
              10.0,
              4.0
            ],
            "uv": [
              48,
              -8
            ],
            "inflate": 0.5
          },
          {
            "origin": [
              5.0,
              22.0,
              0.0
            ],
            "size": [
              0.0,
              10.0,
              4.0
            ],
            "uv": [
              48,
              -8
            ],
            "inflate": 0.5
          },
          {
            "origin": [
              -5.0,
              23.0,
              5.0
            ],
            "size": [
              0.0,
              9.0,
              0.0
            ],
            "uv": [
              48,
              -8
            ],
            "inflate": 0.5
          },
          {
            "origin": [
              5.0,
              23.0,
              5.0
            ],
            "size": [
              0.0,
              9.0,
              0.0
            ],
            "uv": [
              48,
              -8
            ],
            "inflate": 0.5
          },
          {
            "origin": [
              -5.0,
              23.0,
              -2.0
            ],
            "size": [
              0.0,
              9.0,
              0.0
            ],
            "uv": [
              48,
              -8
            ],
            "inflate": 0.5
          },
          {
            "origin": [
              5.0,
              23.0,
              -2.0
            ],
            "size": [
              0.0,
              9.0,
              0.0
            ],
            "uv": [
              48,
              -8
            ],
            "inflate": 0.5
          },
          {
            "origin": [
              5.0,
              22.0,
              -3.0
            ],
            "size": [
              0.0,
              10.0,
              0.0
            ],
            "uv": [
              48,
              -8
            ],
            "inflate": 0.5
          },
          {
            "origin": [
              -5.0,
              22.0,
              -3.0
            ],
            "size": [
              0.0,
              10.0,
              0.0
            ],
            "uv": [
              48,
              -8
            ],
            "inflate": 0.5
          },
          {
            "origin": [
              -5.0,
              23.0,
              -1.0
            ],
            "size": [
              0.0,
              9.0,
              0.0
            ],
            "uv": [
              48,
              -8
            ],
            "inflate": 0.5
          },
          {
            "origin": [
              -4.0,
              24.0,
              -4.0
            ],
            "size": [
              8.0,
              8.0,
              8.0
            ],
            "uv": [
              0,
              17
            ],
            "inflate": 0.5
          },
          {
            "origin": [
              -2.0,
              18.0,
              5.0
            ],
            "size": [
              4.0,
              14.0,
              0.0
            ],
            "uv": [
              48,
              0.25
            ],
            "inflate": 0.5
          },
          {
            "origin": [
              4.0,
              20.0,
              5.0
            ],
            "size": [
              0.0,
              12.0,
              0.0
            ],
            "uv": [
              48,
              0.25
            ],
            "inflate": 0.5
          },
          {
            "origin": [
              -4.0,
              20.0,
              5.0
            ],
            "size": [
              0.0,
              12.0,
              0.0
            ],
            "uv": [
              48,
              0.25
            ],
            "inflate": 0.5
          },
          {
            "origin": [
              3.0,
              19.0,
              5.0
            ],
            "size": [
              0.0,
              13.0,
              0.0
            ],
            "uv": [
              48,
              0.25
            ],
            "inflate": 0.5
          },
          {
            "origin": [
              -3.0,
              19.0,
              5.0
            ],
            "size": [
              0.0,
              13.0,
              0.0
            ],
            "uv": [
              48,
              0.25
            ],
            "inflate": 0.5
          },
          {
            "origin": [
              -4.0,
              24.0,
              -4.0
            ],
            "size": [
              8.0,
              8.0,
              8.0
            ],
            "uv": [
              0,
              0
            ],
            "inflate": 0
          }
        ],
        "parent": "body"
      },
      {
        "name": "rightArm",
        "pivot": [
          -5,
          22,
          0
        ],
        "cubes": [
          {
            "origin": [
              -8.0,
              12.0,
              -2.0
            ],
            "size": [
              4.0,
              12.0,
              4.0
            ],
            "uv": [
              47,
              47
            ],
            "inflate": 0
          }
        ],
        "parent": "body"
      },
      {
        "name": "rightItem",
        "pivot": [
          -6,
          14,
          3
        ],
        "parent": "rightArm"
      },
      {
        "name": "bb_main",
        "cubes": [
          {
            "origin": [
              -9.0,
              10.0,
              4.0
            ],
            "size": [
              6.0,
              5.0,
              5.0
            ],
            "uv": [
              36.25,
              23
            ],
            "inflate": 0.5
          },
          {
            "origin": [
              -6.0,
              11.0,
              -8.0
            ],
            "size": [
              2.0,
              2.0,
              13.0
            ],
            "uv": [
              0,
              0
            ],
            "inflate": 0
          }
        ],
        "parent": "rightArm"
      },
      {
        "name": "dao",
        "pivot": [
          0,
          -3,
          -6
        ],
        "cubes": [
          {
            "origin": [
              -6.0,
              8.0,
              -17.0
            ],
            "size": [
              2.0,
              2.0,
              2.0
            ],
            "uv": [
              0,
              0
            ],
            "inflate": 0
          }
        ],
        "parent": "rightArm",
        "rotation": [
          -30,
          0,
          0
        ]
      },
      {
        "name": "bone2",
        "pivot": [
          0,
          1,
          -2
        ],
        "cubes": [
          {
            "origin": [
              -6.0,
              10.0,
              0.0
            ],
            "size": [
              2.0,
              2.0,
              1.0
            ],
            "uv": [
              12,
              7
            ],
            "inflate": 0
          },
          {
            "origin": [
              -6.0,
              10.0,
              -2.0
            ],
            "size": [
              2.0,
              2.0,
              1.0
            ],
            "uv": [
              12,
              7
            ],
            "inflate": 0
          },
          {
            "origin": [
              -6.0,
              10.0,
              -4.0
            ],
            "size": [
              2.0,
              2.0,
              1.0
            ],
            "uv": [
              12,
              7
            ],
            "inflate": 0
          },
          {
            "origin": [
              -6.0,
              10.0,
              -6.0
            ],
            "size": [
              2.0,
              2.0,
              1.0
            ],
            "uv": [
              12,
              7
            ],
            "inflate": 0
          },
          {
            "origin": [
              -6.0,
              10.0,
              -8.0
            ],
            "size": [
              2.0,
              2.0,
              1.0
            ],
            "uv": [
              12,
              7
            ],
            "inflate": 0
          }
        ],
        "parent": "rightArm",
        "rotation": [
          -10,
          0,
          0
        ]
      },
      {
        "name": "bone3",
        "pivot": [
          0,
          12,
          10
        ],
        "cubes": [
          {
            "origin": [
              -6.0,
              20.0,
              -7.0
            ],
            "size": [
              2.0,
              2.0,
              1.0
            ],
            "uv": [
              0,
              0
            ],
            "inflate": 0
          }
        ],
        "parent": "rightArm",
        "rotation": [
          30,
          0,
          0
        ]
      },
      {
        "name": "leftArm",
        "pivot": [
          5,
          22,
          0
        ],
        "cubes": [
          {
            "origin": [
              4.0,
              12.0,
              -2.0
            ],
            "size": [
              4.0,
              12.0,
              4.0
            ],
            "uv": [
              30,
              47
            ],
            "inflate": 0
          }
        ],
        "parent": "body"
      },
      {
        "name": "rightLeg",
        "pivot": [
          -2,
          12,
          0
        ],
        "cubes": [
          {
            "origin": [
              -4.0,
              0.0,
              -2.0
            ],
            "size": [
              4.0,
              12.0,
              4.0
            ],
            "uv": [
              13,
              47
            ],
            "inflate": 0
          }
        ],
        "parent": "waist"
      },
      {
        "name": "leftLeg",
        "pivot": [
          2,
          12,
          0
        ],
        "cubes": [
          {
            "origin": [
              0.0,
              0.0,
              -2.0
            ],
            "size": [
              4.0,
              12.0,
              4.0
            ],
            "uv": [
              0,
              34
            ],
            "inflate": 0
          }
        ],
        "parent": "waist"
      },
      {
        "name": "bone",
        "pivot": [
          -3,
          21,
          -2
        ],
        "cubes": [
          {
            "origin": [
              -4.0,
              18.0,
              -3.0
            ],
            "size": [
              8.0,
              4.0,
              4.0
            ],
            "uv": [
              29,
              13
            ],
            "inflate": 0
          }
        ],
        "rotation": [
          -45,
          0,
          0
        ]
      }
    ]
  }
}