{
  "format_version": "1.10.0",
  "geometry.entity_power": {
    "texturewidth": 128,
    "textureheight": 128,
    "visible_bounds_width": 2,
    "visible_bounds_height": 3,
    "visible_bounds_offset": [
      0,
      1.5,
      0
    ],
    "bones": [
      {
        "name": "waist",
        "pivot": [
          0,
          12,
          0
        ]
      },
      {
        "name": "body",
        "pivot": [
          0,
          11,
          0
        ],
        "cubes": [
          {
            "origin": [
              -4.0,
              11.5,
              -2.0
            ],
            "size": [
              8.0,
              12.0,
              4.0
            ],
            "uv": [
              0,
              28
            ],
            "inflate": 0
          }
        ],
        "parent": "waist"
      },
      {
        "name": "head",
        "pivot": [
          0,
          24,
          0
        ],
        "cubes": [
          {
            "origin": [
              -4.0,
              24.0,
              -4.0
            ],
            "size": [
              8.0,
              8.0,
              8.0
            ],
            "uv": [
              25,
              20
            ],
            "inflate": 0.5
          },
          {
            "origin": [
              0.0,
              27.5,
              -4.7
            ],
            "size": [
              1.0,
              1.0,
              0.0
            ],
            "uv": [
              31,
              42
            ],
            "inflate": 0
          },
          {
            "origin": [
              -1.0,
              26.5,
              -4.7
            ],
            "size": [
              1.0,
              1.0,
              0.0
            ],
            "uv": [
              28,
              42
            ],
            "inflate": 0
          },
          {
            "origin": [
              -2.0,
              25.5,
              -4.7
            ],
            "size": [
              1.0,
              1.0,
              0.0
            ],
            "uv": [
              39,
              40
            ],
            "inflate": 0
          },
          {
            "origin": [
              -4.0,
              24.0,
              -4.0
            ],
            "size": [
              8.0,
              8.0,
              8.0
            ],
            "uv": [
              0,
              11
            ],
            "inflate": 0
          }
        ],
        "parent": "body"
      },
      {
        "name": "bone2",
        "pivot": [
          -2,
          37,
          0
        ],
        "cubes": [
          {
            "origin": [
              -3.6,
              32.2,
              -1.0
            ],
            "size": [
              2.0,
              2.6,
              2.0
            ],
            "uv": [
              30,
              0
            ],
            "inflate": 0
          },
          {
            "origin": [
              1.0,
              32.2,
              -1.0
            ],
            "size": [
              2.0,
              2.5,
              2.0
            ],
            "uv": [
              0,
              0
            ],
            "inflate": 0
          }
        ],
        "parent": "head"
      },
      {
        "name": "bone7",
        "parent": "head"
      },
      {
        "name": "bone6",
        "pivot": [
          -18,
          8,
          1
        ],
        "parent": "head",
        "rotation": [
          0,
          0,
          37.5
        ]
      },
      {
        "name": "bone5",
        "pivot": [
          2,
          12,
          -16
        ],
        "parent": "head",
        "rotation": [
          -45,
          0,
          0
        ]
      },
      {
        "name": "bone4",
        "cubes": [
          {
            "origin": [
              -4.0,
              23.0,
              4.2
            ],
            "size": [
              8.0,
              9.0,
              1.0
            ],
            "uv": [
              58,
              28
            ],
            "inflate": 0
          },
          {
            "origin": [
              -3.0,
              12.0,
              5.5
            ],
            "size": [
              1.0,
              19.0,
              0.0
            ],
            "uv": [
              9,
              69
            ],
            "inflate": 0
          },
          {
            "origin": [
              -2.0,
              11.0,
              5.5
            ],
            "size": [
              1.0,
              21.0,
              0.0
            ],
            "uv": [
              3,
              69
            ],
            "inflate": 0
          },
          {
            "origin": [
              0.0,
              10.0,
              5.5
            ],
            "size": [
              1.0,
              22.0,
              0.0
            ],
            "uv": [
              51,
              56
            ],
            "inflate": 0
          },
          {
            "origin": [
              2.0,
              12.0,
              5.5
            ],
            "size": [
              1.0,
              15.0,
              0.0
            ],
            "uv": [
              67,
              39
            ],
            "inflate": 0
          },
          {
            "origin": [
              1.0,
              11.0,
              5.5
            ],
            "size": [
              1.0,
              21.0,
              0.0
            ],
            "uv": [
              0,
              69
            ],
            "inflate": 0
          },
          {
            "origin": [
              -1.0,
              10.0,
              5.5
            ],
            "size": [
              1.0,
              20.0,
              0.0
            ],
            "uv": [
              6,
              69
            ],
            "inflate": 0
          }
        ],
        "parent": "head"
      },
      {
        "name": "bone3",
        "pivot": [
          -2,
          36,
          0
        ],
        "cubes": [
          {
            "origin": [
              -0.79081,
              31.55233,
              -1.0
            ],
            "size": [
              1.4,
              1.4,
              2.0
            ],
            "uv": [
              25,
              14
            ],
            "inflate": 0
          },
          {
            "origin": [
              -4.0435,
              34.90502,
              -1.0
            ],
            "size": [
              1.5,
              1.4,
              2.0
            ],
            "uv": [
              0,
              5
            ],
            "inflate": 0
          }
        ],
        "parent": "head",
        "rotation": [
          0,
          0,
          -45
        ]
      },
      {
        "name": "bone8",
        "cubes": [
          {
            "origin": [
              -5.0,
              30.5,
              -4.7
            ],
            "size": [
              10.0,
              2.0,
              0.0
            ],
            "uv": [
              33,
              17
            ],
            "inflate": 0
          },
          {
            "origin": [
              -5.0,
              27.5,
              -4.7
            ],
            "size": [
              1.0,
              3.0,
              0.0
            ],
            "uv": [
              0,
              28
            ],
            "inflate": 0
          },
          {
            "origin": [
              -3.0,
              29.5,
              -4.7
            ],
            "size": [
              1.0,
              1.0,
              0.0
            ],
            "uv": [
              5,
              5
            ],
            "inflate": 0
          },
          {
            "origin": [
              -4.0,
              28.5,
              -4.7
            ],
            "size": [
              1.0,
              2.0,
              0.0
            ],
            "uv": [
              39,
              37
            ],
            "inflate": 0
          },
          {
            "origin": [
              1.0,
              29.5,
              -4.7
            ],
            "size": [
              1.0,
              1.0,
              0.0
            ],
            "uv": [
              37,
              42
            ],
            "inflate": 0
          },
          {
            "origin": [
              -4.0,
              27.5,
              -4.7
            ],
            "size": [
              1.0,
              1.0,
              0.0
            ],
            "uv": [
              40,
              2
            ],
            "inflate": 0
          },
          {
            "origin": [
              -3.0,
              28.5,
              -4.7
            ],
            "size": [
              1.0,
              1.0,
              0.0
            ],
            "uv": [
              40,
              4
            ],
            "inflate": 0
          },
          {
            "origin": [
              -2.0,
              29.5,
              -4.7
            ],
            "size": [
              1.0,
              1.0,
              0.0
            ],
            "uv": [
              40,
              6
            ],
            "inflate": 0
          },
          {
            "origin": [
              0.0,
              29.5,
              -4.7
            ],
            "size": [
              1.0,
              1.0,
              0.0
            ],
            "uv": [
              40,
              8
            ],
            "inflate": 0
          },
          {
            "origin": [
              1.0,
              28.5,
              -4.7
            ],
            "size": [
              1.0,
              1.0,
              0.0
            ],
            "uv": [
              34,
              42
            ],
            "inflate": 0
          },
          {
            "origin": [
              4.0,
              18.5,
              -4.7
            ],
            "size": [
              1.0,
              12.0,
              0.0
            ],
            "uv": [
              61,
              39
            ],
            "inflate": 0
          },
          {
            "origin": [
              -5.0,
              18.5,
              -3.7
            ],
            "size": [
              1.0,
              12.0,
              0.0
            ],
            "uv": [
              58,
              39
            ],
            "inflate": 0
          },
          {
            "origin": [
              -5.0,
              26.5,
              -4.7
            ],
            "size": [
              1.0,
              1.0,
              0.0
            ],
            "uv": [
              40,
              0
            ],
            "inflate": 0
          }
        ],
        "parent": "head"
      },
      {
        "name": "bone9",
        "cubes": [
          {
            "origin": [
              -4.8,
              29.5,
              -1.0
            ],
            "size": [
              0.0,
              1.0,
              1.0
            ],
            "uv": [
              36,
              5
            ],
            "inflate": 0
          },
          {
            "origin": [
              -4.8,
              28.5,
              -1.0
            ],
            "size": [
              0.0,
              1.0,
              1.0
            ],
            "uv": [
              35,
              14
            ],
            "inflate": 0
          },
          {
            "origin": [
              -4.8,
              27.5,
              0.0
            ],
            "size": [
              0.0,
              1.0,
              1.0
            ],
            "uv": [
              33,
              5
            ],
            "inflate": 0
          },
          {
            "origin": [
              -4.8,
              29.5,
              -2.0
            ],
            "size": [
              0.0,
              1.0,
              1.0
            ],
            "uv": [
              25,
              11
            ],
            "inflate": 0
          },
          {
            "origin": [
              -4.8,
              27.5,
              -4.0
            ],
            "size": [
              0.0,
              3.0,
              1.0
            ],
            "uv": [
              36,
              37
            ],
            "inflate": 0
          },
          {
            "origin": [
              -4.8,
              28.5,
              2.0
            ],
            "size": [
              0.0,
              2.0,
              2.0
            ],
            "uv": [
              28,
              37
            ],
            "inflate": 0
          },
          {
            "origin": [
              -4.8,
              26.5,
              1.0
            ],
            "size": [
              0.0,
              1.0,
              1.0
            ],
            "uv": [
              32,
              14
            ],
            "inflate": 0
          },
          {
            "origin": [
              -4.8,
              25.5,
              2.0
            ],
            "size": [
              0.0,
              1.0,
              1.0
            ],
            "uv": [
              30,
              5
            ],
            "inflate": 0
          },
          {
            "origin": [
              -4.8,
              24.5,
              3.0
            ],
            "size": [
              0.0,
              1.0,
              1.0
            ],
            "uv": [
              21,
              28
            ],
            "inflate": 0
          },
          {
            "origin": [
              -4.8,
              30.5,
              -5.0
            ],
            "size": [
              0.0,
              2.0,
              10.0
            ],
            "uv": [
              40,
              4
            ],
            "inflate": 0
          },
          {
            "origin": [
              4.8,
              30.5,
              -5.0
            ],
            "size": [
              0.0,
              2.0,
              10.0
            ],
            "uv": [
              29,
              1
            ],
            "inflate": 0
          },
          {
            "origin": [
              4.8,
              27.5,
              -4.0
            ],
            "size": [
              0.0,
              3.0,
              1.0
            ],
            "uv": [
              33,
              37
            ],
            "inflate": 0
          },
          {
            "origin": [
              4.8,
              28.5,
              1.0
            ],
            "size": [
              0.0,
              1.0,
              1.0
            ],
            "uv": [
              4,
              11
            ],
            "inflate": 0
          },
          {
            "origin": [
              4.8,
              29.5,
              -2.0
            ],
            "size": [
              0.0,
              1.0,
              3.0
            ],
            "uv": [
              0,
              11
            ],
            "inflate": 0
          },
          {
            "origin": [
              4.8,
              28.5,
              -2.0
            ],
            "size": [
              0.0,
              1.0,
              1.0
            ],
            "uv": [
              3,
              16
            ],
            "inflate": 0
          },
          {
            "origin": [
              4.8,
              27.5,
              2.0
            ],
            "size": [
              0.0,
              1.0,
              1.0
            ],
            "uv": [
              0,
              11
            ],
            "inflate": 0
          },
          {
            "origin": [
              4.8,
              27.5,
              -3.0
            ],
            "size": [
              0.0,
              1.0,
              1.0
            ],
            "uv": [
              0,
              16
            ],
            "inflate": 0
          }
        ],
        "parent": "head"
      },
      {
        "name": "rightArm",
        "pivot": [
          -5,
          22,
          0
        ],
        "cubes": [
          {
            "origin": [
              -8.0,
              12.0,
              -2.0
            ],
            "size": [
              4.0,
              12.0,
              4.0
            ],
            "uv": [
              34,
              56
            ],
            "inflate": 0
          }
        ],
        "parent": "body"
      },
      {
        "name": "rightItem",
        "pivot": [
          -6,
          14,
          3
        ],
        "parent": "rightArm"
      },
      {
        "name": "leftArm",
        "pivot": [
          5,
          22,
          0
        ],
        "cubes": [
          {
            "origin": [
              4.0,
              12.0,
              -2.0
            ],
            "size": [
              4.0,
              12.0,
              4.0
            ],
            "uv": [
              17,
              56
            ],
            "inflate": 0
          }
        ],
        "parent": "body"
      },
      {
        "name": "bone",
        "pivot": [
          -1,
          13,
          4
        ],
        "cubes": [
          {
            "origin": [
              -4.0,
              11.0,
              -7.0
            ],
            "size": [
              4.0,
              4.0,
              6.0
            ],
            "uv": [
              51,
              0
            ],
            "inflate": 0
          },
          {
            "origin": [
              0.0,
              11.0,
              -7.0
            ],
            "size": [
              4.0,
              4.0,
              6.0
            ],
            "uv": [
              50,
              17
            ],
            "inflate": 0
          }
        ],
        "parent": "body",
        "rotation": [
          -45,
          0,
          0
        ]
      },
      {
        "name": "rightLeg",
        "pivot": [
          -2,
          12,
          0
        ],
        "cubes": [
          {
            "origin": [
              -4.0,
              0.0,
              -2.0
            ],
            "size": [
              4.0,
              12.0,
              4.0
            ],
            "uv": [
              54,
              52
            ],
            "inflate": 0
          }
        ],
        "parent": "waist"
      },
      {
        "name": "leftLeg",
        "pivot": [
          2,
          12,
          0
        ],
        "cubes": [
          {
            "origin": [
              -0.1,
              0.0,
              -2.0
            ],
            "size": [
              4.0,
              12.0,
              4.0
            ],
            "uv": [
              0,
              52
            ],
            "inflate": 0
          }
        ],
        "parent": "waist"
      }
    ]
  }
}