{
  "format_version": "1.12.0",
  "minecraft:geometry": [
    {
      "description": {
        "identifier": "geometry.entity_knife",
        "texture_width": 128,
        "texture_height": 128,
        "visible_bounds_width": 3,
        "visible_bounds_height": 3.5,
        "visible_bounds_offset": [
          0,
          1.25,
          0
        ]
      },
      "bones": [
        {
          "name": "root"
        },
        {
          "name": "waist",
          "pivot": [
            0,
            12,
            0
          ],
          "parent": "root"
        },
        {
          "name": "body",
          "pivot": [
            0,
            12,
            0
          ],
          "cubes": [
            {
              "origin": [
                -4.0,
                12.0,
                -2.0
              ],
              "size": [
                8.0,
                12.0,
                4.0
              ],
              "uv": [
                0,
                39
              ],
              "inflate": 0.25
            },
            {
              "origin": [
                -4.0,
                12.0,
                -2.0
              ],
              "size": [
                8.0,
                12.0,
                4.0
              ],
              "uv": [
                48,
                45
              ],
              "inflate": 0
            },
            {
              "origin": [
                -4.0,
                6.0,
                1.0
              ],
              "size": [
                8.0,
                18.0,
                2.0
              ],
              "uv": [
                32,
                29
              ],
              "inflate": 0
            }
          ],
          "parent": "waist"
        },
        {
          "name": "rightArm",
          "pivot": [
            -5,
            22,
            0
          ],
          "cubes": [
            {
              "origin": [
                -8.0,
                12.0,
                -2.0
              ],
              "size": [
                4.0,
                12.0,
                4.0
              ],
              "uv": [
                16,
                65
              ],
              "inflate": 0
            },
            {
              "origin": [
                -8.0,
                12.0,
                -2.0
              ],
              "size": [
                4.0,
                12.0,
                4.0
              ],
              "uv": [
                64,
                0
              ],
              "inflate": 0.25
            },
            {
              "origin": [
                -7.0,
                1.0,
                -2.0
              ],
              "size": [
                1.0,
                11.0,
                4.0
              ],
              "uv": [
                68,
                31
              ],
              "inflate": 0
            }
          ],
          "parent": "body"
        },
        {
          "name": "rightItem",
          "pivot": [
            -6,
            15,
            1
          ],
          "parent": "rightArm"
        },
        {
          "name": "leftArm",
          "pivot": [
            5,
            22,
            0
          ],
          "cubes": [
            {
              "origin": [
                4.0,
                12.0,
                -2.0
              ],
              "size": [
                4.0,
                12.0,
                4.0
              ],
              "uv": [
                52,
                61
              ],
              "inflate": 0
            },
            {
              "origin": [
                4.0,
                12.0,
                -2.0
              ],
              "size": [
                4.0,
                12.0,
                4.0
              ],
              "uv": [
                36,
                61
              ],
              "inflate": 0.25
            },
            {
              "origin": [
                6.0,
                1.0,
                -2.0
              ],
              "size": [
                1.0,
                11.0,
                4.0
              ],
              "uv": [
                68,
                16
              ],
              "inflate": 0
            },
            {
              "origin": [
                6.0,
                -2.0,
                -2.0
              ],
              "size": [
                1.0,
                2.0,
                3.0
              ],
              "pivot": [
                0.0,
                0.0,
                0.0
              ],
              "rotation": [
                -142.5,
                0.0,
                0.0
              ],
              "uv": [
                24,
                29
              ],
              "inflate": 0
            },
            {
              "origin": [
                -7.0,
                -2.0,
                -2.0
              ],
              "size": [
                1.0,
                2.0,
                3.0
              ],
              "pivot": [
                0.0,
                0.0,
                0.0
              ],
              "rotation": [
                -142.5,
                0.0,
                0.0
              ],
              "uv": [
                0,
                28
              ],
              "inflate": 0
            },
            {
              "origin": [
                6.0,
                -2.0,
                -2.0
              ],
              "size": [
                1.0,
                2.0,
                3.0
              ],
              "pivot": [
                0.0,
                0.0,
                0.0
              ],
              "rotation": [
                -150.0,
                0.0,
                0.0
              ],
              "uv": [
                0,
                14
              ],
              "inflate": 0
            },
            {
              "origin": [
                -7.0,
                -2.0,
                -2.0
              ],
              "size": [
                1.0,
                2.0,
                3.0
              ],
              "pivot": [
                0.0,
                0.0,
                0.0
              ],
              "rotation": [
                -150.0,
                0.0,
                0.0
              ],
              "uv": [
                0,
                0
              ],
              "inflate": 0
            }
          ],
          "parent": "body"
        },
        {
          "name": "leftItem",
          "pivot": [
            6,
            15,
            1
          ],
          "parent": "leftArm"
        },
        {
          "name": "head",
          "pivot": [
            0,
            24,
            0
          ],
          "cubes": [
            {
              "origin": [
                -4.0,
                23.6,
                -4.0
              ],
              "size": [
                8.0,
                6.0,
                8.0
              ],
              "uv": [
                0,
                14
              ],
              "inflate": 0
            },
            {
              "origin": [
                -4.0,
                23.6,
                -4.0
              ],
              "size": [
                8.0,
                6.0,
                8.0
              ],
              "uv": [
                0,
                0
              ],
              "inflate": 0.5
            },
            {
              "origin": [
                -4.0,
                28.6,
                -11.0
              ],
              "size": [
                8.0,
                2.0,
                8.0
              ],
              "pivot": [
                0.0,
                0.0,
                0.0
              ],
              "rotation": [
                -12.5,
                0.0,
                0.0
              ],
              "uv": [
                24,
                6
              ],
              "inflate": 0.5
            },
            {
              "origin": [
                -4.0,
                28.6,
                1.0
              ],
              "size": [
                8.0,
                2.0,
                8.0
              ],
              "pivot": [
                0.0,
                0.0,
                0.0
              ],
              "rotation": [
                10.0,
                0.0,
                0.0
              ],
              "uv": [
                0,
                29
              ],
              "inflate": 0.5
            },
            {
              "origin": [
                1.0,
                23.6,
                -5.0
              ],
              "size": [
                4.0,
                0.0,
                5.0
              ],
              "pivot": [
                0.0,
                0.0,
                0.0
              ],
              "rotation": [
                0.0,
                45.0,
                0.0
              ],
              "uv": [
                77,
                87
              ],
              "inflate": 0.5
            },
            {
              "origin": [
                1.0,
                27.6,
                -4.0
              ],
              "size": [
                3.0,
                0.0,
                4.0
              ],
              "pivot": [
                0.0,
                0.0,
                0.0
              ],
              "rotation": [
                0.0,
                45.0,
                0.0
              ],
              "uv": [
                20,
                16
              ],
              "inflate": 0.5
            },
            {
              "origin": [
                -1.0,
                28.0,
                4.0
              ],
              "size": [
                2.0,
                1.0,
                5.0
              ],
              "uv": [
                27,
                0
              ],
              "inflate": 0
            },
            {
              "origin": [
                -2.0,
                28.0,
                -16.0
              ],
              "size": [
                4.0,
                1.0,
                12.0
              ],
              "uv": [
                20,
                16
              ],
              "inflate": 0
            },
            {
              "origin": [
                -2.0,
                29.0,
                -6.0
              ],
              "size": [
                4.0,
                2.0,
                2.0
              ],
              "uv": [
                36,
                0
              ],
              "inflate": 0
            },
            {
              "origin": [
                5.0,
                28.0,
                14.0
              ],
              "size": [
                3.0,
                1.0,
                2.0
              ],
              "pivot": [
                0.0,
                0.0,
                0.0
              ],
              "rotation": [
                0.0,
                157.5,
                0.0
              ],
              "uv": [
                20,
                39
              ],
              "inflate": 0
            },
            {
              "origin": [
                8.0,
                28.0,
                13.0
              ],
              "size": [
                1.0,
                1.0,
                1.0
              ],
              "pivot": [
                0.0,
                0.0,
                0.0
              ],
              "rotation": [
                0.0,
                142.5,
                0.0
              ],
              "uv": [
                24,
                5
              ],
              "inflate": 0
            },
            {
              "origin": [
                1.0,
                28.0,
                -16.0
              ],
              "size": [
                1.0,
                1.0,
                3.0
              ],
              "pivot": [
                0.0,
                0.0,
                0.0
              ],
              "rotation": [
                0.0,
                2.5,
                0.0
              ],
              "uv": [
                0,
                33
              ],
              "inflate": 0
            }
          ],
          "parent": "body"
        },
        {
          "name": "rightLeg",
          "pivot": [
            -1.9,
            12,
            0
          ],
          "cubes": [
            {
              "origin": [
                -3.9,
                0.0,
                -2.0
              ],
              "size": [
                4.0,
                12.0,
                4.0
              ],
              "uv": [
                52,
                28
              ],
              "inflate": 0.25
            }
          ],
          "parent": "waist"
        },
        {
          "name": "leftLeg",
          "pivot": [
            1.9,
            12,
            0
          ],
          "cubes": [
            {
              "origin": [
                -0.1,
                0.0,
                -2.0
              ],
              "size": [
                4.0,
                12.0,
                4.0
              ],
              "uv": [
                24,
                49
              ],
              "inflate": 0.25
            }
          ],
          "parent": "waist"
        }
      ]
    }
  ]
}