{
  "format_version": "1.10.0",
  "geometry.item_big_blood": {
    "texturewidth": 32,
    "textureheight": 32,
    "visible_bounds_width": 3,
    "visible_bounds_height": 2,
    "visible_bounds_offset": [
      0,
      1,
      0
    ],
    "bones": [
      {
        "name": "body",
        "pivot": [
          0,
          24,
          0
        ]
      },
      {
        "name": "bodyArmor",
        "pivot": [
          0,
          24,
          0
        ],
        "parent": "body"
      },
      {
        "name": "belt",
        "pivot": [
          0,
          24,
          0
        ],
        "parent": "body"
      },
      {
        "name": "waist",
        "pivot": [
          0,
          12,
          0
        ]
      },
      {
        "name": "head",
        "pivot": [
          0,
          24,
          0
        ]
      },
      {
        "name": "hat",
        "pivot": [
          0,
          24,
          0
        ],
        "parent": "head"
      },
      {
        "name": "rightArm",
        "pivot": [
          -5,
          22,
          0
        ],
        "cubes": [
          {
            "origin": [
              -7.0,
              13.0,
              -13.0
            ],
            "size": [
              1.0,
              1.0,
              14.0
            ],
            "uv": [
              0,
              0
            ],
            "inflate": 0
          },
          {
            "origin": [
              -10.0,
              9.0,
              -18.0
            ],
            "size": [
              6.0,
              10.0,
              5.0
            ],
            "uv": [
              0,
              15
            ],
            "inflate": 0
          }
        ]
      },
      {
        "name": "rightItem",
        "pivot": [
          -6,
          15,
          1
        ],
        "parent": "rightArm"
      },
      {
        "name": "rightArmArmor",
        "pivot": [
          -5,
          22,
          0
        ],
        "parent": "rightArm"
      },
      {
        "name": "leftArm",
        "pivot": [
          5,
          22,
          0
        ],
        "mirror": true
      },
      {
        "name": "leftArmArmor",
        "pivot": [
          5,
          22,
          0
        ],
        "parent": "leftArm",
        "mirror": true
      },
      {
        "name": "rightLeg",
        "pivot": [
          -1.9,
          12,
          0
        ]
      },
      {
        "name": "rightLegging",
        "pivot": [
          -1.9,
          12,
          0
        ],
        "parent": "rightLeg"
      },
      {
        "name": "rightBoot",
        "pivot": [
          -1.9,
          12,
          0
        ],
        "parent": "rightLeg"
      },
      {
        "name": "rightSock",
        "pivot": [
          -1.9,
          12,
          0
        ],
        "parent": "rightLeg"
      },
      {
        "name": "leftLeg",
        "pivot": [
          1.9,
          12,
          0
        ],
        "mirror": true
      },
      {
        "name": "leftLegging",
        "pivot": [
          1.9,
          12,
          0
        ],
        "parent": "leftLeg",
        "mirror": true
      },
      {
        "name": "leftBoot",
        "pivot": [
          1.9,
          12,
          0
        ],
        "parent": "leftLeg",
        "mirror": true
      },
      {
        "name": "leftSock",
        "pivot": [
          1.9,
          12,
          0
        ],
        "parent": "leftLeg",
        "mirror": true
      },
      {
        "name": "helmet",
        "pivot": [
          0,
          24,
          0
        ]
      }
    ]
  }
}