{
  "format_version": "1.12.0",
  "minecraft:geometry": [
    {
      "description": {
        "identifier": "geometry.item_future_devil",
        "texture_width": 128,
        "texture_height": 128,
        "visible_bounds_width": 4,
        "visible_bounds_height": 3.5,
        "visible_bounds_offset": [
          0,
          1.25,
          0
        ]
      },
      "bones": [
        {
          "name": "head",
          "pivot": [
            0,
            24,
            0
          ],
          "cubes": [
            {
              "origin": [
                -4.0,
                23.6,
                -4.0
              ],
              "size": [
                8.0,
                8.0,
                8.0
              ],
              "uv": [
                0,
                16
              ],
              "inflate": 0
            },
            {
              "origin": [
                -4.0,
                23.6,
                -4.0
              ],
              "size": [
                8.0,
                8.0,
                8.0
              ],
              "uv": [
                0,
                0
              ],
              "inflate": 0.5
            },
            {
              "origin": [
                -5.0,
                23.0,
                -5.0
              ],
              "size": [
                10.0,
                2.0,
                1.0
              ],
              "uv": [
                24,
                20
              ],
              "inflate": 0
            },
            {
              "origin": [
                -5.0,
                25.0,
                -5.0
              ],
              "size": [
                1.0,
                1.0,
                1.0
              ],
              "uv": [
                24,
                5
              ],
              "inflate": 0
            },
            {
              "origin": [
                -3.0,
                25.0,
                -5.0
              ],
              "size": [
                1.0,
                1.0,
                1.0
              ],
              "uv": [
                28,
                2
              ],
              "inflate": 0
            },
            {
              "origin": [
                -4.0,
                26.0,
                -5.0
              ],
              "size": [
                1.0,
                2.0,
                1.0
              ],
              "uv": [
                4,
                16
              ],
              "inflate": 0
            },
            {
              "origin": [
                -5.0,
                28.0,
                -6.0
              ],
              "size": [
                10.0,
                4.0,
                2.0
              ],
              "uv": [
                52,
                0
              ],
              "inflate": 0
            },
            {
              "origin": [
                -1.0,
                28.0,
                -16.0
              ],
              "size": [
                1.0,
                4.0,
                10.0
              ],
              "uv": [
                24,
                6
              ],
              "inflate": 0
            },
            {
              "origin": [
                1.0,
                26.0,
                -5.0
              ],
              "size": [
                1.0,
                2.0,
                1.0
              ],
              "uv": [
                24,
                2
              ],
              "inflate": 0
            },
            {
              "origin": [
                -2.0,
                26.0,
                -5.0
              ],
              "size": [
                1.0,
                2.0,
                1.0
              ],
              "uv": [
                0,
                19
              ],
              "inflate": 0
            },
            {
              "origin": [
                0.0,
                25.0,
                -5.0
              ],
              "size": [
                1.0,
                1.0,
                1.0
              ],
              "uv": [
                28,
                5
              ],
              "inflate": 0
            },
            {
              "origin": [
                2.0,
                25.0,
                -5.0
              ],
              "size": [
                1.0,
                1.0,
                1.0
              ],
              "uv": [
                32,
                2
              ],
              "inflate": 0
            },
            {
              "origin": [
                4.0,
                25.0,
                -5.0
              ],
              "size": [
                1.0,
                1.0,
                1.0
              ],
              "uv": [
                0,
                32
              ],
              "inflate": 0
            },
            {
              "origin": [
                3.0,
                26.0,
                -5.0
              ],
              "size": [
                1.0,
                2.0,
                1.0
              ],
              "uv": [
                4,
                19
              ],
              "inflate": 0
            },
            {
              "origin": [
                -1.0,
                31.0,
                -17.0
              ],
              "size": [
                1.0,
                1.0,
                1.0
              ],
              "uv": [
                8,
                32
              ],
              "inflate": 0
            },
            {
              "origin": [
                -1.0,
                28.0,
                -17.0
              ],
              "size": [
                1.0,
                1.0,
                1.0
              ],
              "uv": [
                12,
                32
              ],
              "inflate": 0
            },
            {
              "origin": [
                -1.0,
                27.0,
                -15.0
              ],
              "size": [
                1.0,
                1.0,
                1.0
              ],
              "uv": [
                32,
                25
              ],
              "inflate": 0
            },
            {
              "origin": [
                -1.0,
                27.0,
                -13.0
              ],
              "size": [
                1.0,
                1.0,
                1.0
              ],
              "uv": [
                16,
                32
              ],
              "inflate": 0
            },
            {
              "origin": [
                -1.0,
                27.0,
                -11.0
              ],
              "size": [
                1.0,
                1.0,
                1.0
              ],
              "uv": [
                22,
                32
              ],
              "inflate": 0
            },
            {
              "origin": [
                -1.0,
                27.0,
                -7.0
              ],
              "size": [
                1.0,
                1.0,
                1.0
              ],
              "uv": [
                8,
                34
              ],
              "inflate": 0
            },
            {
              "origin": [
                -1.0,
                32.0,
                -7.0
              ],
              "size": [
                1.0,
                1.0,
                1.0
              ],
              "uv": [
                4,
                0
              ],
              "inflate": 0
            },
            {
              "origin": [
                -1.0,
                27.0,
                -9.0
              ],
              "size": [
                1.0,
                1.0,
                1.0
              ],
              "uv": [
                32,
                23
              ],
              "inflate": 0
            },
            {
              "origin": [
                -1.0,
                32.0,
                -9.0
              ],
              "size": [
                1.0,
                1.0,
                1.0
              ],
              "uv": [
                4,
                3
              ],
              "inflate": 0
            },
            {
              "origin": [
                -1.0,
                32.0,
                -11.0
              ],
              "size": [
                1.0,
                1.0,
                1.0
              ],
              "uv": [
                0,
                6
              ],
              "inflate": 0
            },
            {
              "origin": [
                -1.0,
                32.0,
                -13.0
              ],
              "size": [
                1.0,
                1.0,
                1.0
              ],
              "uv": [
                4,
                6
              ],
              "inflate": 0
            },
            {
              "origin": [
                -1.0,
                32.0,
                -15.0
              ],
              "size": [
                1.0,
                1.0,
                1.0
              ],
              "uv": [
                0,
                22
              ],
              "inflate": 0
            },
            {
              "origin": [
                -3.0,
                26.0,
                5.0
              ],
              "size": [
                6.0,
                1.0,
                1.0
              ],
              "uv": [
                24,
                0
              ],
              "inflate": 0
            },
            {
              "origin": [
                3.0,
                26.0,
                4.0
              ],
              "size": [
                1.0,
                1.0,
                2.0
              ],
              "uv": [
                0,
                3
              ],
              "inflate": 0
            },
            {
              "origin": [
                -7.0,
                3.0,
                -3.0
              ],
              "size": [
                1.0,
                15.0,
                6.0
              ],
              "uv": [
                14,
                32
              ],
              "inflate": 0
            },
            {
              "origin": [
                -7.0,
                17.0,
                3.0
              ],
              "size": [
                1.0,
                1.0,
                1.0
              ],
              "uv": [
                28,
                46
              ],
              "inflate": 0
            },
            {
              "origin": [
                -7.0,
                15.0,
                3.0
              ],
              "size": [
                1.0,
                1.0,
                1.0
              ],
              "uv": [
                44,
                44
              ],
              "inflate": 0
            },
            {
              "origin": [
                -7.0,
                13.0,
                3.0
              ],
              "size": [
                1.0,
                1.0,
                1.0
              ],
              "uv": [
                40,
                46
              ],
              "inflate": 0
            },
            {
              "origin": [
                -7.0,
                11.0,
                3.0
              ],
              "size": [
                1.0,
                1.0,
                1.0
              ],
              "uv": [
                44,
                46
              ],
              "inflate": 0
            },
            {
              "origin": [
                -7.0,
                9.0,
                3.0
              ],
              "size": [
                1.0,
                1.0,
                1.0
              ],
              "uv": [
                48,
                0
              ],
              "inflate": 0
            },
            {
              "origin": [
                -7.0,
                7.0,
                3.0
              ],
              "size": [
                1.0,
                1.0,
                1.0
              ],
              "uv": [
                48,
                2
              ],
              "inflate": 0
            },
            {
              "origin": [
                -7.0,
                5.0,
                3.0
              ],
              "size": [
                1.0,
                1.0,
                1.0
              ],
              "uv": [
                48,
                28
              ],
              "inflate": 0
            },
            {
              "origin": [
                -7.0,
                3.0,
                3.0
              ],
              "size": [
                1.0,
                1.0,
                1.0
              ],
              "uv": [
                48,
                30
              ],
              "inflate": 0
            },
            {
              "origin": [
                -7.0,
                2.0,
                1.0
              ],
              "size": [
                1.0,
                1.0,
                1.0
              ],
              "uv": [
                51,
                29
              ],
              "inflate": 0
            },
            {
              "origin": [
                -7.0,
                2.0,
                -2.0
              ],
              "size": [
                1.0,
                1.0,
                1.0
              ],
              "uv": [
                52,
                6
              ],
              "inflate": 0
            },
            {
              "origin": [
                -7.0,
                3.0,
                -4.0
              ],
              "size": [
                1.0,
                1.0,
                1.0
              ],
              "uv": [
                52,
                8
              ],
              "inflate": 0
            },
            {
              "origin": [
                -7.0,
                5.0,
                -4.0
              ],
              "size": [
                1.0,
                1.0,
                1.0
              ],
              "uv": [
                52,
                10
              ],
              "inflate": 0
            },
            {
              "origin": [
                -7.0,
                7.0,
                -4.0
              ],
              "size": [
                1.0,
                1.0,
                1.0
              ],
              "uv": [
                0,
                53
              ],
              "inflate": 0
            },
            {
              "origin": [
                -7.0,
                9.0,
                -4.0
              ],
              "size": [
                1.0,
                1.0,
                1.0
              ],
              "uv": [
                12,
                53
              ],
              "inflate": 0
            },
            {
              "origin": [
                -7.0,
                11.0,
                -4.0
              ],
              "size": [
                1.0,
                1.0,
                1.0
              ],
              "uv": [
                16,
                53
              ],
              "inflate": 0
            },
            {
              "origin": [
                -7.0,
                13.0,
                -4.0
              ],
              "size": [
                1.0,
                1.0,
                1.0
              ],
              "uv": [
                20,
                53
              ],
              "inflate": 0
            },
            {
              "origin": [
                -7.0,
                15.0,
                -4.0
              ],
              "size": [
                1.0,
                1.0,
                1.0
              ],
              "uv": [
                24,
                53
              ],
              "inflate": 0
            },
            {
              "origin": [
                6.0,
                3.0,
                -3.0
              ],
              "size": [
                1.0,
                15.0,
                6.0
              ],
              "uv": [
                0,
                32
              ],
              "inflate": 0
            },
            {
              "origin": [
                6.0,
                17.0,
                -4.0
              ],
              "size": [
                1.0,
                1.0,
                1.0
              ],
              "uv": [
                28,
                44
              ],
              "inflate": 0
            },
            {
              "origin": [
                6.0,
                15.0,
                -4.0
              ],
              "size": [
                1.0,
                1.0,
                1.0
              ],
              "uv": [
                44,
                25
              ],
              "inflate": 0
            },
            {
              "origin": [
                6.0,
                13.0,
                -4.0
              ],
              "size": [
                1.0,
                1.0,
                1.0
              ],
              "uv": [
                44,
                23
              ],
              "inflate": 0
            },
            {
              "origin": [
                6.0,
                11.0,
                -4.0
              ],
              "size": [
                1.0,
                1.0,
                1.0
              ],
              "uv": [
                41,
                26
              ],
              "inflate": 0
            },
            {
              "origin": [
                6.0,
                9.0,
                -4.0
              ],
              "size": [
                1.0,
                1.0,
                1.0
              ],
              "uv": [
                41,
                24
              ],
              "inflate": 0
            },
            {
              "origin": [
                6.0,
                7.0,
                -4.0
              ],
              "size": [
                1.0,
                1.0,
                1.0
              ],
              "uv": [
                38,
                25
              ],
              "inflate": 0
            },
            {
              "origin": [
                6.0,
                5.0,
                -4.0
              ],
              "size": [
                1.0,
                1.0,
                1.0
              ],
              "uv": [
                38,
                23
              ],
              "inflate": 0
            },
            {
              "origin": [
                6.0,
                3.0,
                -4.0
              ],
              "size": [
                1.0,
                1.0,
                1.0
              ],
              "uv": [
                22,
                36
              ],
              "inflate": 0
            },
            {
              "origin": [
                6.0,
                2.0,
                -2.0
              ],
              "size": [
                1.0,
                1.0,
                1.0
              ],
              "uv": [
                16,
                36
              ],
              "inflate": 0
            },
            {
              "origin": [
                6.0,
                2.0,
                1.0
              ],
              "size": [
                1.0,
                1.0,
                1.0
              ],
              "uv": [
                12,
                36
              ],
              "inflate": 0
            },
            {
              "origin": [
                6.0,
                3.0,
                3.0
              ],
              "size": [
                1.0,
                1.0,
                1.0
              ],
              "uv": [
                8,
                36
              ],
              "inflate": 0
            },
            {
              "origin": [
                6.0,
                5.0,
                3.0
              ],
              "size": [
                1.0,
                1.0,
                1.0
              ],
              "uv": [
                36,
                2
              ],
              "inflate": 0
            },
            {
              "origin": [
                6.0,
                7.0,
                3.0
              ],
              "size": [
                1.0,
                1.0,
                1.0
              ],
              "uv": [
                35,
                26
              ],
              "inflate": 0
            },
            {
              "origin": [
                6.0,
                9.0,
                3.0
              ],
              "size": [
                1.0,
                1.0,
                1.0
              ],
              "uv": [
                35,
                24
              ],
              "inflate": 0
            },
            {
              "origin": [
                6.0,
                11.0,
                3.0
              ],
              "size": [
                1.0,
                1.0,
                1.0
              ],
              "uv": [
                0,
                35
              ],
              "inflate": 0
            },
            {
              "origin": [
                6.0,
                13.0,
                3.0
              ],
              "size": [
                1.0,
                1.0,
                1.0
              ],
              "uv": [
                22,
                34
              ],
              "inflate": 0
            },
            {
              "origin": [
                6.0,
                15.0,
                3.0
              ],
              "size": [
                1.0,
                1.0,
                1.0
              ],
              "uv": [
                16,
                34
              ],
              "inflate": 0
            },
            {
              "origin": [
                6.0,
                17.0,
                3.0
              ],
              "size": [
                1.0,
                1.0,
                1.0
              ],
              "uv": [
                12,
                34
              ],
              "inflate": 0
            },
            {
              "origin": [
                -7.0,
                17.0,
                -4.0
              ],
              "size": [
                1.0,
                1.0,
                1.0
              ],
              "uv": [
                0,
                55
              ],
              "inflate": 0
            },
            {
              "origin": [
                -4.0,
                26.0,
                4.0
              ],
              "size": [
                1.0,
                1.0,
                2.0
              ],
              "uv": [
                0,
                0
              ],
              "inflate": 0
            }
          ]
        }
      ]
    }
  ]
}