{
  "format_version": "1.10.0",
  "geometry.item_small_blood": {
    "texturewidth": 32,
    "textureheight": 32,
    "visible_bounds_width": 2,
    "visible_bounds_height": 3,
    "visible_bounds_offset": [
      0,
      1.5,
      0
    ],
    "bones": [
      {
        "name": "waist",
        "pivot": [
          0,
          12,
          0
        ]
      },
      {
        "name": "body",
        "pivot": [
          0,
          11,
          0
        ],
        "parent": "waist"
      },
      {
        "name": "head",
        "pivot": [
          0,
          24,
          0
        ],
        "parent": "body"
      },
      {
        "name": "rightArm",
        "pivot": [
          -5,
          22,
          0
        ],
        "cubes": [
          {
            "origin": [
              -7.0,
              13.0,
              -9.0
            ],
            "size": [
              2.0,
              2.0,
              10.0
            ],
            "uv": [
              0,
              0
            ],
            "inflate": 0
          },
          {
            "origin": [
              -7.0,
              11.0,
              -11.0
            ],
            "size": [
              2.0,
              5.0,
              2.0
            ],
            "uv": [
              0,
              0
            ],
            "inflate": 0
          }
        ],
        "parent": "body"
      },
      {
        "name": "rightItem",
        "pivot": [
          -6,
          14,
          3
        ],
        "parent": "rightArm"
      },
      {
        "name": "bone",
        "pivot": [
          0,
          4,
          5
        ],
        "cubes": [
          {
            "origin": [
              -7.0,
              20.0,
              -6.0
            ],
            "size": [
              2.0,
              1.0,
              2.0
            ],
            "uv": [
              0,
              7
            ],
            "inflate": 0
          }
        ],
        "parent": "rightArm",
        "rotation": [
          20,
          0,
          0
        ]
      },
      {
        "name": "leftArm",
        "pivot": [
          5,
          22,
          0
        ],
        "parent": "body",
        "mirror": true
      },
      {
        "name": "rightLeg",
        "pivot": [
          -2,
          12,
          0
        ],
        "parent": "waist"
      },
      {
        "name": "leftLeg",
        "pivot": [
          2,
          12,
          0
        ],
        "parent": "waist",
        "mirror": true
      }
    ]
  }
}