{
  "format_version": "1.10.0",
  "geometry.item_youzi": {
    "texturewidth": 32,
    "textureheight": 32,
    "visible_bounds_width": 4,
    "visible_bounds_height": 2,
    "visible_bounds_offset": [
      0,
      1,
      0
    ],
    "bones": [
      {
        "name": "rightArm",
        "pivot": [
          -5,
          22,
          0
        ],
        "cubes": [
          {
            "origin": [
              -7.0,
              11.0,
              -4.0
            ],
            "size": [
              1.0,
              2.0,
              8.0
            ],
            "uv": [
              12,
              0
            ],
            "inflate": 0
          },
          {
            "origin": [
              -7.0,
              10.0,
              6.0
            ],
            "size": [
              1.0,
              2.0,
              10.0
            ],
            "uv": [
              0,
              0
            ],
            "inflate": 0
          }
        ]
      },
      {
        "name": "rightItem",
        "pivot": [
          -6,
          15,
          1
        ],
        "parent": "rightArm"
      },
      {
        "name": "rightArmArmor",
        "pivot": [
          -5,
          22,
          0
        ],
        "parent": "rightArm"
      },
      {
        "name": "bone2",
        "pivot": [
          0,
          -10,
          12
        ],
        "cubes": [
          {
            "origin": [
              -7.0,
              0.0,
              29.0
            ],
            "size": [
              1.0,
              2.0,
              2.0
            ],
            "uv": [
              0,
              6
            ],
            "inflate": 0
          }
        ],
        "parent": "rightArm",
        "rotation": [
          47.5,
          0,
          0
        ]
      },
      {
        "name": "bone3",
        "pivot": [
          0,
          -8,
          6
        ],
        "parent": "rightArm",
        "rotation": [
          30,
          0,
          0
        ]
      },
      {
        "name": "bone",
        "pivot": [
          0,
          1,
          4
        ],
        "cubes": [
          {
            "origin": [
              -7.0,
              10.0,
              -1.0
            ],
            "size": [
              1.0,
              2.0,
              4.0
            ],
            "uv": [
              0,
              0
            ],
            "inflate": 0
          }
        ],
        "parent": "rightArm",
        "rotation": [
          -20,
          0,
          0
        ]
      },
      {
        "name": "bone4",
        "pivot": [
          0,
          -1,
          -4
        ],
        "cubes": [
          {
            "origin": [
              -7.0,
              9.0,
              5.0
            ],
            "size": [
              1.0,
              1.0,
              10.0
            ],
            "uv": [
              0,
              12
            ],
            "inflate": 0
          }
        ],
        "parent": "bone",
        "rotation": [
          12.5,
          0,
          0
        ]
      }
    ]
  }
}