{
  "format_version": "1.16.100",
  "minecraft:item": {
    "description": {
      "identifier": "item:mould_devil",
      "category": "items"
    },
    "components": {
      "minecraft:hand_equipped": false,
      "minecraft:max_stack_size": 1,
      "minecraft:foil": false,
      "minecraft:icon": {
        "texture": "item:mould_devil"
      },
      "minecraft:display_name": {
        "value": "霉菌恶魔(契约)"
      },
      "minecraft:cooldown": {
        "category": "mould_devil",
        "duration": 5
      },
      "minecraft:on_use": {
        "on_use": {
          "event": "on_use_event"
        }
      }
    },
    "events": {
      "on_use_event": {
        "swing": {},
        "run_command": {
          "command": [
            "function mould"
          ]
        }
      },
      "hurt": {
        "damage": {
          "type": "magic",
          "amount": 1,
          "target": "self"
        }
      }
    }
  }
}