{
  "format_version": "1.16.100",
  "minecraft:item": {
    "description": {
      "identifier": "armor:spear",
      "category": "Equipment"
    },
    "components": {
      "minecraft:icon": {
        "texture": "armor_spear"
      },
      "minecraft:creative_category": {
        "parent": "itemGroup.name.helmet"
      },
      "minecraft:max_stack_size": 1,
      "minecraft:enchantable": {
        "value": 10,
        "slot": "armor_head"
      },
      "minecraft:durability": {
        "max_durability": 4000,
        "damage_chance": {
          "min": 60,
          "max": 100
        }
      },
      "minecraft:knockback_resistance": {
        "protection": 0.75
      },
      "minecraft:mining_speed": 5,
      "minecraft:foil": false,
      "minecraft:hand_equipped": true,
      "minecraft:wearable": {
        "slot": "slot.armor.head"
      },
      "minecraft:render_offsets": {
        "main_hand": {
          "third_person": {
            "scale": [
              0.11428571428571428,
              0.11428571428571428,
              0.11428571428571428
            ]
          },
          "first_person": {
            "scale": [
              0.04342857142854537,
              0.04342857142854537,
              0.04342857142854537
            ]
          }
        },
        "off_hand": {
          "third_person": {
            "scale": [
              0.11428571428571428,
              0.11428571428571428,
              0.11428571428571428
            ]
          },
          "first_person": {
            "scale": [
              0.04342857142854537,
              0.04342857142854537,
              0.04342857142854537
            ]
          }
        }
      },
      "minecraft:repairable": {
        "repair_items": []
      },
      "minecraft:armor": {
        "protection": 7
      },
      "minecraft:display_name": {}
    }
  }
}