{"format_version":"1.16.100","minecraft:item":{"description":{"category":"equipment","identifier":"item:pocta"},"components":{"minecraft:icon":{"texture":"item_pocta"},"minecraft:creative_category":{"parent":"itemGroup.name.axe"},"minecraft:max_stack_size":1,"minecraft:hand_equipped":true,"minecraft:allow_off_hand":true,"minecraft:foil":false,"minecraft:durability":{"max_durability":999999,"damage_chance":{"min":60,"max":100}},"minecraft:repairable":{"repair_items":[{"items":["item:pocta"],"repair_amount":"context.other->query.remaining_durability + 0.2 * context.other->query.max_durability"}]},"minecraft:mining_speed":1,"minecraft:damage":19,"minecraft:enchantable":{"value":15,"slot":"axe"},"minecraft:can_destroy_in_creative":true,"minecraft:digger":{"use_efficiency":true,"destroy_speeds":[{"block":"minecraft:acacia_stairs","speed":2,"on_dig":{"event":"hurt"}},{"block":"minecraft:birch_stairs","speed":2,"on_dig":{"event":"hurt"}},{"block":"minecraft:dark_oak_stairs","speed":2,"on_dig":{"event":"hurt"}},{"block":"minecraft:jungle_stairs","speed":2,"on_dig":{"event":"hurt"}},{"block":"minecraft:oak_stairs","speed":2,"on_dig":{"event":"hurt"}},{"block":"minecraft:spruce_stairs","speed":2,"on_dig":{"event":"hurt"}},{"block":"minecraft:wood","speed":2,"on_dig":{"event":"hurt"}},{"block":"minecraft:wooden_button","speed":2,"on_dig":{"event":"hurt"}},{"block":"minecraft:wooden_door","speed":2,"on_dig":{"event":"hurt"}},{"block":"minecraft:wooden_pressure_plate","speed":2,"on_dig":{"event":"hurt"}},{"block":"minecraft:wooden_slab","speed":2,"on_dig":{"event":"hurt"}},{"block":"minecraft:acacia_pressure_plate","speed":2,"on_dig":{"event":"hurt"}},{"block":"minecraft:birch_pressure_plate","speed":2,"on_dig":{"event":"hurt"}},{"block":"minecraft:crimson_pressure_plate","speed":2,"on_dig":{"event":"hurt"}},{"block":"minecraft:dark_oak_pressure_plate","speed":2,"on_dig":{"event":"hurt"}},{"block":"minecraft:spruce_pressure_plate","speed":2,"on_dig":{"event":"hurt"}},{"block":"minecraft:stone_pressure_plate","speed":2,"on_dig":{"event":"hurt"}},{"block":"minecraft:warped_pressure_plate","speed":2,"on_dig":{"event":"hurt"}},{"block":"minecraft:acacia_button","speed":2,"on_dig":{"event":"hurt"}},{"block":"minecraft:birch_button","speed":2,"on_dig":{"event":"hurt"}},{"block":"minecraft:crimson_button","speed":2,"on_dig":{"event":"hurt"}},{"block":"minecraft:dark_oak_button","speed":2,"on_dig":{"event":"hurt"}},{"block":"minecraft:jungle_button","speed":2,"on_dig":{"event":"hurt"}},{"block":"minecraft:polished_blackstone_button","speed":2,"on_dig":{"event":"hurt"}},{"block":"minecraft:spruce_button","speed":2,"on_dig":{"event":"hurt"}},{"block":"minecraft:stone_button","speed":2,"on_dig":{"event":"hurt"}},{"block":"minecraft:warped_button","speed":2,"on_dig":{"event":"hurt"}},{"block":"minecraft:log","speed":2,"on_dig":{"event":"hurt"}},{"block":"minecraft:log2","speed":2,"on_dig":{"event":"hurt"}},{"block":"minecraft:stripped_acacia_log","speed":2,"on_dig":{"event":"hurt"}},{"block":"minecraft:stripped_birch_log","speed":2,"on_dig":{"event":"hurt"}},{"block":"minecraft:stripped_dark_oak_log","speed":2,"on_dig":{"event":"hurt"}},{"block":"minecraft:stripped_jungle_log","speed":2,"on_dig":{"event":"hurt"}},{"block":"minecraft:stripped_oak_log","speed":2,"on_dig":{"event":"hurt"}},{"block":"minecraft:birch_door","speed":2,"on_dig":{"event":"hurt"}},{"block":"minecraft:birch_fence_gate","speed":2,"on_dig":{"event":"hurt"}},{"block":"minecraft:birch_sign","speed":2,"on_dig":{"event":"hurt"}},{"block":"minecraft:birch_trapdoor","speed":2,"on_dig":{"event":"hurt"}},{"block":"minecraft:boat","speed":2,"on_dig":{"event":"hurt"}},{"block":"minecraft:fence","speed":2,"on_dig":{"event":"hurt"}},{"block":"minecraft:leaves","speed":2,"on_dig":{"event":"hurt"}},{"block":"minecraft:planks","speed":2,"on_dig":{"event":"hurt"}},{"block":"minecraft:sapling","speed":2,"on_dig":{"event":"hurt"}},{"block":"minecraft:jungle_door","speed":2,"on_dig":{"event":"hurt"}},{"block":"minecraft:jungle_fence_gate","speed":2,"on_dig":{"event":"hurt"}},{"block":"minecraft:jungle_pressure_plate","speed":2,"on_dig":{"event":"hurt"}},{"block":"minecraft:jungle_sign","speed":2,"on_dig":{"event":"hurt"}},{"block":"minecraft:jungle_trapdoor","speed":2,"on_dig":{"event":"hurt"}},{"block":"minecraft:spruce_door","speed":2,"on_dig":{"event":"hurt"}},{"block":"minecraft:spruce_fence_gate","speed":2,"on_dig":{"event":"hurt"}},{"block":"minecraft:spruce_sign","speed":2,"on_dig":{"event":"hurt"}},{"block":"minecraft:spruce_trapdoor","speed":2,"on_dig":{"event":"hurt"}},{"block":"minecraft:stripped_spruce_log","speed":2,"on_dig":{"event":"hurt"}},{"block":"minecraft:acacia_door","speed":2,"on_dig":{"event":"hurt"}},{"block":"minecraft:acacia_fence_gate","speed":2,"on_dig":{"event":"hurt"}},{"block":"minecraft:acacia_sign","speed":2,"on_dig":{"event":"hurt"}},{"block":"minecraft:acacia_trapdoor","speed":2,"on_dig":{"event":"hurt"}},{"block":"minecraft:leaves2","speed":2,"on_dig":{"event":"hurt"}},{"block":"minecraft:dark_oak_door","speed":2,"on_dig":{"event":"hurt"}},{"block":"minecraft:dark_oak_fence_gate","speed":2,"on_dig":{"event":"hurt"}},{"block":"minecraft:dark_oak_trapdoor","speed":2,"on_dig":{"event":"hurt"}},{"block":"minecraft:darkoak_sign","speed":2,"on_dig":{"event":"hurt"}},{"block":"minecraft:fence_gate","speed":2,"on_dig":{"event":"hurt"}},{"block":"minecraft:sign","speed":2,"on_dig":{"event":"hurt"}},{"block":"minecraft:trapdoor","speed":2,"on_dig":{"event":"hurt"}},{"block":"weopon:chainsaw","speed":2,"on_dig":{"event":"hurt"}},{"block":"item:spear","speed":2,"on_dig":{"event":"hurt"}},{"block":"item:zhifu","speed":2,"on_dig":{"event":"hurt"}},{"block":"item:tianzhong","speed":2,"on_dig":{"event":"hurt"}},{"block":"food:meat","speed":2,"on_dig":{"event":"hurt"}},{"block":"item:gun_meat","speed":2,"on_dig":{"event":"hurt"}},{"block":"item:take_pocta","speed":2,"on_dig":{"event":"hurt"}},{"block":"item:recover_pocta","speed":2,"on_dig":{"event":"hurt"}},{"block":"item:pocta","speed":2,"on_dig":{"event":"hurt"}},{"block":"armor:soldier","speed":2,"on_dig":{"event":"hurt"}},{"block":"armor:pubilc_pants","speed":2,"on_dig":{"event":"hurt"}},{"block":"weopon:spear","speed":2,"on_dig":{"event":"hurt"}},{"block":"weopon:spear1","speed":2,"on_dig":{"event":"hurt"}},{"block":"item:sword_attack","speed":2,"on_dig":{"event":"hurt"}},{"block":"item:recover_sword","speed":2,"on_dig":{"event":"hurt"}},{"block":"item:sword","speed":2,"on_dig":{"event":"hurt"}},{"block":"armor:sword","speed":2,"on_dig":{"event":"hurt"}},{"block":"item:recover_spear","speed":2,"on_dig":{"event":"hurt"}},{"block":"armor:spear","speed":2,"on_dig":{"event":"hurt"}},{"block":"item:recover_lash","speed":2,"on_dig":{"event":"hurt"}},{"block":"item:lash_attack","speed":2,"on_dig":{"event":"hurt"}},{"block":"armor:lash","speed":2,"on_dig":{"event":"hurt"}},{"block":"item:juhezhan","speed":2,"on_dig":{"event":"hurt"}},{"block":"item:lash","speed":2,"on_dig":{"event":"hurt"}},{"block":"block:blood","speed":2,"on_dig":{"event":"hurt"}},{"block":"item:blood","speed":2,"on_dig":{"event":"hurt"}},{"block":"item:boom","speed":2,"on_dig":{"event":"hurt"}},{"block":"item:knife","speed":2,"on_dig":{"event":"hurt"}},{"block":"item:chainsaw_man","speed":2,"on_dig":{"event":"hurt"}},{"block":"item:hell","speed":2,"on_dig":{"event":"hurt"}},{"block":"item:mould_devil","speed":2,"on_dig":{"event":"hurt"}},{"block":"armor:night_vision","speed":2,"on_dig":{"event":"hurt"}},{"block":"item:chainsaw_range","speed":2,"on_dig":{"event":"hurt"}},{"block":"weapon:boom1","speed":2,"on_dig":{"event":"hurt"}},{"block":"item:recover_boom","speed":2,"on_dig":{"event":"hurt"}},{"block":"armor:boom","speed":2,"on_dig":{"event":"hurt"}},{"block":"item:recover_knife","speed":2,"on_dig":{"event":"hurt"}},{"block":"armor:knife","speed":2,"on_dig":{"event":"hurt"}},{"block":"item:recover_man","speed":2,"on_dig":{"event":"hurt"}},{"block":"armor:chainsaw_man1","speed":2,"on_dig":{"event":"hurt"}},{"block":"item:future_devil","speed":2,"on_dig":{"event":"hurt"}},{"block":"block:astronaut_under","speed":2,"on_dig":{"event":"hurt"}},{"block":"block:astronaut_up","speed":2,"on_dig":{"event":"hurt"}},{"block":"item:kou","speed":2,"on_dig":{"event":"hurt"}},{"block":"armor:public","speed":2,"on_dig":{"event":"hurt"}},{"block":"block:wooden_chair","speed":2,"on_dig":{"event":"hurt"}},{"block":"block:table","speed":2,"on_dig":{"event":"hurt"}},{"block":"armor:combat_boots","speed":2,"on_dig":{"event":"hurt"}},{"block":"block:laptop","speed":2,"on_dig":{"event":"hurt"}},{"block":"block:scp012","speed":2,"on_dig":{"event":"hurt"}},{"block":"armor:bulletproof_helmet","speed":2,"on_dig":{"event":"hurt"}},{"block":"block:washbasin","speed":2,"on_dig":{"event":"hurt"}},{"block":"block:telephone","speed":2,"on_dig":{"event":"hurt"}},{"block":"block:railing","speed":2,"on_dig":{"event":"hurt"}},{"block":"block:monitor","speed":2,"on_dig":{"event":"hurt"}},{"block":"block:dispenser","speed":2,"on_dig":{"event":"hurt"}},{"block":"block:conditioner","speed":2,"on_dig":{"event":"hurt"}},{"block":"block:scp148","speed":2,"on_dig":{"event":"hurt"}},{"block":"block:scp178","speed":2,"on_dig":{"event":"hurt"}},{"block":"block:gatea","speed":2,"on_dig":{"event":"hurt"}},{"block":"block:gateb","speed":2,"on_dig":{"event":"hurt"}},{"block":"glock:scp178","speed":2,"on_dig":{"event":"hurt"}},{"block":"armor:scp178","speed":2,"on_dig":{"event":"hurt"}},{"block":"armor:vest","speed":2,"on_dig":{"event":"hurt"}},{"block":"glock:coffee_machine","speed":2,"on_dig":{"event":"hurt"}},{"block":"glock:telephone","speed":2,"on_dig":{"event":"hurt"}},{"block":"glock:washbasin","speed":2,"on_dig":{"event":"hurt"}},{"block":"glock:monitor","speed":2,"on_dig":{"event":"hurt"}},{"block":"glock:railing","speed":2,"on_dig":{"event":"hurt"}},{"block":"block:bottle","speed":2,"on_dig":{"event":"hurt"}},{"block":"block:radio","speed":2,"on_dig":{"event":"hurt"}},{"block":"block:computer","speed":2,"on_dig":{"event":"hurt"}},{"block":"block:plate","speed":2,"on_dig":{"event":"hurt"}},{"block":"block:wastebucket","speed":2,"on_dig":{"event":"hurt"}},{"block":"block:table2","speed":2,"on_dig":{"event":"hurt"}},{"block":"block:table1","speed":2,"on_dig":{"event":"hurt"}},{"block":"block:scp330","speed":2,"on_dig":{"event":"hurt"}},{"block":"block:scp458","speed":2,"on_dig":{"event":"hurt"}},{"block":"block:files","speed":2,"on_dig":{"event":"hurt"}},{"block":"block:carton","speed":2,"on_dig":{"event":"hurt"}},{"block":"block:cup","speed":2,"on_dig":{"event":"hurt"}},{"block":"block:nightstool","speed":2,"on_dig":{"event":"hurt"}},{"block":"gun:p90","speed":2,"on_dig":{"event":"hurt"}},{"block":"gun:p90_clip","speed":2,"on_dig":{"event":"hurt"}},{"block":"item:kill","speed":2,"on_dig":{"event":"hurt"}},{"block":"food:scp500","speed":2,"on_dig":{"event":"hurt"}},{"block":"block:red_top","speed":2,"on_dig":{"event":"hurt"}},{"block":"block:red_bottom","speed":2,"on_dig":{"event":"hurt"}},{"block":"block:bule_bottom","speed":2,"on_dig":{"event":"hurt"}},{"block":"block:bule_top","speed":2,"on_dig":{"event":"hurt"}},{"block":"block:o5_top","speed":2,"on_dig":{"event":"hurt"}},{"block":"block:o5_bottom","speed":2,"on_dig":{"event":"hurt"}},{"block":"block:o5block_bottom","speed":2,"on_dig":{"event":"hurt"}},{"block":"block:office_top","speed":2,"on_dig":{"event":"hurt"}},{"block":"block:office_bottom","speed":2,"on_dig":{"event":"hurt"}},{"block":"block:o5block_top","speed":2,"on_dig":{"event":"hurt"}},{"block":"block:wall4","speed":2,"on_dig":{"event":"hurt"}},{"block":"item:mastercard","speed":2,"on_dig":{"event":"hurt"}},{"block":"item:coin","speed":2,"on_dig":{"event":"hurt"}},{"block":"item:syringe2","speed":2,"on_dig":{"event":"hurt"}},{"block":"item:syringe","speed":2,"on_dig":{"event":"hurt"}},{"block":"item:firstaid2","speed":2,"on_dig":{"event":"hurt"}},{"block":"item:firstaid","speed":2,"on_dig":{"event":"hurt"}},{"block":"item:ylb","speed":2,"on_dig":{"event":"hurt"}},{"block":"block:ez_ceiling","speed":2,"on_dig":{"event":"hurt"}},{"block":"block:grey_roof","speed":2,"on_dig":{"event":"hurt"}},{"block":"block:wall3","speed":2,"on_dig":{"event":"hurt"}},{"block":"item:card0","speed":2,"on_dig":{"event":"hurt"}},{"block":"item:scp178","speed":2,"on_dig":{"event":"hurt"}},{"block":"item:card7","speed":2,"on_dig":{"event":"hurt"}},{"block":"item:scp1025","speed":2,"on_dig":{"event":"hurt"}},{"block":"block:lamp","speed":2,"on_dig":{"event":"hurt"}},{"block":"block:metal_crate","speed":2,"on_dig":{"event":"hurt"}},{"block":"item:scp063","speed":2,"on_dig":{"event":"hurt"}},{"block":"block:office_ceiling","speed":2,"on_dig":{"event":"hurt"}},{"block":"block:zfloor","speed":2,"on_dig":{"event":"hurt"}},{"block":"block:zwall","speed":2,"on_dig":{"event":"hurt"}},{"block":"block:wall","speed":2,"on_dig":{"event":"hurt"}},{"block":"block:wall2","speed":2,"on_dig":{"event":"hurt"}},{"block":"block:wall1","speed":2,"on_dig":{"event":"hurt"}},{"block":"block:office_wall2","speed":2,"on_dig":{"event":"hurt"}},{"block":"block:office_wall1","speed":2,"on_dig":{"event":"hurt"}},{"block":"block:floor","speed":2,"on_dig":{"event":"hurt"}},{"block":"item:card6","speed":2,"on_dig":{"event":"hurt"}},{"block":"item:card5","speed":2,"on_dig":{"event":"hurt"}},{"block":"item:card4","speed":2,"on_dig":{"event":"hurt"}},{"block":"item:card3","speed":2,"on_dig":{"event":"hurt"}},{"block":"item:card2","speed":2,"on_dig":{"event":"hurt"}},{"block":"item:card1","speed":2,"on_dig":{"event":"hurt"}},{"block":"minecraft:tadpole_bucket","speed":2,"on_dig":{"event":"hurt"}},{"block":"minecraft:disc_fragment_5","speed":2,"on_dig":{"event":"hurt"}},{"block":"minecraft:echo_shard","speed":2,"on_dig":{"event":"hurt"}},{"block":"minecraft:frog_spawn","speed":2,"on_dig":{"event":"hurt"}},{"block":"minecraft:goat_horn","speed":2,"on_dig":{"event":"hurt"}},{"block":"minecraft:managrove_planks","speed":2,"on_dig":{"event":"hurt"}},{"block":"minecraft:mangrove_log","speed":2,"on_dig":{"event":"hurt"}},{"block":"minecraft:mangrove_boat","speed":2,"on_dig":{"event":"hurt"}},{"block":"minecraft:mangrove_leaves","speed":2,"on_dig":{"event":"hurt"}},{"block":"minecraft:mangrove_propagule","speed":2,"on_dig":{"event":"hurt"}},{"block":"minecraft:mangrove_roots","speed":2,"on_dig":{"event":"hurt"}},{"block":"minecraft:mud_bricks","speed":2,"on_dig":{"event":"hurt"}},{"block":"minecraft:mud","speed":2,"on_dig":{"event":"hurt"}},{"block":"minecraft:muddy_mangrove_roots","speed":2,"on_dig":{"event":"hurt"}},{"block":"minecraft:ochre_froglight","speed":2,"on_dig":{"event":"hurt"}},{"block":"minecraft:packed_mud","speed":2,"on_dig":{"event":"hurt"}},{"block":"minecraft:pearlescent_froglight","speed":2,"on_dig":{"event":"hurt"}},{"block":"minecraft:recovery_compass","speed":2,"on_dig":{"event":"hurt"}},{"block":"minecraft:reinforced_deepslate","speed":2,"on_dig":{"event":"hurt"}},{"block":"minecraft:sculk_catalyst","speed":2,"on_dig":{"event":"hurt"}},{"block":"minecraft:sculk_shrieker","speed":2,"on_dig":{"event":"hurt"}},{"block":"minecraft:sculk_vein","speed":2,"on_dig":{"event":"hurt"}},{"block":"minecraft:sculk","speed":2,"on_dig":{"event":"hurt"}},{"block":"minecraft:stripped_mangrove_log","speed":2,"on_dig":{"event":"hurt"}},{"block":"minecraft:verdant_froglight","speed":2,"on_dig":{"event":"hurt"}},{"block":"minecraft:amethyst_cluster","speed":2,"on_dig":{"event":"hurt"}},{"block":"minecraft:amethyst_shard","speed":2,"on_dig":{"event":"hurt"}},{"block":"minecraft:azalea","speed":2,"on_dig":{"event":"hurt"}},{"block":"minecraft:azalea_leaves","speed":2,"on_dig":{"event":"hurt"}},{"block":"minecraft:big_dripleaf","speed":2,"on_dig":{"event":"hurt"}},{"block":"minecraft:amethyst_block","speed":2,"on_dig":{"event":"hurt"}},{"block":"minecraft:copper_block","speed":2,"on_dig":{"event":"hurt"}},{"block":"minecraft:raw_copper_block","speed":2,"on_dig":{"event":"hurt"}},{"block":"minecraft:raw_gold_block","speed":2,"on_dig":{"event":"hurt"}},{"block":"minecraft:raw_iron_block","speed":2,"on_dig":{"event":"hurt"}},{"block":"minecraft:axolotl_bucket","speed":2,"on_dig":{"event":"hurt"}},{"block":"minecraft:powder_snow_bucket","speed":2,"on_dig":{"event":"hurt"}},{"block":"minecraft:budding_amethyst","speed":2,"on_dig":{"event":"hurt"}},{"block":"minecraft:calcite","speed":2,"on_dig":{"event":"hurt"}},{"block":"minecraft:chiseled_deepslate","speed":2,"on_dig":{"event":"hurt"}},{"block":"minecraft:cobbled_deepslate","speed":2,"on_dig":{"event":"hurt"}},{"block":"minecraft:cobbled_deepslate_slab","speed":2,"on_dig":{"event":"hurt"}},{"block":"minecraft:cobbled_deepslate_stairs","speed":2,"on_dig":{"event":"hurt"}},{"block":"minecraft:cobbled_deepslate_wall","speed":2,"on_dig":{"event":"hurt"}},{"block":"minecraft:copper_ingot","speed":2,"on_dig":{"event":"hurt"}},{"block":"minecraft:copper_ore","speed":2,"on_dig":{"event":"hurt"}},{"block":"minecraft:cracked_deepslate_bricks","speed":2,"on_dig":{"event":"hurt"}},{"block":"minecraft:cracked_deepslate_tiles","speed":2,"on_dig":{"event":"hurt"}},{"block":"minecraft:deepslate","speed":2,"on_dig":{"event":"hurt"}},{"block":"minecraft:deepslate_brick_slab","speed":2,"on_dig":{"event":"hurt"}},{"block":"minecraft:deepslate_brick_stairs","speed":2,"on_dig":{"event":"hurt"}},{"block":"minecraft:deepslate_brick_wall","speed":2,"on_dig":{"event":"hurt"}},{"block":"minecraft:deepslate_bricks","speed":2,"on_dig":{"event":"hurt"}},{"block":"minecraft:deepslate_coal_ore","speed":2,"on_dig":{"event":"hurt"}},{"block":"minecraft:deepslate_copper_ore","speed":2,"on_dig":{"event":"hurt"}},{"block":"minecraft:deepslate_diamond_ore","speed":2,"on_dig":{"event":"hurt"}},{"block":"minecraft:deepslate_emerald_ore","speed":2,"on_dig":{"event":"hurt"}},{"block":"minecraft:deepslate_gold_ore","speed":2,"on_dig":{"event":"hurt"}},{"block":"minecraft:deepslate_iron_ore","speed":2,"on_dig":{"event":"hurt"}},{"block":"minecraft:deepslate_lapis_ore","speed":2,"on_dig":{"event":"hurt"}},{"block":"minecraft:deepslate_redstone_ore","speed":2,"on_dig":{"event":"hurt"}},{"block":"minecraft:deepslate_tile_slab","speed":2,"on_dig":{"event":"hurt"}},{"block":"minecraft:deepslate_tile_stairs","speed":2,"on_dig":{"event":"hurt"}},{"block":"minecraft:deepslate_tile_wall","speed":2,"on_dig":{"event":"hurt"}},{"block":"minecraft:deepslate_tiles","speed":2,"on_dig":{"event":"hurt"}},{"block":"minecraft:dripstone_block","speed":2,"on_dig":{"event":"hurt"}},{"block":"minecraft:exposed_copper","speed":2,"on_dig":{"event":"hurt"}},{"block":"minecraft:exposed_cut_copper","speed":2,"on_dig":{"event":"hurt"}},{"block":"minecraft:exposed_cut_copper_slab","speed":2,"on_dig":{"event":"hurt"}},{"block":"minecraft:exposed_cut_copper_stairs","speed":2,"on_dig":{"event":"hurt"}},{"block":"minecraft:flowering_azalea","speed":2,"on_dig":{"event":"hurt"}},{"block":"minecraft:azalea_leaves_flowered","speed":2,"on_dig":{"event":"hurt"}},{"block":"minecraft:glow_berries","speed":2,"on_dig":{"event":"hurt"}},{"block":"minecraft:glow_ink_sac","speed":2,"on_dig":{"event":"hurt"}},{"block":"minecraft:glow_item_frame","speed":2,"on_dig":{"event":"hurt"}},{"block":"minecraft:glow_lichen","speed":2,"on_dig":{"event":"hurt"}},{"block":"minecraft:hanging_roots","speed":2,"on_dig":{"event":"hurt"}},{"block":"minecraft:infested_deepslate","speed":2,"on_dig":{"event":"hurt"}},{"block":"minecraft:large_amethyst_bud","speed":2,"on_dig":{"event":"hurt"}},{"block":"minecraft:lightning_rod","speed":2,"on_dig":{"event":"hurt"}},{"block":"minecraft:medium_amethyst_bud","speed":2,"on_dig":{"event":"hurt"}},{"block":"minecraft:moss_block","speed":2,"on_dig":{"event":"hurt"}},{"block":"minecraft:moss_carpet","speed":2,"on_dig":{"event":"hurt"}},{"block":"minecraft:oxidized_copper","speed":2,"on_dig":{"event":"hurt"}},{"block":"minecraft:oxidized_cut_copper","speed":2,"on_dig":{"event":"hurt"}},{"block":"minecraft:oxidized_cut_copper_slab","speed":2,"on_dig":{"event":"hurt"}},{"block":"minecraft:oxidized_cut_copper_stairs","speed":2,"on_dig":{"event":"hurt"}},{"block":"minecraft:pointed_dripstone","speed":2,"on_dig":{"event":"hurt"}},{"block":"minecraft:polished_deepslate","speed":2,"on_dig":{"event":"hurt"}},{"block":"minecraft:polished_deepslate_slab","speed":2,"on_dig":{"event":"hurt"}},{"block":"minecraft:polished_deepslate_stairs","speed":2,"on_dig":{"event":"hurt"}},{"block":"minecraft:polished_deepslate_wall","speed":2,"on_dig":{"event":"hurt"}},{"block":"minecraft:powder_snow","speed":2,"on_dig":{"event":"hurt"}},{"block":"minecraft:raw_copper","speed":2,"on_dig":{"event":"hurt"}},{"block":"minecraft:raw_gold","speed":2,"on_dig":{"event":"hurt"}},{"block":"minecraft:raw_iron","speed":2,"on_dig":{"event":"hurt"}},{"block":"minecraft:rooted_dirt","speed":2,"on_dig":{"event":"hurt"}},{"block":"minecraft:small_amethyst_bud","speed":2,"on_dig":{"event":"hurt"}},{"block":"minecraft:small_dripleaf","speed":2,"on_dig":{"event":"hurt"}},{"block":"minecraft:smooth_basalt","speed":2,"on_dig":{"event":"hurt"}},{"block":"minecraft:spore_blossom","speed":2,"on_dig":{"event":"hurt"}},{"block":"minecraft:spyglass","speed":2,"on_dig":{"event":"hurt"}},{"block":"minecraft:tinted_glass","speed":2,"on_dig":{"event":"hurt"}},{"block":"minecraft:tuff","speed":2,"on_dig":{"event":"hurt"}},{"block":"minecraft:waxed_copper_block","speed":2,"on_dig":{"event":"hurt"}},{"block":"minecraft:waxed_cut_copper","speed":2,"on_dig":{"event":"hurt"}},{"block":"minecraft:waxed_cut_copper_slab","speed":2,"on_dig":{"event":"hurt"}},{"block":"minecraft:waxed_cut_copper_stairs","speed":2,"on_dig":{"event":"hurt"}},{"block":"minecraft:waxed_exposed_copper","speed":2,"on_dig":{"event":"hurt"}},{"block":"minecraft:waxed_exposed_cut_copper","speed":2,"on_dig":{"event":"hurt"}},{"block":"minecraft:waxed_exposed_cut_copper_slab","speed":2,"on_dig":{"event":"hurt"}},{"block":"minecraft:waxed_exposed_cut_copper_stairs","speed":2,"on_dig":{"event":"hurt"}},{"block":"minecraft:waxed_oxidized_copper","speed":2,"on_dig":{"event":"hurt"}},{"block":"minecraft:waxed_oxidized_cut_copper","speed":2,"on_dig":{"event":"hurt"}},{"block":"minecraft:waxed_oxidized_cut_copper_slab","speed":2,"on_dig":{"event":"hurt"}},{"block":"minecraft:waxed_oxidized_cut_copper_stairs","speed":2,"on_dig":{"event":"hurt"}},{"block":"minecraft:waxed_weathered_copper","speed":2,"on_dig":{"event":"hurt"}},{"block":"minecraft:waxed_weathered_cut_copper","speed":2,"on_dig":{"event":"hurt"}},{"block":"minecraft:waxed_weathered_cut_copper_slab","speed":2,"on_dig":{"event":"hurt"}},{"block":"minecraft:waxed_weathered_cut_copper_stairs","speed":2,"on_dig":{"event":"hurt"}},{"block":"minecraft:weathered_copper","speed":2,"on_dig":{"event":"hurt"}},{"block":"minecraft:weathered_cut_copper","speed":2,"on_dig":{"event":"hurt"}},{"block":"minecraft:weathered_cut_copper_slab","speed":2,"on_dig":{"event":"hurt"}},{"block":"minecraft:weathered_cut_copper_stairs","speed":2,"on_dig":{"event":"hurt"}},{"block":"minecraft:activator_rail","speed":2,"on_dig":{"event":"hurt"}},{"block":"minecraft:air","speed":2,"on_dig":{"event":"hurt"}},{"block":"minecraft:ancient_debris","speed":2,"on_dig":{"event":"hurt"}},{"block":"minecraft:andesite_stairs","speed":2,"on_dig":{"event":"hurt"}},{"block":"minecraft:anvil","speed":2,"on_dig":{"event":"hurt"}},{"block":"minecraft:apple","speed":2,"on_dig":{"event":"hurt"}},{"block":"minecraft:appleenchanted","speed":2,"on_dig":{"event":"hurt"}},{"block":"minecraft:armor_stand","speed":2,"on_dig":{"event":"hurt"}},{"block":"minecraft:arrow","speed":2,"on_dig":{"event":"hurt"}},{"block":"minecraft:baked_potato","speed":2,"on_dig":{"event":"hurt"}},{"block":"minecraft:bamboo","speed":2,"on_dig":{"event":"hurt"}},{"block":"minecraft:banner","speed":2,"on_dig":{"event":"hurt"}},{"block":"minecraft:banner_pattern","speed":2,"on_dig":{"event":"hurt"}},{"block":"minecraft:barrel","speed":2,"on_dig":{"event":"hurt"}},{"block":"minecraft:barrier","speed":2,"on_dig":{"event":"hurt"}},{"block":"minecraft:basalt","speed":2,"on_dig":{"event":"hurt"}},{"block":"minecraft:beacon","speed":2,"on_dig":{"event":"hurt"}},{"block":"minecraft:bed","speed":2,"on_dig":{"event":"hurt"}},{"block":"minecraft:bedrock","speed":2,"on_dig":{"event":"hurt"}},{"block":"minecraft:bee_nest","speed":2,"on_dig":{"event":"hurt"}},{"block":"minecraft:beef","speed":2,"on_dig":{"event":"hurt"}},{"block":"minecraft:beehive","speed":2,"on_dig":{"event":"hurt"}},{"block":"minecraft:beetroot","speed":2,"on_dig":{"event":"hurt"}},{"block":"minecraft:beetroot_seeds","speed":2,"on_dig":{"event":"hurt"}},{"block":"minecraft:beetroot_soup","speed":2,"on_dig":{"event":"hurt"}},{"block":"minecraft:bell","speed":2,"on_dig":{"event":"hurt"}},{"block":"minecraft:black_glazed_terracotta","speed":2,"on_dig":{"event":"hurt"}},{"block":"minecraft:blackstone","speed":2,"on_dig":{"event":"hurt"}},{"block":"minecraft:blackstone_slab","speed":2,"on_dig":{"event":"hurt"}},{"block":"minecraft:blackstone_stairs","speed":2,"on_dig":{"event":"hurt"}},{"block":"minecraft:blackstone_wall","speed":2,"on_dig":{"event":"hurt"}},{"block":"minecraft:blast_furnace","speed":2,"on_dig":{"event":"hurt"}},{"block":"minecraft:blaze_powder","speed":2,"on_dig":{"event":"hurt"}},{"block":"minecraft:blaze_rod","speed":2,"on_dig":{"event":"hurt"}},{"block":"minecraft:blue_glazed_terracotta","speed":2,"on_dig":{"event":"hurt"}},{"block":"minecraft:blue_ice","speed":2,"on_dig":{"event":"hurt"}},{"block":"minecraft:bone","speed":2,"on_dig":{"event":"hurt"}},{"block":"minecraft:bone_block","speed":2,"on_dig":{"event":"hurt"}},{"block":"minecraft:book","speed":2,"on_dig":{"event":"hurt"}},{"block":"minecraft:bookshelf","speed":2,"on_dig":{"event":"hurt"}},{"block":"minecraft:bow","speed":2,"on_dig":{"event":"hurt"}},{"block":"minecraft:bowl","speed":2,"on_dig":{"event":"hurt"}},{"block":"minecraft:bread","speed":2,"on_dig":{"event":"hurt"}},{"block":"minecraft:brewing_stand","speed":2,"on_dig":{"event":"hurt"}},{"block":"minecraft:brick","speed":2,"on_dig":{"event":"hurt"}},{"block":"minecraft:brick_block","speed":2,"on_dig":{"event":"hurt"}},{"block":"minecraft:brick_stairs","speed":2,"on_dig":{"event":"hurt"}},{"block":"minecraft:brown_glazed_terracotta","speed":2,"on_dig":{"event":"hurt"}},{"block":"minecraft:brown_mushroom","speed":2,"on_dig":{"event":"hurt"}},{"block":"minecraft:brown_mushroom_block","speed":2,"on_dig":{"event":"hurt"}},{"block":"minecraft:bucket","speed":2,"on_dig":{"event":"hurt"}},{"block":"minecraft:cactus","speed":2,"on_dig":{"event":"hurt"}},{"block":"minecraft:cake","speed":2,"on_dig":{"event":"hurt"}},{"block":"minecraft:campfire","speed":2,"on_dig":{"event":"hurt"}},{"block":"minecraft:carpet","speed":2,"on_dig":{"event":"hurt"}},{"block":"minecraft:carrot","speed":2,"on_dig":{"event":"hurt"}},{"block":"minecraft:carrotonastick","speed":2,"on_dig":{"event":"hurt"}},{"block":"minecraft:cartography_table","speed":2,"on_dig":{"event":"hurt"}},{"block":"minecraft:carved_pumpkin","speed":2,"on_dig":{"event":"hurt"}},{"block":"minecraft:cauldron","speed":2,"on_dig":{"event":"hurt"}},{"block":"minecraft:chain","speed":2,"on_dig":{"event":"hurt"}},{"block":"minecraft:chain_command_block","speed":2,"on_dig":{"event":"hurt"}},{"block":"minecraft:chainmail_boots","speed":2,"on_dig":{"event":"hurt"}},{"block":"minecraft:chainmail_chestplate","speed":2,"on_dig":{"event":"hurt"}},{"block":"minecraft:chainmail_helmet","speed":2,"on_dig":{"event":"hurt"}},{"block":"minecraft:chainmail_leggings","speed":2,"on_dig":{"event":"hurt"}},{"block":"minecraft:chest","speed":2,"on_dig":{"event":"hurt"}},{"block":"minecraft:chest_minecart","speed":2,"on_dig":{"event":"hurt"}},{"block":"minecraft:chicken","speed":2,"on_dig":{"event":"hurt"}},{"block":"minecraft:chiseled_nether_bricks","speed":2,"on_dig":{"event":"hurt"}},{"block":"minecraft:chiseled_polished_blackstone","speed":2,"on_dig":{"event":"hurt"}},{"block":"minecraft:chorus_flower","speed":2,"on_dig":{"event":"hurt"}},{"block":"minecraft:chorus_fruit","speed":2,"on_dig":{"event":"hurt"}},{"block":"minecraft:chorus_fruit_popped","speed":2,"on_dig":{"event":"hurt"}},{"block":"minecraft:chorus_plant","speed":2,"on_dig":{"event":"hurt"}},{"block":"minecraft:clay","speed":2,"on_dig":{"event":"hurt"}},{"block":"minecraft:clay_ball","speed":2,"on_dig":{"event":"hurt"}},{"block":"minecraft:clock","speed":2,"on_dig":{"event":"hurt"}},{"block":"minecraft:clownfish","speed":2,"on_dig":{"event":"hurt"}},{"block":"minecraft:coal","speed":2,"on_dig":{"event":"hurt"}},{"block":"minecraft:coal_block","speed":2,"on_dig":{"event":"hurt"}},{"block":"minecraft:coal_ore","speed":2,"on_dig":{"event":"hurt"}},{"block":"minecraft:cobblestone","speed":2,"on_dig":{"event":"hurt"}},{"block":"minecraft:cobblestone_wall","speed":2,"on_dig":{"event":"hurt"}},{"block":"minecraft:command_block","speed":2,"on_dig":{"event":"hurt"}},{"block":"minecraft:command_block_minecart","speed":2,"on_dig":{"event":"hurt"}},{"block":"minecraft:comparator","speed":2,"on_dig":{"event":"hurt"}},{"block":"minecraft:compass","speed":2,"on_dig":{"event":"hurt"}},{"block":"minecraft:composter","speed":2,"on_dig":{"event":"hurt"}},{"block":"minecraft:concrete","speed":2,"on_dig":{"event":"hurt"}},{"block":"minecraft:concretepowder","speed":2,"on_dig":{"event":"hurt"}},{"block":"minecraft:conduit","speed":2,"on_dig":{"event":"hurt"}},{"block":"minecraft:cooked_beef","speed":2,"on_dig":{"event":"hurt"}},{"block":"minecraft:cooked_chicken","speed":2,"on_dig":{"event":"hurt"}},{"block":"minecraft:cooked_fish","speed":2,"on_dig":{"event":"hurt"}},{"block":"minecraft:cooked_porkchop","speed":2,"on_dig":{"event":"hurt"}},{"block":"minecraft:cooked_rabbit","speed":2,"on_dig":{"event":"hurt"}},{"block":"minecraft:cooked_salmon","speed":2,"on_dig":{"event":"hurt"}},{"block":"minecraft:cookie","speed":2,"on_dig":{"event":"hurt"}},{"block":"minecraft:coral","speed":2,"on_dig":{"event":"hurt"}},{"block":"minecraft:coral_block","speed":2,"on_dig":{"event":"hurt"}},{"block":"minecraft:coral_fan","speed":2,"on_dig":{"event":"hurt"}},{"block":"minecraft:coral_fan_dead","speed":2,"on_dig":{"event":"hurt"}},{"block":"minecraft:cracked_nether_bricks","speed":2,"on_dig":{"event":"hurt"}},{"block":"minecraft:cracked_polished_blackstone_bricks","speed":2,"on_dig":{"event":"hurt"}},{"block":"minecraft:crafting_table","speed":2,"on_dig":{"event":"hurt"}},{"block":"minecraft:crimson_door","speed":2,"on_dig":{"event":"hurt"}},{"block":"minecraft:crimson_fence","speed":2,"on_dig":{"event":"hurt"}},{"block":"minecraft:crimson_fence_gate","speed":2,"on_dig":{"event":"hurt"}},{"block":"minecraft:crimson_fungus","speed":2,"on_dig":{"event":"hurt"}},{"block":"minecraft:crimson_hyphae","speed":2,"on_dig":{"event":"hurt"}},{"block":"minecraft:crimson_nylium","speed":2,"on_dig":{"event":"hurt"}},{"block":"minecraft:crimson_planks","speed":2,"on_dig":{"event":"hurt"}},{"block":"minecraft:crimson_roots","speed":2,"on_dig":{"event":"hurt"}},{"block":"minecraft:crimson_sign","speed":2,"on_dig":{"event":"hurt"}},{"block":"minecraft:crimson_slab","speed":2,"on_dig":{"event":"hurt"}},{"block":"minecraft:crimson_stairs","speed":2,"on_dig":{"event":"hurt"}},{"block":"minecraft:crimson_stem","speed":2,"on_dig":{"event":"hurt"}},{"block":"minecraft:crimson_trapdoor","speed":2,"on_dig":{"event":"hurt"}},{"block":"minecraft:crossbow","speed":2,"on_dig":{"event":"hurt"}},{"block":"minecraft:crying_obsidian","speed":2,"on_dig":{"event":"hurt"}},{"block":"minecraft:cyan_glazed_terracotta","speed":2,"on_dig":{"event":"hurt"}},{"block":"minecraft:dark_prismarine_stairs","speed":2,"on_dig":{"event":"hurt"}},{"block":"minecraft:daylight_detector","speed":2,"on_dig":{"event":"hurt"}},{"block":"minecraft:deadbush","speed":2,"on_dig":{"event":"hurt"}},{"block":"minecraft:detector_rail","speed":2,"on_dig":{"event":"hurt"}},{"block":"minecraft:diamond","speed":2,"on_dig":{"event":"hurt"}},{"block":"minecraft:diamond_axe","speed":2,"on_dig":{"event":"hurt"}},{"block":"minecraft:diamond_block","speed":2,"on_dig":{"event":"hurt"}},{"block":"minecraft:diamond_boots","speed":2,"on_dig":{"event":"hurt"}},{"block":"minecraft:diamond_chestplate","speed":2,"on_dig":{"event":"hurt"}},{"block":"minecraft:diamond_helmet","speed":2,"on_dig":{"event":"hurt"}},{"block":"minecraft:diamond_hoe","speed":2,"on_dig":{"event":"hurt"}},{"block":"minecraft:diamond_leggings","speed":2,"on_dig":{"event":"hurt"}},{"block":"minecraft:diamond_ore","speed":2,"on_dig":{"event":"hurt"}},{"block":"minecraft:diamond_pickaxe","speed":2,"on_dig":{"event":"hurt"}},{"block":"minecraft:diamond_shovel","speed":2,"on_dig":{"event":"hurt"}},{"block":"minecraft:diamond_sword","speed":2,"on_dig":{"event":"hurt"}},{"block":"minecraft:diorite_stairs","speed":2,"on_dig":{"event":"hurt"}},{"block":"minecraft:dirt","speed":2,"on_dig":{"event":"hurt"}},{"block":"minecraft:dispenser","speed":2,"on_dig":{"event":"hurt"}},{"block":"minecraft:double_plant","speed":2,"on_dig":{"event":"hurt"}},{"block":"minecraft:dragon_breath","speed":2,"on_dig":{"event":"hurt"}},{"block":"minecraft:dragon_egg","speed":2,"on_dig":{"event":"hurt"}},{"block":"minecraft:dried_kelp","speed":2,"on_dig":{"event":"hurt"}},{"block":"minecraft:dried_kelp_block","speed":2,"on_dig":{"event":"hurt"}},{"block":"minecraft:dropper","speed":2,"on_dig":{"event":"hurt"}},{"block":"minecraft:dye","speed":2,"on_dig":{"event":"hurt"}},{"block":"minecraft:egg","speed":2,"on_dig":{"event":"hurt"}},{"block":"minecraft:element_0","speed":2,"on_dig":{"event":"hurt"}},{"block":"minecraft:element_1","speed":2,"on_dig":{"event":"hurt"}},{"block":"minecraft:element_10","speed":2,"on_dig":{"event":"hurt"}},{"block":"minecraft:element_100","speed":2,"on_dig":{"event":"hurt"}},{"block":"minecraft:element_101","speed":2,"on_dig":{"event":"hurt"}},{"block":"minecraft:element_102","speed":2,"on_dig":{"event":"hurt"}},{"block":"minecraft:element_103","speed":2,"on_dig":{"event":"hurt"}},{"block":"minecraft:element_104","speed":2,"on_dig":{"event":"hurt"}},{"block":"minecraft:element_105","speed":2,"on_dig":{"event":"hurt"}},{"block":"minecraft:element_106","speed":2,"on_dig":{"event":"hurt"}},{"block":"minecraft:element_107","speed":2,"on_dig":{"event":"hurt"}},{"block":"minecraft:element_108","speed":2,"on_dig":{"event":"hurt"}},{"block":"minecraft:element_109","speed":2,"on_dig":{"event":"hurt"}},{"block":"minecraft:element_11","speed":2,"on_dig":{"event":"hurt"}},{"block":"minecraft:element_110","speed":2,"on_dig":{"event":"hurt"}},{"block":"minecraft:element_111","speed":2,"on_dig":{"event":"hurt"}},{"block":"minecraft:element_112","speed":2,"on_dig":{"event":"hurt"}},{"block":"minecraft:element_113","speed":2,"on_dig":{"event":"hurt"}},{"block":"minecraft:element_114","speed":2,"on_dig":{"event":"hurt"}},{"block":"minecraft:element_115","speed":2,"on_dig":{"event":"hurt"}},{"block":"minecraft:element_116","speed":2,"on_dig":{"event":"hurt"}},{"block":"minecraft:element_117","speed":2,"on_dig":{"event":"hurt"}},{"block":"minecraft:element_118","speed":2,"on_dig":{"event":"hurt"}},{"block":"minecraft:element_12","speed":2,"on_dig":{"event":"hurt"}},{"block":"minecraft:element_13","speed":2,"on_dig":{"event":"hurt"}},{"block":"minecraft:element_14","speed":2,"on_dig":{"event":"hurt"}},{"block":"minecraft:element_15","speed":2,"on_dig":{"event":"hurt"}},{"block":"minecraft:element_16","speed":2,"on_dig":{"event":"hurt"}},{"block":"minecraft:element_17","speed":2,"on_dig":{"event":"hurt"}},{"block":"minecraft:element_18","speed":2,"on_dig":{"event":"hurt"}},{"block":"minecraft:element_19","speed":2,"on_dig":{"event":"hurt"}},{"block":"minecraft:element_2","speed":2,"on_dig":{"event":"hurt"}},{"block":"minecraft:element_20","speed":2,"on_dig":{"event":"hurt"}},{"block":"minecraft:element_21","speed":2,"on_dig":{"event":"hurt"}},{"block":"minecraft:element_22","speed":2,"on_dig":{"event":"hurt"}},{"block":"minecraft:element_23","speed":2,"on_dig":{"event":"hurt"}},{"block":"minecraft:element_24","speed":2,"on_dig":{"event":"hurt"}},{"block":"minecraft:element_25","speed":2,"on_dig":{"event":"hurt"}},{"block":"minecraft:element_26","speed":2,"on_dig":{"event":"hurt"}},{"block":"minecraft:element_27","speed":2,"on_dig":{"event":"hurt"}},{"block":"minecraft:element_28","speed":2,"on_dig":{"event":"hurt"}},{"block":"minecraft:element_29","speed":2,"on_dig":{"event":"hurt"}},{"block":"minecraft:element_3","speed":2,"on_dig":{"event":"hurt"}},{"block":"minecraft:element_30","speed":2,"on_dig":{"event":"hurt"}},{"block":"minecraft:element_31","speed":2,"on_dig":{"event":"hurt"}},{"block":"minecraft:element_32","speed":2,"on_dig":{"event":"hurt"}},{"block":"minecraft:element_33","speed":2,"on_dig":{"event":"hurt"}},{"block":"minecraft:element_34","speed":2,"on_dig":{"event":"hurt"}},{"block":"minecraft:element_35","speed":2,"on_dig":{"event":"hurt"}},{"block":"minecraft:element_36","speed":2,"on_dig":{"event":"hurt"}},{"block":"minecraft:element_37","speed":2,"on_dig":{"event":"hurt"}},{"block":"minecraft:element_38","speed":2,"on_dig":{"event":"hurt"}},{"block":"minecraft:element_39","speed":2,"on_dig":{"event":"hurt"}},{"block":"minecraft:element_4","speed":2,"on_dig":{"event":"hurt"}},{"block":"minecraft:element_40","speed":2,"on_dig":{"event":"hurt"}},{"block":"minecraft:element_41","speed":2,"on_dig":{"event":"hurt"}},{"block":"minecraft:element_42","speed":2,"on_dig":{"event":"hurt"}},{"block":"minecraft:element_43","speed":2,"on_dig":{"event":"hurt"}},{"block":"minecraft:element_44","speed":2,"on_dig":{"event":"hurt"}},{"block":"minecraft:element_45","speed":2,"on_dig":{"event":"hurt"}},{"block":"minecraft:element_46","speed":2,"on_dig":{"event":"hurt"}},{"block":"minecraft:element_47","speed":2,"on_dig":{"event":"hurt"}},{"block":"minecraft:element_48","speed":2,"on_dig":{"event":"hurt"}},{"block":"minecraft:element_49","speed":2,"on_dig":{"event":"hurt"}},{"block":"minecraft:element_5","speed":2,"on_dig":{"event":"hurt"}},{"block":"minecraft:element_50","speed":2,"on_dig":{"event":"hurt"}},{"block":"minecraft:element_51","speed":2,"on_dig":{"event":"hurt"}},{"block":"minecraft:element_52","speed":2,"on_dig":{"event":"hurt"}},{"block":"minecraft:element_53","speed":2,"on_dig":{"event":"hurt"}},{"block":"minecraft:element_54","speed":2,"on_dig":{"event":"hurt"}},{"block":"minecraft:element_55","speed":2,"on_dig":{"event":"hurt"}},{"block":"minecraft:element_56","speed":2,"on_dig":{"event":"hurt"}},{"block":"minecraft:element_57","speed":2,"on_dig":{"event":"hurt"}},{"block":"minecraft:element_58","speed":2,"on_dig":{"event":"hurt"}},{"block":"minecraft:element_59","speed":2,"on_dig":{"event":"hurt"}},{"block":"minecraft:element_6","speed":2,"on_dig":{"event":"hurt"}},{"block":"minecraft:element_60","speed":2,"on_dig":{"event":"hurt"}},{"block":"minecraft:element_61","speed":2,"on_dig":{"event":"hurt"}},{"block":"minecraft:element_62","speed":2,"on_dig":{"event":"hurt"}},{"block":"minecraft:element_63","speed":2,"on_dig":{"event":"hurt"}},{"block":"minecraft:element_64","speed":2,"on_dig":{"event":"hurt"}},{"block":"minecraft:element_65","speed":2,"on_dig":{"event":"hurt"}},{"block":"minecraft:element_66","speed":2,"on_dig":{"event":"hurt"}},{"block":"minecraft:element_67","speed":2,"on_dig":{"event":"hurt"}},{"block":"minecraft:element_68","speed":2,"on_dig":{"event":"hurt"}},{"block":"minecraft:element_69","speed":2,"on_dig":{"event":"hurt"}},{"block":"minecraft:element_7","speed":2,"on_dig":{"event":"hurt"}},{"block":"minecraft:element_70","speed":2,"on_dig":{"event":"hurt"}},{"block":"minecraft:element_71","speed":2,"on_dig":{"event":"hurt"}},{"block":"minecraft:element_72","speed":2,"on_dig":{"event":"hurt"}},{"block":"minecraft:element_73","speed":2,"on_dig":{"event":"hurt"}},{"block":"minecraft:element_74","speed":2,"on_dig":{"event":"hurt"}},{"block":"minecraft:element_75","speed":2,"on_dig":{"event":"hurt"}},{"block":"minecraft:element_76","speed":2,"on_dig":{"event":"hurt"}},{"block":"minecraft:element_77","speed":2,"on_dig":{"event":"hurt"}},{"block":"minecraft:element_78","speed":2,"on_dig":{"event":"hurt"}},{"block":"minecraft:element_79","speed":2,"on_dig":{"event":"hurt"}},{"block":"minecraft:element_8","speed":2,"on_dig":{"event":"hurt"}},{"block":"minecraft:element_80","speed":2,"on_dig":{"event":"hurt"}},{"block":"minecraft:element_81","speed":2,"on_dig":{"event":"hurt"}},{"block":"minecraft:element_82","speed":2,"on_dig":{"event":"hurt"}},{"block":"minecraft:element_83","speed":2,"on_dig":{"event":"hurt"}},{"block":"minecraft:element_84","speed":2,"on_dig":{"event":"hurt"}},{"block":"minecraft:element_85","speed":2,"on_dig":{"event":"hurt"}},{"block":"minecraft:element_86","speed":2,"on_dig":{"event":"hurt"}},{"block":"minecraft:element_87","speed":2,"on_dig":{"event":"hurt"}},{"block":"minecraft:element_88","speed":2,"on_dig":{"event":"hurt"}},{"block":"minecraft:element_89","speed":2,"on_dig":{"event":"hurt"}},{"block":"minecraft:element_9","speed":2,"on_dig":{"event":"hurt"}},{"block":"minecraft:element_90","speed":2,"on_dig":{"event":"hurt"}},{"block":"minecraft:element_91","speed":2,"on_dig":{"event":"hurt"}},{"block":"minecraft:element_92","speed":2,"on_dig":{"event":"hurt"}},{"block":"minecraft:element_93","speed":2,"on_dig":{"event":"hurt"}},{"block":"minecraft:element_94","speed":2,"on_dig":{"event":"hurt"}},{"block":"minecraft:element_95","speed":2,"on_dig":{"event":"hurt"}},{"block":"minecraft:element_96","speed":2,"on_dig":{"event":"hurt"}},{"block":"minecraft:element_97","speed":2,"on_dig":{"event":"hurt"}},{"block":"minecraft:element_98","speed":2,"on_dig":{"event":"hurt"}},{"block":"minecraft:element_99","speed":2,"on_dig":{"event":"hurt"}},{"block":"minecraft:elytra","speed":2,"on_dig":{"event":"hurt"}},{"block":"minecraft:emerald","speed":2,"on_dig":{"event":"hurt"}},{"block":"minecraft:emerald_block","speed":2,"on_dig":{"event":"hurt"}},{"block":"minecraft:emerald_ore","speed":2,"on_dig":{"event":"hurt"}},{"block":"minecraft:emptymap","speed":2,"on_dig":{"event":"hurt"}},{"block":"minecraft:enchanted_book","speed":2,"on_dig":{"event":"hurt"}},{"block":"minecraft:enchanting_table","speed":2,"on_dig":{"event":"hurt"}},{"block":"minecraft:end_brick_stairs","speed":2,"on_dig":{"event":"hurt"}},{"block":"minecraft:end_bricks","speed":2,"on_dig":{"event":"hurt"}},{"block":"minecraft:end_crystal","speed":2,"on_dig":{"event":"hurt"}},{"block":"minecraft:end_portal_frame","speed":2,"on_dig":{"event":"hurt"}},{"block":"minecraft:end_rod","speed":2,"on_dig":{"event":"hurt"}},{"block":"minecraft:monster_egg","speed":2,"on_dig":{"event":"hurt"}},{"block":"minecraft:end_stone","speed":2,"on_dig":{"event":"hurt"}},{"block":"minecraft:ender_chest","speed":2,"on_dig":{"event":"hurt"}},{"block":"minecraft:ender_eye","speed":2,"on_dig":{"event":"hurt"}},{"block":"minecraft:ender_pearl","speed":2,"on_dig":{"event":"hurt"}},{"block":"minecraft:experience_bottle","speed":2,"on_dig":{"event":"hurt"}},{"block":"minecraft:feather","speed":2,"on_dig":{"event":"hurt"}},{"block":"minecraft:fermented_spider_eye","speed":2,"on_dig":{"event":"hurt"}},{"block":"minecraft:fireball","speed":2,"on_dig":{"event":"hurt"}},{"block":"minecraft:fireworks","speed":2,"on_dig":{"event":"hurt"}},{"block":"minecraft:fireworkscharge","speed":2,"on_dig":{"event":"hurt"}},{"block":"minecraft:fish","speed":2,"on_dig":{"event":"hurt"}},{"block":"minecraft:fishing_rod","speed":2,"on_dig":{"event":"hurt"}},{"block":"minecraft:fletching_table","speed":2,"on_dig":{"event":"hurt"}},{"block":"minecraft:flint","speed":2,"on_dig":{"event":"hurt"}},{"block":"minecraft:flint_and_steel","speed":2,"on_dig":{"event":"hurt"}},{"block":"minecraft:flower_pot","speed":2,"on_dig":{"event":"hurt"}},{"block":"minecraft:frame","speed":2,"on_dig":{"event":"hurt"}},{"block":"minecraft:furnace","speed":2,"on_dig":{"event":"hurt"}},{"block":"minecraft:ghast_tear","speed":2,"on_dig":{"event":"hurt"}},{"block":"minecraft:gilded_blackstone","speed":2,"on_dig":{"event":"hurt"}},{"block":"minecraft:glass","speed":2,"on_dig":{"event":"hurt"}},{"block":"minecraft:glass_bottle","speed":2,"on_dig":{"event":"hurt"}},{"block":"minecraft:glass_pane","speed":2,"on_dig":{"event":"hurt"}},{"block":"minecraft:glowstone","speed":2,"on_dig":{"event":"hurt"}},{"block":"minecraft:glowstone_dust","speed":2,"on_dig":{"event":"hurt"}},{"block":"minecraft:gold_block","speed":2,"on_dig":{"event":"hurt"}},{"block":"minecraft:gold_ingot","speed":2,"on_dig":{"event":"hurt"}},{"block":"minecraft:gold_nugget","speed":2,"on_dig":{"event":"hurt"}},{"block":"minecraft:gold_ore","speed":2,"on_dig":{"event":"hurt"}},{"block":"minecraft:golden_apple","speed":2,"on_dig":{"event":"hurt"}},{"block":"minecraft:golden_axe","speed":2,"on_dig":{"event":"hurt"}},{"block":"minecraft:golden_boots","speed":2,"on_dig":{"event":"hurt"}},{"block":"minecraft:golden_carrot","speed":2,"on_dig":{"event":"hurt"}},{"block":"minecraft:golden_chestplate","speed":2,"on_dig":{"event":"hurt"}},{"block":"minecraft:golden_helmet","speed":2,"on_dig":{"event":"hurt"}},{"block":"minecraft:golden_hoe","speed":2,"on_dig":{"event":"hurt"}},{"block":"minecraft:golden_leggings","speed":2,"on_dig":{"event":"hurt"}},{"block":"minecraft:golden_pickaxe","speed":2,"on_dig":{"event":"hurt"}},{"block":"minecraft:golden_rail","speed":2,"on_dig":{"event":"hurt"}},{"block":"minecraft:golden_shovel","speed":2,"on_dig":{"event":"hurt"}},{"block":"minecraft:golden_sword","speed":2,"on_dig":{"event":"hurt"}},{"block":"minecraft:granite_stairs","speed":2,"on_dig":{"event":"hurt"}},{"block":"minecraft:grass","speed":2,"on_dig":{"event":"hurt"}},{"block":"minecraft:grass_path","speed":2,"on_dig":{"event":"hurt"}},{"block":"minecraft:gravel","speed":2,"on_dig":{"event":"hurt"}},{"block":"minecraft:gray_glazed_terracotta","speed":2,"on_dig":{"event":"hurt"}},{"block":"minecraft:green_glazed_terracotta","speed":2,"on_dig":{"event":"hurt"}},{"block":"minecraft:grindstone","speed":2,"on_dig":{"event":"hurt"}},{"block":"minecraft:gunpowder","speed":2,"on_dig":{"event":"hurt"}},{"block":"minecraft:hardened_clay","speed":2,"on_dig":{"event":"hurt"}},{"block":"minecraft:hay_block","speed":2,"on_dig":{"event":"hurt"}},{"block":"minecraft:heart_of_the_sea","speed":2,"on_dig":{"event":"hurt"}},{"block":"minecraft:heavy_weighted_pressure_plate","speed":2,"on_dig":{"event":"hurt"}},{"block":"minecraft:honey_block","speed":2,"on_dig":{"event":"hurt"}},{"block":"minecraft:honey_bottle","speed":2,"on_dig":{"event":"hurt"}},{"block":"minecraft:honeycomb","speed":2,"on_dig":{"event":"hurt"}},{"block":"minecraft:honeycomb_block","speed":2,"on_dig":{"event":"hurt"}},{"block":"minecraft:hopper","speed":2,"on_dig":{"event":"hurt"}},{"block":"minecraft:hopper_minecart","speed":2,"on_dig":{"event":"hurt"}},{"block":"minecraft:horsearmordiamond","speed":2,"on_dig":{"event":"hurt"}},{"block":"minecraft:horsearmorgold","speed":2,"on_dig":{"event":"hurt"}},{"block":"minecraft:horsearmoriron","speed":2,"on_dig":{"event":"hurt"}},{"block":"minecraft:horsearmorleather","speed":2,"on_dig":{"event":"hurt"}},{"block":"minecraft:ice","speed":2,"on_dig":{"event":"hurt"}},{"block":"minecraft:iron_axe","speed":2,"on_dig":{"event":"hurt"}},{"block":"minecraft:iron_bars","speed":2,"on_dig":{"event":"hurt"}},{"block":"minecraft:iron_block","speed":2,"on_dig":{"event":"hurt"}},{"block":"minecraft:iron_boots","speed":2,"on_dig":{"event":"hurt"}},{"block":"minecraft:iron_chestplate","speed":2,"on_dig":{"event":"hurt"}},{"block":"minecraft:iron_door","speed":2,"on_dig":{"event":"hurt"}},{"block":"minecraft:iron_helmet","speed":2,"on_dig":{"event":"hurt"}},{"block":"minecraft:iron_hoe","speed":2,"on_dig":{"event":"hurt"}},{"block":"minecraft:iron_ingot","speed":2,"on_dig":{"event":"hurt"}},{"block":"minecraft:iron_leggings","speed":2,"on_dig":{"event":"hurt"}},{"block":"minecraft:iron_nugget","speed":2,"on_dig":{"event":"hurt"}},{"block":"minecraft:iron_ore","speed":2,"on_dig":{"event":"hurt"}},{"block":"minecraft:iron_pickaxe","speed":2,"on_dig":{"event":"hurt"}},{"block":"minecraft:iron_shovel","speed":2,"on_dig":{"event":"hurt"}},{"block":"minecraft:iron_sword","speed":2,"on_dig":{"event":"hurt"}},{"block":"minecraft:iron_trapdoor","speed":2,"on_dig":{"event":"hurt"}},{"block":"minecraft:jukebox","speed":2,"on_dig":{"event":"hurt"}},{"block":"minecraft:kelp","speed":2,"on_dig":{"event":"hurt"}},{"block":"minecraft:ladder","speed":2,"on_dig":{"event":"hurt"}},{"block":"minecraft:lantern","speed":2,"on_dig":{"event":"hurt"}},{"block":"minecraft:lapis_block","speed":2,"on_dig":{"event":"hurt"}},{"block":"minecraft:lapis_ore","speed":2,"on_dig":{"event":"hurt"}},{"block":"minecraft:lava","speed":2,"on_dig":{"event":"hurt"}},{"block":"minecraft:lead","speed":2,"on_dig":{"event":"hurt"}},{"block":"minecraft:leather","speed":2,"on_dig":{"event":"hurt"}},{"block":"minecraft:leather_boots","speed":2,"on_dig":{"event":"hurt"}},{"block":"minecraft:leather_chestplate","speed":2,"on_dig":{"event":"hurt"}},{"block":"minecraft:leather_helmet","speed":2,"on_dig":{"event":"hurt"}},{"block":"minecraft:leather_leggings","speed":2,"on_dig":{"event":"hurt"}},{"block":"minecraft:lectern","speed":2,"on_dig":{"event":"hurt"}},{"block":"minecraft:lever","speed":2,"on_dig":{"event":"hurt"}},{"block":"minecraft:light_blue_glazed_terracotta","speed":2,"on_dig":{"event":"hurt"}},{"block":"minecraft:light_weighted_pressure_plate","speed":2,"on_dig":{"event":"hurt"}},{"block":"minecraft:lime_glazed_terracotta","speed":2,"on_dig":{"event":"hurt"}},{"block":"minecraft:lingering_potion","speed":2,"on_dig":{"event":"hurt"}},{"block":"minecraft:lit_pumpkin","speed":2,"on_dig":{"event":"hurt"}},{"block":"minecraft:lodestone","speed":2,"on_dig":{"event":"hurt"}},{"block":"minecraft:loom","speed":2,"on_dig":{"event":"hurt"}},{"block":"minecraft:magenta_glazed_terracotta","speed":2,"on_dig":{"event":"hurt"}},{"block":"minecraft:magma","speed":2,"on_dig":{"event":"hurt"}},{"block":"minecraft:magma_cream","speed":2,"on_dig":{"event":"hurt"}},{"block":"minecraft:melon","speed":2,"on_dig":{"event":"hurt"}},{"block":"minecraft:melon_block","speed":2,"on_dig":{"event":"hurt"}},{"block":"minecraft:melon_seeds","speed":2,"on_dig":{"event":"hurt"}},{"block":"minecraft:minecart","speed":2,"on_dig":{"event":"hurt"}},{"block":"minecraft:mob_spawner","speed":2,"on_dig":{"event":"hurt"}},{"block":"minecraft:mossy_cobblestone","speed":2,"on_dig":{"event":"hurt"}},{"block":"minecraft:mossy_cobblestone_stairs","speed":2,"on_dig":{"event":"hurt"}},{"block":"minecraft:mossy_stone_brick_stairs","speed":2,"on_dig":{"event":"hurt"}},{"block":"minecraft:mushroom_stew","speed":2,"on_dig":{"event":"hurt"}},{"block":"minecraft:muttoncooked","speed":2,"on_dig":{"event":"hurt"}},{"block":"minecraft:muttonraw","speed":2,"on_dig":{"event":"hurt"}},{"block":"minecraft:mycelium","speed":2,"on_dig":{"event":"hurt"}},{"block":"minecraft:name_tag","speed":2,"on_dig":{"event":"hurt"}},{"block":"minecraft:nautilus_shell","speed":2,"on_dig":{"event":"hurt"}},{"block":"minecraft:nether_brick","speed":2,"on_dig":{"event":"hurt"}},{"block":"minecraft:nether_brick_fence","speed":2,"on_dig":{"event":"hurt"}},{"block":"minecraft:nether_brick_stairs","speed":2,"on_dig":{"event":"hurt"}},{"block":"minecraft:nether_gold_ore","speed":2,"on_dig":{"event":"hurt"}},{"block":"minecraft:nether_sprouts","speed":2,"on_dig":{"event":"hurt"}},{"block":"minecraft:nether_wart","speed":2,"on_dig":{"event":"hurt"}},{"block":"minecraft:nether_wart_block","speed":2,"on_dig":{"event":"hurt"}},{"block":"minecraft:netherbrick","speed":2,"on_dig":{"event":"hurt"}},{"block":"minecraft:netherite_axe","speed":2,"on_dig":{"event":"hurt"}},{"block":"minecraft:netherite_block","speed":2,"on_dig":{"event":"hurt"}},{"block":"minecraft:netherite_boots","speed":2,"on_dig":{"event":"hurt"}},{"block":"minecraft:netherite_chestplate","speed":2,"on_dig":{"event":"hurt"}},{"block":"minecraft:netherite_helmet","speed":2,"on_dig":{"event":"hurt"}},{"block":"minecraft:netherite_hoe","speed":2,"on_dig":{"event":"hurt"}},{"block":"minecraft:netherite_ingot","speed":2,"on_dig":{"event":"hurt"}},{"block":"minecraft:netherite_leggings","speed":2,"on_dig":{"event":"hurt"}},{"block":"minecraft:netherite_pickaxe","speed":2,"on_dig":{"event":"hurt"}},{"block":"minecraft:netherite_scrap","speed":2,"on_dig":{"event":"hurt"}},{"block":"minecraft:netherite_shovel","speed":2,"on_dig":{"event":"hurt"}},{"block":"minecraft:netherite_sword","speed":2,"on_dig":{"event":"hurt"}},{"block":"minecraft:netherrack","speed":2,"on_dig":{"event":"hurt"}},{"block":"minecraft:netherstar","speed":2,"on_dig":{"event":"hurt"}},{"block":"minecraft:normal_stone_stairs","speed":2,"on_dig":{"event":"hurt"}},{"block":"minecraft:noteblock","speed":2,"on_dig":{"event":"hurt"}},{"block":"minecraft:observer","speed":2,"on_dig":{"event":"hurt"}},{"block":"minecraft:obsidian","speed":2,"on_dig":{"event":"hurt"}},{"block":"minecraft:orange_glazed_terracotta","speed":2,"on_dig":{"event":"hurt"}},{"block":"minecraft:packed_ice","speed":2,"on_dig":{"event":"hurt"}},{"block":"minecraft:painting","speed":2,"on_dig":{"event":"hurt"}},{"block":"minecraft:paper","speed":2,"on_dig":{"event":"hurt"}},{"block":"minecraft:phantom_membrane","speed":2,"on_dig":{"event":"hurt"}},{"block":"minecraft:pink_glazed_terracotta","speed":2,"on_dig":{"event":"hurt"}},{"block":"minecraft:piston","speed":2,"on_dig":{"event":"hurt"}},{"block":"minecraft:podzol","speed":2,"on_dig":{"event":"hurt"}},{"block":"minecraft:poisonous_potato","speed":2,"on_dig":{"event":"hurt"}},{"block":"minecraft:polished_andesite_stairs","speed":2,"on_dig":{"event":"hurt"}},{"block":"minecraft:polished_basalt","speed":2,"on_dig":{"event":"hurt"}},{"block":"minecraft:polished_blackstone","speed":2,"on_dig":{"event":"hurt"}},{"block":"minecraft:polished_blackstone_brick_slab","speed":2,"on_dig":{"event":"hurt"}},{"block":"minecraft:polished_blackstone_brick_stairs","speed":2,"on_dig":{"event":"hurt"}},{"block":"minecraft:polished_blackstone_brick_wall","speed":2,"on_dig":{"event":"hurt"}},{"block":"minecraft:polished_blackstone_bricks","speed":2,"on_dig":{"event":"hurt"}},{"block":"minecraft:polished_blackstone_pressure_plate","speed":2,"on_dig":{"event":"hurt"}},{"block":"minecraft:polished_blackstone_slab","speed":2,"on_dig":{"event":"hurt"}},{"block":"minecraft:polished_blackstone_stairs","speed":2,"on_dig":{"event":"hurt"}},{"block":"minecraft:polished_blackstone_wall","speed":2,"on_dig":{"event":"hurt"}},{"block":"minecraft:polished_diorite_stairs","speed":2,"on_dig":{"event":"hurt"}},{"block":"minecraft:polished_granite_stairs","speed":2,"on_dig":{"event":"hurt"}},{"block":"minecraft:porkchop","speed":2,"on_dig":{"event":"hurt"}},{"block":"minecraft:potato","speed":2,"on_dig":{"event":"hurt"}},{"block":"minecraft:potion","speed":2,"on_dig":{"event":"hurt"}},{"block":"minecraft:prismarine","speed":2,"on_dig":{"event":"hurt"}},{"block":"minecraft:prismarine_bricks_stairs","speed":2,"on_dig":{"event":"hurt"}},{"block":"minecraft:prismarine_crystals","speed":2,"on_dig":{"event":"hurt"}},{"block":"minecraft:prismarine_shard","speed":2,"on_dig":{"event":"hurt"}},{"block":"minecraft:prismarine_stairs","speed":2,"on_dig":{"event":"hurt"}},{"block":"minecraft:pufferfish","speed":2,"on_dig":{"event":"hurt"}},{"block":"minecraft:pumpkin","speed":2,"on_dig":{"event":"hurt"}},{"block":"minecraft:pumpkin_pie","speed":2,"on_dig":{"event":"hurt"}},{"block":"minecraft:pumpkin_seeds","speed":2,"on_dig":{"event":"hurt"}},{"block":"minecraft:purple_glazed_terracotta","speed":2,"on_dig":{"event":"hurt"}},{"block":"minecraft:purpur_block","speed":2,"on_dig":{"event":"hurt"}},{"block":"minecraft:purpur_stairs","speed":2,"on_dig":{"event":"hurt"}},{"block":"minecraft:quartz","speed":2,"on_dig":{"event":"hurt"}},{"block":"minecraft:quartz_block","speed":2,"on_dig":{"event":"hurt"}},{"block":"minecraft:quartz_bricks","speed":2,"on_dig":{"event":"hurt"}},{"block":"minecraft:quartz_ore","speed":2,"on_dig":{"event":"hurt"}},{"block":"minecraft:quartz_stairs","speed":2,"on_dig":{"event":"hurt"}},{"block":"minecraft:rabbit","speed":2,"on_dig":{"event":"hurt"}},{"block":"minecraft:rabbit_foot","speed":2,"on_dig":{"event":"hurt"}},{"block":"minecraft:rabbit_hide","speed":2,"on_dig":{"event":"hurt"}},{"block":"minecraft:rabbit_stew","speed":2,"on_dig":{"event":"hurt"}},{"block":"minecraft:rail","speed":2,"on_dig":{"event":"hurt"}},{"block":"minecraft:record_11","speed":2,"on_dig":{"event":"hurt"}},{"block":"minecraft:record_13","speed":2,"on_dig":{"event":"hurt"}},{"block":"minecraft:record_blocks","speed":2,"on_dig":{"event":"hurt"}},{"block":"minecraft:record_cat","speed":2,"on_dig":{"event":"hurt"}},{"block":"minecraft:record_chirp","speed":2,"on_dig":{"event":"hurt"}},{"block":"minecraft:record_far","speed":2,"on_dig":{"event":"hurt"}},{"block":"minecraft:record_mall","speed":2,"on_dig":{"event":"hurt"}},{"block":"minecraft:record_mellohi","speed":2,"on_dig":{"event":"hurt"}},{"block":"minecraft:record_pigstep","speed":2,"on_dig":{"event":"hurt"}},{"block":"minecraft:record_stal","speed":2,"on_dig":{"event":"hurt"}},{"block":"minecraft:record_strad","speed":2,"on_dig":{"event":"hurt"}},{"block":"minecraft:record_wait","speed":2,"on_dig":{"event":"hurt"}},{"block":"minecraft:record_ward","speed":2,"on_dig":{"event":"hurt"}},{"block":"minecraft:red_flower","speed":2,"on_dig":{"event":"hurt"}},{"block":"minecraft:red_glazed_terracotta","speed":2,"on_dig":{"event":"hurt"}},{"block":"minecraft:red_mushroom","speed":2,"on_dig":{"event":"hurt"}},{"block":"minecraft:red_mushroom_block","speed":2,"on_dig":{"event":"hurt"}},{"block":"minecraft:red_nether_brick","speed":2,"on_dig":{"event":"hurt"}},{"block":"minecraft:red_nether_brick_stairs","speed":2,"on_dig":{"event":"hurt"}},{"block":"minecraft:red_sandstone","speed":2,"on_dig":{"event":"hurt"}},{"block":"minecraft:red_sandstone_stairs","speed":2,"on_dig":{"event":"hurt"}},{"block":"minecraft:redstone","speed":2,"on_dig":{"event":"hurt"}},{"block":"minecraft:redstone_block","speed":2,"on_dig":{"event":"hurt"}},{"block":"minecraft:redstone_lamp","speed":2,"on_dig":{"event":"hurt"}},{"block":"minecraft:redstone_ore","speed":2,"on_dig":{"event":"hurt"}},{"block":"minecraft:redstone_torch","speed":2,"on_dig":{"event":"hurt"}},{"block":"minecraft:reeds","speed":2,"on_dig":{"event":"hurt"}},{"block":"minecraft:repeater","speed":2,"on_dig":{"event":"hurt"}},{"block":"minecraft:repeating_command_block","speed":2,"on_dig":{"event":"hurt"}},{"block":"minecraft:respawn_anchor","speed":2,"on_dig":{"event":"hurt"}},{"block":"minecraft:rotten_flesh","speed":2,"on_dig":{"event":"hurt"}},{"block":"minecraft:saddle","speed":2,"on_dig":{"event":"hurt"}},{"block":"minecraft:salmon","speed":2,"on_dig":{"event":"hurt"}},{"block":"minecraft:sand","speed":2,"on_dig":{"event":"hurt"}},{"block":"minecraft:sandstone","speed":2,"on_dig":{"event":"hurt"}},{"block":"minecraft:sandstone_stairs","speed":2,"on_dig":{"event":"hurt"}},{"block":"minecraft:scaffolding","speed":2,"on_dig":{"event":"hurt"}},{"block":"minecraft:sea_pickle","speed":2,"on_dig":{"event":"hurt"}},{"block":"minecraft:seagrass","speed":2,"on_dig":{"event":"hurt"}},{"block":"minecraft:sealantern","speed":2,"on_dig":{"event":"hurt"}},{"block":"minecraft:shears","speed":2,"on_dig":{"event":"hurt"}},{"block":"minecraft:shield","speed":2,"on_dig":{"event":"hurt"}},{"block":"minecraft:shroomlight","speed":2,"on_dig":{"event":"hurt"}},{"block":"minecraft:shulker_box","speed":2,"on_dig":{"event":"hurt"}},{"block":"minecraft:shulker_shell","speed":2,"on_dig":{"event":"hurt"}},{"block":"minecraft:silver_glazed_terracotta","speed":2,"on_dig":{"event":"hurt"}},{"block":"minecraft:skull","speed":2,"on_dig":{"event":"hurt"}},{"block":"minecraft:slime","speed":2,"on_dig":{"event":"hurt"}},{"block":"minecraft:slime_ball","speed":2,"on_dig":{"event":"hurt"}},{"block":"minecraft:smithing_table","speed":2,"on_dig":{"event":"hurt"}},{"block":"minecraft:smoker","speed":2,"on_dig":{"event":"hurt"}},{"block":"minecraft:smooth_quartz_stairs","speed":2,"on_dig":{"event":"hurt"}},{"block":"minecraft:smooth_red_sandstone_stairs","speed":2,"on_dig":{"event":"hurt"}},{"block":"minecraft:smooth_sandstone_stairs","speed":2,"on_dig":{"event":"hurt"}},{"block":"minecraft:smooth_stone","speed":2,"on_dig":{"event":"hurt"}},{"block":"minecraft:snow","speed":2,"on_dig":{"event":"hurt"}},{"block":"minecraft:snow_layer","speed":2,"on_dig":{"event":"hurt"}},{"block":"minecraft:snowball","speed":2,"on_dig":{"event":"hurt"}},{"block":"minecraft:soul_campfire","speed":2,"on_dig":{"event":"hurt"}},{"block":"minecraft:soul_lantern","speed":2,"on_dig":{"event":"hurt"}},{"block":"minecraft:soul_sand","speed":2,"on_dig":{"event":"hurt"}},{"block":"minecraft:soul_soil","speed":2,"on_dig":{"event":"hurt"}},{"block":"minecraft:soul_torch","speed":2,"on_dig":{"event":"hurt"}},{"block":"minecraft:spawn_egg","speed":2,"on_dig":{"event":"hurt"}},{"block":"minecraft:speckled_melon","speed":2,"on_dig":{"event":"hurt"}},{"block":"minecraft:spider_eye","speed":2,"on_dig":{"event":"hurt"}},{"block":"minecraft:splash_potion","speed":2,"on_dig":{"event":"hurt"}},{"block":"minecraft:sponge","speed":2,"on_dig":{"event":"hurt"}},{"block":"minecraft:stained_glass","speed":2,"on_dig":{"event":"hurt"}},{"block":"minecraft:stained_glass_pane","speed":2,"on_dig":{"event":"hurt"}},{"block":"minecraft:stained_hardened_clay","speed":2,"on_dig":{"event":"hurt"}},{"block":"minecraft:stick","speed":2,"on_dig":{"event":"hurt"}},{"block":"minecraft:sticky_piston","speed":2,"on_dig":{"event":"hurt"}},{"block":"minecraft:stone","speed":2,"on_dig":{"event":"hurt"}},{"block":"minecraft:stone_axe","speed":2,"on_dig":{"event":"hurt"}},{"block":"minecraft:stone_brick_stairs","speed":2,"on_dig":{"event":"hurt"}},{"block":"minecraft:stone_hoe","speed":2,"on_dig":{"event":"hurt"}},{"block":"minecraft:stone_pickaxe","speed":2,"on_dig":{"event":"hurt"}},{"block":"minecraft:stone_shovel","speed":2,"on_dig":{"event":"hurt"}},{"block":"minecraft:stone_slab","speed":2,"on_dig":{"event":"hurt"}},{"block":"minecraft:stone_slab2","speed":2,"on_dig":{"event":"hurt"}},{"block":"minecraft:stone_slab3","speed":2,"on_dig":{"event":"hurt"}},{"block":"minecraft:stone_slab4","speed":2,"on_dig":{"event":"hurt"}},{"block":"minecraft:stone_stairs","speed":2,"on_dig":{"event":"hurt"}},{"block":"minecraft:stone_sword","speed":2,"on_dig":{"event":"hurt"}},{"block":"minecraft:stonebrick","speed":2,"on_dig":{"event":"hurt"}},{"block":"minecraft:stonecutter_block","speed":2,"on_dig":{"event":"hurt"}},{"block":"minecraft:string","speed":2,"on_dig":{"event":"hurt"}},{"block":"minecraft:stripped_crimson_hyphae","speed":2,"on_dig":{"event":"hurt"}},{"block":"minecraft:stripped_crimson_stem","speed":2,"on_dig":{"event":"hurt"}},{"block":"minecraft:stripped_warped_hyphae","speed":2,"on_dig":{"event":"hurt"}},{"block":"minecraft:stripped_warped_stem","speed":2,"on_dig":{"event":"hurt"}},{"block":"minecraft:structure_block","speed":2,"on_dig":{"event":"hurt"}},{"block":"minecraft:sugar","speed":2,"on_dig":{"event":"hurt"}},{"block":"minecraft:sweet_berries","speed":2,"on_dig":{"event":"hurt"}},{"block":"minecraft:tallgrass","speed":2,"on_dig":{"event":"hurt"}},{"block":"minecraft:target","speed":2,"on_dig":{"event":"hurt"}},{"block":"minecraft:tnt","speed":2,"on_dig":{"event":"hurt"}},{"block":"minecraft:tnt_minecart","speed":2,"on_dig":{"event":"hurt"}},{"block":"minecraft:torch","speed":2,"on_dig":{"event":"hurt"}},{"block":"minecraft:totem","speed":2,"on_dig":{"event":"hurt"}},{"block":"minecraft:trapped_chest","speed":2,"on_dig":{"event":"hurt"}},{"block":"minecraft:trident","speed":2,"on_dig":{"event":"hurt"}},{"block":"minecraft:tripwire_hook","speed":2,"on_dig":{"event":"hurt"}},{"block":"minecraft:turtle_egg","speed":2,"on_dig":{"event":"hurt"}},{"block":"minecraft:turtle_helmet","speed":2,"on_dig":{"event":"hurt"}},{"block":"minecraft:turtle_shell_piece","speed":2,"on_dig":{"event":"hurt"}},{"block":"minecraft:twisting_vines","speed":2,"on_dig":{"event":"hurt"}},{"block":"minecraft:undyed_shulker_box","speed":2,"on_dig":{"event":"hurt"}},{"block":"minecraft:vine","speed":2,"on_dig":{"event":"hurt"}},{"block":"minecraft:warped_door","speed":2,"on_dig":{"event":"hurt"}},{"block":"minecraft:warped_fence","speed":2,"on_dig":{"event":"hurt"}},{"block":"minecraft:warped_fence_gate","speed":2,"on_dig":{"event":"hurt"}},{"block":"minecraft:warped_fungus","speed":2,"on_dig":{"event":"hurt"}},{"block":"minecraft:warped_fungus_on_a_stick","speed":2,"on_dig":{"event":"hurt"}},{"block":"minecraft:warped_hyphae","speed":2,"on_dig":{"event":"hurt"}},{"block":"minecraft:warped_nylium","speed":2,"on_dig":{"event":"hurt"}},{"block":"minecraft:warped_planks","speed":2,"on_dig":{"event":"hurt"}},{"block":"minecraft:warped_roots","speed":2,"on_dig":{"event":"hurt"}},{"block":"minecraft:warped_sign","speed":2,"on_dig":{"event":"hurt"}},{"block":"minecraft:warped_slab","speed":2,"on_dig":{"event":"hurt"}},{"block":"minecraft:warped_stairs","speed":2,"on_dig":{"event":"hurt"}},{"block":"minecraft:warped_stem","speed":2,"on_dig":{"event":"hurt"}},{"block":"minecraft:warped_trapdoor","speed":2,"on_dig":{"event":"hurt"}},{"block":"minecraft:warped_wart_block","speed":2,"on_dig":{"event":"hurt"}},{"block":"minecraft:water","speed":2,"on_dig":{"event":"hurt"}},{"block":"minecraft:waterlily","speed":2,"on_dig":{"event":"hurt"}},{"block":"minecraft:web","speed":2,"on_dig":{"event":"hurt"}},{"block":"minecraft:weeping_vines","speed":2,"on_dig":{"event":"hurt"}},{"block":"minecraft:wheat","speed":2,"on_dig":{"event":"hurt"}},{"block":"minecraft:wheat_seeds","speed":2,"on_dig":{"event":"hurt"}},{"block":"minecraft:white_glazed_terracotta","speed":2,"on_dig":{"event":"hurt"}},{"block":"minecraft:wither_rose","speed":2,"on_dig":{"event":"hurt"}},{"block":"minecraft:wooden_axe","speed":2,"on_dig":{"event":"hurt"}},{"block":"minecraft:wooden_hoe","speed":2,"on_dig":{"event":"hurt"}},{"block":"minecraft:wooden_pickaxe","speed":2,"on_dig":{"event":"hurt"}},{"block":"minecraft:wooden_shovel","speed":2,"on_dig":{"event":"hurt"}},{"block":"minecraft:wooden_sword","speed":2,"on_dig":{"event":"hurt"}},{"block":"minecraft:wool","speed":2,"on_dig":{"event":"hurt"}},{"block":"minecraft:writable_book","speed":2,"on_dig":{"event":"hurt"}},{"block":"minecraft:written_book","speed":2,"on_dig":{"event":"hurt"}},{"block":"minecraft:yellow_flower","speed":2,"on_dig":{"event":"hurt"}},{"block":"minecraft:yellow_glazed_terracotta","speed":2,"on_dig":{"event":"hurt"}}]},"minecraft:weapon":{"on_hurt_entity":{"event":"hurt"},"on_not_hurt_entity":{"event":"hurt"},"on_hit_block":{"event":"hurt"}},"minecraft:render_offsets":{"main_hand":{"third_person":{"scale":[0.1,0.1,0.1]},"first_person":{"scale":[0.037999999999977205,0.037999999999977205,0.037999999999977205]}},"off_hand":{"third_person":{"scale":[0.1,0.1,0.1]},"first_person":{"scale":[0.037999999999977205,0.037999999999977205,0.037999999999977205]}}},"minecraft:display_name":{"value":"波奇塔"},"tag:minecraft:is_axe":{}},"events":{"on_use_event":{"sequence":[{"damage":{"type":"magic","amount":1,"target":"self"}}]},"hurt":{"damage":{"type":"magic","amount":1,"target":"self"}}}}}