{
	"format_version": "1.8.0",
	"animations": {
		"animation.entity_chainsaw.dazhao": {
			"animation_length": 1.83333,
			"bones": {
				"waist": {
					"rotation": {
						"0.7083": [0, 0, 0],
						"0.875": [0, 360, 0],
						"1.0833": [0, 720, 0]
					},
					"position": [0, 0, 0]
				},
				"rightArm": {
					"rotation": {
						"0.0": [0, 0, 0],
						"0.625": [0, 0, 87.5],
						"1.25": [0, 0, 87.5],
						"1.6667": [0, 0, 0]
					},
					"position": [0, 0, 0]
				},
				"leftArm": {
					"rotation": {
						"0.0": [0, 0, 0],
						"0.625": [0, 0, -87.5],
						"1.25": [0, 0, -87.5],
						"1.6667": [0, 0, 0]
					},
					"position": [0, 0, 0]
				},
				"bone7": {
					"rotation": {
						"1.0833": [0, 0, 0],
						"1.2917": [7.5, 0, 0],
						"1.5833": [7.5, 0, 0],
						"1.7917": [0, 0, 0]
					},
					"position": {
						"1.0833": [0, 0, 0],
						"1.2917": [0, 0, 2],
						"1.5833": [0, 0, 2],
						"1.7917": [0, 0, 0]
					}
				},
				"bone8": {
					"rotation": {
						"1.0833": [0, 0, 0],
						"1.2917": [10, 0, 0],
						"1.5833": [10, 0, 0],
						"1.7917": [0, 0, 0]
					},
					"position": {
						"1.0833": [0, 0, 0],
						"1.2917": [0, 0, 0],
						"1.5833": [0, 0, 0],
						"1.7917": [0, 0, 0]
					}
				},
				"bone9": {
					"rotation": {
						"1.0833": [0, 0, 0],
						"1.2917": [0, 0, 0],
						"1.5833": [0, 0, 0],
						"1.7917": [0, 0, 0]
					},
					"position": {
						"1.0833": [0, 0, 0],
						"1.2917": [0, 0, -1],
						"1.5833": [0, 0, -1],
						"1.7917": [0, 0, 0]
					}
				},
				"bone10": {
					"rotation": {
						"1.0833": [0, 0, 0],
						"1.2917": [-12.5, 0, 0],
						"1.5833": [-12.5, 0, 0],
						"1.7917": [0, 0, 0]
					},
					"position": {
						"1.0833": [0, 0, 0],
						"1.2917": [0, 0, 0],
						"1.5833": [0, 0, 0],
						"1.7917": [0, 0, 0]
					}
				}
			}
		}
	}
}