{
	"format_version": "1.8.0",
	"animations": {
		"animation.entity_chainsaw.pikan": {
			"loop": "hold_on_last_frame",
			"animation_length": 1.5,
			"bones": {
				"rightArm": {
					"rotation": {
						"0.0": [0, 0, 0],
						"0.3333": [-85.51784, 14.98328, -40.25057],
						"0.6667": [-20.52, 14.98, -40.25],
						"1.25": [-0.9266, -1.0295, -0.25021]
					},
					"position": {
						"0.0": [0, 0, 0],
						"0.3333": [0, 0, 0]
					},
					"scale": 1
				},
				"leftArm": {
					"rotation": [0, 0, 0],
					"position": [0, 0, 0],
					"scale": 1
				},
				"head": {
					"rotation": {
						"0.0": [0, 0, 0],
						"0.4583": [7.5, 0, 0],
						"1.125": [0, 0, 0]
					},
					"position": {
						"0.0": [0, 0, 0],
						"0.4583": [0, 0, 0]
					}
				},
				"bone7": {
					"rotation": {
						"0.0": [0, 0, 0],
						"0.125": [7.5, 0, 0],
						"0.8333": [7.5, 0, 0],
						"1.0417": [0, 0, 0]
					},
					"position": {
						"0.0": [0, 0, 0],
						"0.125": [0, 0, 1],
						"0.8333": [0, 0, 1],
						"1.0417": [0, 0, 0]
					},
					"scale": {
						"0.0": [1, 1, 1],
						"0.8333": [1, 1, 1]
					}
				},
				"bone8": {
					"rotation": {
						"0.0": [0, 0, 0],
						"0.125": [15, 0, 0],
						"0.8333": [15, 0, 0],
						"1.0417": [0, 0, 0]
					},
					"position": {
						"0.0": [0, 0, 0],
						"0.125": [0, 0, -1],
						"0.8333": [0, 0, -1],
						"1.0417": [0, 0, 0]
					},
					"scale": {
						"0.0": [1, 1, 1],
						"0.8333": [1, 1, 1]
					}
				},
				"bone9": {
					"rotation": {
						"0.0": [0, 0, 0],
						"0.125": [2.5, 0, 0],
						"0.8333": [2.5, 0, 0],
						"1.0417": [0, 0, 0]
					},
					"position": {
						"0.0": [0, 0, 0],
						"0.125": [0, 0, -2],
						"0.8333": [0, 0, -2],
						"1.0417": [0, 0, 0]
					},
					"scale": 1
				},
				"bone10": {
					"rotation": {
						"0.0": [0, 0, 0],
						"0.125": [-17.5, 0, 0],
						"0.8333": [-17.5, 0, 0],
						"1.0417": [0, 0, 0]
					},
					"position": {
						"0.0": [0, 0, 0],
						"0.125": [0, 0, 0],
						"0.8333": [0, 0, 0],
						"1.0417": [0, 0, 0]
					},
					"scale": {
						"0.0": [1, 1, 1],
						"0.8333": [1, 1, 1]
					}
				}
			}
		}
	}
}