{
	"format_version": "1.8.0",
	"animations": {
		"animation.entity_chainsaw.shuangshou": {
			"loop": "hold_on_last_frame",
			"animation_length": 2.33333,
			"bones": {
				"rightArm": {
					"rotation": {
						"0.0": [0, 0, 0],
						"0.4167": [-89.29133, 21.63471, -34.50269],
						"0.7917": [-39.29, 21.63, -34.5],
						"1.0833": [0.00055, 5.10724, 1.06186]
					},
					"position": [0, 0, 0],
					"scale": 1
				},
				"leftArm": {
					"rotation": {
						"0.0": [0, 0, 0],
						"0.9167": [0, 0, 0],
						"1.125": [-85.52972, -14.36495, 23.70348],
						"1.375": [-38.03, -14.36, 23.7],
						"1.5417": [1.4892, 1.96361, -2.16513]
					},
					"position": {
						"0.0": [0, 0, 0],
						"0.9167": [0, 0, 0]
					},
					"scale": {
						"0.0": [1, 1, 1],
						"0.9167": [1, 1, 1]
					}
				},
				"bone7": {
					"rotation": {
						"0.0": [0, 0, 0],
						"0.125": [7.5, 0, 0],
						"1.4167": [7.5, 0, 0],
						"1.625": [0, 0, 0]
					},
					"position": {
						"0.0": [0, 0, 0],
						"0.125": [0, 0, 1],
						"1.4167": [0, 0, 1],
						"1.625": [0, 0, 0]
					},
					"scale": {
						"0.0": [1, 1, 1],
						"1.4167": [1, 1, 1]
					}
				},
				"bone8": {
					"rotation": {
						"0.0": [0, 0, 0],
						"0.125": [15, 0, 0],
						"1.4167": [15, 0, 0],
						"1.625": [0, 0, 0]
					},
					"position": {
						"0.0": [0, 0, 0],
						"0.125": [0, 0, -1],
						"1.4167": [0, 0, -1],
						"1.625": [0, 0, 0]
					},
					"scale": {
						"0.0": [1, 1, 1],
						"1.4167": [1, 1, 1]
					}
				},
				"bone9": {
					"rotation": {
						"0.0": [0, 0, 0],
						"0.125": [2.5, 0, 0],
						"1.4167": [2.5, 0, 0],
						"1.6667": [0, 0, 0]
					},
					"position": {
						"0.0": [0, 0, 0],
						"0.125": [0, 0, -2],
						"1.4167": [0, 0, -2],
						"1.6667": [0, 0, 0]
					},
					"scale": 1
				},
				"bone10": {
					"rotation": {
						"0.0": [0, 0, 0],
						"0.125": [-17.5, 0, 0],
						"1.4167": [-17.5, 0, 0],
						"1.6667": [0, 0, 0]
					},
					"position": {
						"0.0": [0, 0, 0],
						"0.125": [0, 0, 0],
						"1.4167": [0, 0, 0],
						"1.6667": [0, 0, 0]
					},
					"scale": {
						"0.0": [1, 1, 1],
						"1.4167": [1, 1, 1]
					}
				}
			}
		}
	}
}