{
  "format_version": "1.10.0",
  "animations": {
    "animation.item_pocta.first_person": {
      "loop": true,
      "bones": {
        "rightitem": {
          "position": [
            -5.0,
            35.0,
            -5.5
          ],
          "rotation": [
            0.0,
            0.0,
            180.0
          ]
        }
      }
    },
    "animation.item_pocta.third_person": {
      "loop": true,
      "bones": {
        "rightitem": {
          "position": [
            0,
            22,
            5
          ],
          "rotation": [
            90,
            0,
            90
          ]
        }
      }
    }
  }
}