{
  "resource_pack_name": "vanilla",
  "texture_name": "atlas.items",
  "texture_data": {
    "egg_camel": {
      "textures": "textures/items/egg_camel"
    },
    "egg_lion": {
      "textures": "textures/items/egg_lion"
    },
    "egg_penguin": {
      "textures": "textures/items/egg_penguin"
    },
    "egg_tiger": {
      "textures": "textures/items/egg_tiger"
    },
    "egg_elephant": {
      "textures": "textures/items/egg_elephant"
    },
    "egg_deer": {
      "textures": "textures/items/egg_deer"
    },
    "egg_panther": {
      "textures": "textures/items/egg_panther"
    },
    "egg_frog": {
      "textures": "textures/items/egg_frog"
    },
    "egg_crocodile": {
      "textures": "textures/items/egg_crocodile"
    },
    "egg_mouse": {
      "textures": "textures/items/egg_mouse"
    },
    "gallardo": {
      "textures": "textures/items/gallardo"
    },
    "bench": {
      "textures": "textures/items/bench"
    },
    "christmas_tree": {
      "textures": "textures/items/christmas_tree"
    },
    "tivi": {
      "textures": "textures/items/tivi"
    },
    "closet": {
      "textures": "textures/items/closet"
    },
    "laptop": {
      "textures": "textures/items/laptop"
    },
    "piano": {
      "textures": "textures/items/piano"
    },
    "armchairs": {
      "textures": "textures/items/armchairs"
    },
    "chair": {
      "textures": "textures/items/chair"
    },
    "big_table": {
      "textures": "textures/items/big_table"
    },
    "small_table": {
      "textures": "textures/items/small_table"
    },
    "drone": {
      "textures": "textures/items/drone"
    },
    "colorful_gifts": {
      "textures": "textures/items/colorful_gifts"
    },
    "armor_public": {
      "textures": [
        "textures/items/pamobile/armor_public"
      ]
    },
    "entity:knife": {
      "textures": "textures/items/pamobile/entity_knife"
    },
    "entity:chainsaw": {
      "textures": "textures/items/pamobile/entity_chainsaw"
    },
    "entity:tomato_devil": {
      "textures": "textures/items/pamobile/entity_tomato_devil"
    },
    "entity:pocta": {
      "textures": "textures/items/pamobile/entity_pocta"
    },
    "entity:chainsaw_devil": {
      "textures": "textures/items/pamobile/entity_chainsaw_devil"
    },
    "item:kou": {
      "textures": "textures/items/pamobile/item_kou"
    },
    "entity:shark_majin": {
      "textures": "textures/items/pamobile/entity_shark_majin"
    },
    "entity:bomb": {
      "textures": "textures/items/pamobile/entity_bomb"
    },
    "entity:fox": {
      "textures": "textures/items/pamobile/entity_fox"
    },
    "item_future_devil": {
      "textures": [
        "textures/items/pamobile/item_future_devil"
      ]
    },
    "entity:doll": {
      "textures": "textures/items/pamobile/entity_doll"
    },
    "entity:violence_majin": {
      "textures": "textures/items/pamobile/entity_violence_majin"
    },
    "entity:future_devil": {
      "textures": "textures/items/pamobile/entity_future_devil"
    },
    "entity:dark_devil": {
      "textures": "textures/items/pamobile/entity_dark_devil"
    },
    "item:recover_man": {
      "textures": "textures/items/pamobile/item_recover_man"
    },
    "armor_chainsaw_man1": {
      "textures": [
        "textures/items/pamobile/armor_chainsaw_man1"
      ]
    },
    "armor_knife": {
      "textures": [
        "textures/items/pamobile/armor_knife"
      ]
    },
    "item:recover_boom": {
      "textures": "textures/items/pamobile/item_recover_boom"
    },
    "item:recover_knife": {
      "textures": "textures/items/pamobile/item_recover_knife"
    },
    "armor_boom": {
      "textures": [
        "textures/items/pamobile/armor_boom"
      ]
    },
    "item:chainsaw_range": {
      "textures": "textures/items/pamobile/item_chainsaw_range"
    },
    "weapon_boom1": {
      "textures": "textures/items/pamobile/weapon_boom1"
    },
    "entity:leech_devil": {
      "textures": "textures/items/pamobile/entity_leech_devil"
    },
    "entity:power": {
      "textures": "textures/items/pamobile/entity_power"
    },
    "item:hell": {
      "textures": "textures/items/pamobile/item_hell"
    },
    "item:mould_devil": {
      "textures": "textures/items/pamobile/item_mould_devil"
    },
    "entity:mould_devil": {
      "textures": "textures/items/pamobile/entity_mould_devil"
    },
    "entity:hell_devil": {
      "textures": "textures/items/pamobile/entity_hell_devil"
    },
    "entity:chicken_devil": {
      "textures": "textures/items/pamobile/entity_chicken_devil"
    },
    "item_chainsaw_man": {
      "textures": "textures/items/pamobile/item_chainsaw_man"
    },
    "item_boom": {
      "textures": "textures/items/pamobile/item_boom"
    },
    "item_knife": {
      "textures": "textures/items/pamobile/item_knife"
    },
    "item:blood": {
      "textures": "textures/items/pamobile/item_blood"
    },
    "entity:hell_hand": {
      "textures": "textures/items/pamobile/entity_hell_hand"
    },
    "entity:gun_majin": {
      "textures": "textures/items/pamobile/entity_gun_majin"
    },
    "entity:spear": {
      "textures": "textures/items/pamobile/entity_spear"
    },
    "entity:lash": {
      "textures": "textures/items/pamobile/entity_lash"
    },
    "entity:sword": {
      "textures": "textures/items/pamobile/entity_sword"
    },
    "item_lash": {
      "textures": "textures/items/pamobile/item_lash"
    },
    "armor_lash": {
      "textures": [
        "textures/items/pamobile/armor_lash"
      ]
    },
    "item:juhezhan": {
      "textures": "textures/items/pamobile/item_juhezhan"
    },
    "entity:zombie_devil": {
      "textures": "textures/items/pamobile/entity_zombie_devil"
    },
    "item:lash_attack": {
      "textures": "textures/items/pamobile/item_lash_attack"
    },
    "armor_spear": {
      "textures": [
        "textures/items/pamobile/armor_spear"
      ]
    },
    "item:recover_lash": {
      "textures": "textures/items/pamobile/item_recover_lash"
    },
    "armor_sword": {
      "textures": [
        "textures/items/pamobile/armor_sword"
      ]
    },
    "item:recover_spear": {
      "textures": "textures/items/pamobile/item_recover_spear"
    },
    "item_spear": {
      "textures": "textures/items/pamobile/item_spear"
    },
    "item_sword": {
      "textures": "textures/items/pamobile/item_sword"
    },
    "item:recover_sword": {
      "textures": "textures/items/pamobile/item_recover_sword"
    },
    "item:sword_attack": {
      "textures": "textures/items/pamobile/item_sword_attack"
    },
    "weopon_spear1": {
      "textures": "textures/items/pamobile/weopon_spear1"
    },
    "armor_pubilc_pants": {
      "textures": [
        "textures/items/pamobile/armor_pubilc_pants"
      ]
    },
    "armor_soldier": {
      "textures": [
        "textures/items/pamobile/armor_soldier"
      ]
    },
    "entity:angel": {
      "textures": "textures/items/pamobile/entity_angel"
    },
    "entity:soldier": {
      "textures": "textures/items/pamobile/entity_soldier"
    },
    "item_pocta": {
      "textures": "textures/items/pamobile/item_pocta"
    },
    "entity:gun_devil": {
      "textures": "textures/items/pamobile/entity_gun_devil"
    },
    "entity:makima": {
      "textures": "textures/items/pamobile/entity_makima"
    },
    "entity:muscle_devil": {
      "textures": "textures/items/pamobile/entity_muscle_devil"
    },
    "entity:flamethrower": {
      "textures": "textures/items/pamobile/entity_flamethrower"
    },
    "food:meat": {
      "textures": "textures/items/pamobile/food_meat"
    },
    "entity:makima2": {
      "textures": "textures/items/pamobile/entity_makima2"
    },
    "entity:arrow": {
      "textures": "textures/items/pamobile/entity_arrow"
    },
    "entity:makima3": {
      "textures": "textures/items/pamobile/entity_makima3"
    },
    "entity:zcq": {
      "textures": "textures/items/pamobile/entity_zcq"
    },
    "food:toast": {
      "textures": "textures/items/pamobile/food_toast"
    },
    "entity:eternal_devil1": {
      "textures": "textures/items/pamobile/entity_eternal_devil1"
    },
    "entity:gun_majindie": {
      "textures": "textures/items/pamobile/entity_gun_majindie"
    },
    "entity:eternal_devil2": {
      "textures": "textures/items/pamobile/entity_eternal_devil2"
    },
    "entity:typhoon_man": {
      "textures": "textures/items/pamobile/entity_typhoon_man"
    },
    "entity:ghost_devil": {
      "textures": "textures/items/pamobile/entity_ghost_devil"
    },
    "entity:typhoon_devil": {
      "textures": "textures/items/pamobile/entity_typhoon_devil"
    },
    "entity:bat_devil": {
      "textures": "textures/items/pamobile/entity_bat_devil"
    },
    "item_zhifu": {
      "textures": "textures/items/pamobile/item_zhifu"
    },
    "entity:war_devil": {
      "textures": "textures/items/pamobile/entity_war_devil"
    },
    "entity:cucumber_devil": {
      "textures": "textures/items/pamobile/entity_cucumber_devil"
    },
    "entity:war_devil2": {
      "textures": "textures/items/pamobile/entity_war_devil2"
    },
    "entity:doll_devil": {
      "textures": "textures/items/pamobile/entity_doll_devil"
    },
    "item_tianzong": {
      "textures": "textures/items/pamobile/item_tianzong"
    },
    "item:fly": {
      "textures": "textures/items/pamobile/item_fly"
    },
    "item_blood_b": {
      "textures": "textures/items/pamobile/item_blood_b"
    },
    "armor_power": {
      "textures": [
        "textures/items/pamobile/armor_power"
      ]
    },
    "item_small_blood": {
      "textures": "textures/items/pamobile/item_small_blood"
    },
    "item_big_blood": {
      "textures": "textures/items/pamobile/item_big_blood"
    },
    "item:chainsaw_range2": {
      "textures": "textures/items/pamobile/item_chainsaw_range2"
    },
    "item:chainsaw_range3": {
      "textures": "textures/items/pamobile/item_chainsaw_range3"
    },
    "item:recover_blood": {
      "textures": "textures/items/pamobile/item_recover_blood"
    },
    "entity:justice_devil": {
      "textures": "textures/items/pamobile/entity_justice_devil"
    },
    "item_youzi": {
      "textures": "textures/items/pamobile/item_youzi"
    }
  }
}