{
  "id": "1668862517385",
  "name": "makimafood",
  "pools": [
    {
      "rolls": 5,
      "entries": [
        {
          "type": "item",
          "weight": 1,
          "name": "food:meat",
          "functions": [
            {
              "function": "set_count",
              "count": {
                "min": 1,
                "max": 1
              }
            },
            {
              "function": "set_data",
              "data": 0
            }
          ]
        }
      ]
    }
  ]
}